p93;i_6_p9;i_2_p9;p4;p1;p3;p5;region;p7;p92;p84;p91;p96;p10;p8;p81;p83;folio_encuesta;fecha;diferencia_edad_pareja;anios_convivencia_aprox
1;4;4;37;2;2;7;1;8;6;2002;42;2;4;4;1;1;1100302;2022-09-08;-5;
3;6;3;35;1;1;7;1;1;3;2000;35;1;4;3;1;1;1100304;2022-08-24;0;
3;5;3;28;2;2;14;1;8;3;2011;30;1;5;4;1;1;1100305;2022-09-14;-2;
1;6;5;38;2;2;14;1;1;6;2012;47;1;4;4;1;1;1100306;2022-10-03;-9;
3;7;7;23;2;2;13;1;2;6;2021;23;1;4;5;1;1;1100307;2022-10-03;0;
1;6;6;34;2;2;15;1;1;6;2012;47;1;3;4;1;1;1100308;2022-10-06;-13;
3;5;7;19;2;2;7;1;2;5;2020;22;2;3;4;1;1;1100404;2022-11-08;-3;
2;4;3;43;1;1;11;1;2;5;2017;22;1;3;1;1;1;1100405;2022-11-08;21;
2;5;5;36;2;2;15;1;2;5;2018;48;2;3;3;1;1;1100406;2022-11-09;-12;
1;7;7;55;1;1;8;1;1;5;1980;48;;;1;1;1;1100408;2022-11-09;7;
3;7;7;39;2;2;6;1;8;4;2012;99;;1;3;1;1;1100409;2022-11-09;-60;
3;5;5;48;1;1;9;1;2;1;2005;38;1;4;1;1;1;1100601;2022-08-17;10;
3;7;7;45;2;2;11;1;2;6;2014;58;1;3;3;1;1;1100603;2022-08-17;-13;
1;7;7;33;2;2;13;1;1;1;2015;32;1;4;5;1;1;1100604;2022-08-18;1;
3;6;6;34;1;1;15;1;3;1;2017;31;1;1;1;1;1;1100706;2022-09-01;3;
2;7;6;50;2;2;7;1;1;2;1980;42;1;3;1;1;1;1100707;2022-09-12;8;
3;5;5;31;1;1;13;1;2;3;2017;34;1;1;4;1;1;1100801;2022-08-12;-3;
3;7;6;75;2;2;10;1;2;5;2016;65;1;3;5;1;1;1100806;2022-08-22;10;
2;7;7;52;1;1;7;1;1;2;2000;30;1;3;4;1;1;1100808;2022-08-22;22;
2;4;3;58;2;2;7;1;1;1;2014;58;1;;1;1;1;1101004;2022-08-16;0;
2;7;7;25;2;2;9;1;8;6;2021;24;1;4;4;1;1;1101010;2022-11-21;1;
3;7;6;26;1;1;13;1;1;3;2019;23;1;4;4;1;1;1101109;2022-09-18;3;
3;7;5;29;2;2;14;1;2;3;2019;28;1;4;1;1;1;1101302;2022-10-27;1;
3;6;6;36;1;1;12;1;2;5;2018;33;1;4;4;1;1;1101303;2022-11-12;3;
3;5;6;49;1;1;7;1;2;3;2019;34;2;3;4;1;1;1101401;2022-11-17;15;
2;5;4;41;2;2;14;1;1;6;1999;48;1;3;3;1;1;1101410;2022-08-30;-7;
2;6;5;59;2;2;7;1;1;1;1982;59;1;3;1;1;1;1101804;2022-08-16;0;
3;6;6;83;1;2;7;1;1;3;1970;81;1;3;1;1;1;1101806;2022-08-16;2;
1;4;3;60;2;2;7;1;5;1;1970;70;1;;1;1;1;1101808;2022-08-16;-10;
1;6;4;33;2;2;9;1;2;6;2018;37;1;4;3;1;1;1102001;2022-09-17;-4;
3;6;5;23;2;2;14;1;2;6;2021;24;1;3;3;1;1;1102003;2022-09-26;-1;
3;7;7;23;1;2;9;1;8;2;2022;20;2;4;3;1;1;1102201;2022-08-30;3;
1;6;6;58;2;2;11;1;1;6;1986;60;1;4;4;1;1;1102503;2022-09-12;-2;
3;7;6;26;2;2;9;1;2;3;2017;27;1;4;4;1;1;1102505;2022-08-25;-1;
1;6;6;38;2;2;11;1;3;6;2016;35;1;4;4;1;1;1102506;2022-08-25;3;
3;6;5;71;1;1;15;1;1;2;1973;68;1;4;4;1;1;1102507;2022-08-25;3;
3;5;4;29;1;1;14;1;3;5;2014;30;1;4;4;1;1;1102602;2022-08-26;-1;
3;7;5;66;2;2;11;1;1;3;1990;64;1;3;3;1;1;1102603;2022-08-29;2;
3;5;7;55;1;1;15;1;2;5;2005;38;1;3;3;1;1;1102607;2022-09-09;17;
1;7;7;42;2;2;7;1;2;;2017;42;1;3;4;1;1;1102608;2022-09-09;0;
2;6;2;32;2;2;9;1;2;2;2010;42;1;3;3;1;1;1102610;2022-09-13;-10;
3;7;7;33;2;1;10;1;8;6;2002;34;2;4;4;1;1;1102702;2022-10-30;-1;
2;7;6;53;1;1;15;1;1;5;1991;65;1;4;4;1;1;1102902;2022-10-28;-12;
1;3;3;45;2;2;11;1;8;2;1998;63;1;2;4;1;1;1102904;2022-10-29;-18;
2;6;7;24;2;2;7;1;3;1;2019;30;1;4;4;1;1;1103501;2022-10-21;-6;
3;7;7;52;1;1;11;1;1;4;1996;45;1;5;4;1;1;1103706;2022-09-19;7;
2;5;7;57;1;1;9;1;2;1;2002;52;1;3;3;1;1;1103709;2022-09-21;5;
2;6;4;22;1;1;13;1;2;2;2019;20;1;3;4;1;1;1104107;2022-08-26;2;
3;7;7;33;1;1;9;1;2;1;2010;32;2;2;1;1;1;1104109;2022-08-29;1;
3;6;6;57;2;2;17;1;1;2;1992;62;1;3;4;1;1;1104202;2022-10-05;-5;
1;7;6;46;2;2;14;1;1;2;2006;41;1;4;5;1;1;1104206;2022-10-22;5;
3;7;6;41;1;1;13;1;1;4;2003;46;1;4;5;1;1;1104210;2022-10-22;-5;
1;6;7;75;2;2;15;1;1;5;1970;76;1;5;5;1;1;1104603;2022-08-26;-1;
2;6;6;23;2;2;9;1;2;1;2017;30;1;4;4;1;1;1104604;2022-08-30;-7;
1;5;6;63;2;2;9;1;1;6;1979;64;2;3;3;1;1;1104706;2022-10-17;-1;
1;5;6;50;2;2;9;1;2;6;1998;50;1;4;3;1;1;1104709;2022-11-09;0;
1;2;6;65;2;2;9;1;1;6;1977;76;2;4;4;1;1;1104903;2022-08-29;-11;
1;7;5;38;1;1;7;1;2;2;2017;45;1;5;5;1;1;1104907;2022-08-29;-7;
2;6;6;72;1;1;9;1;1;3;1980;73;1;3;3;1;1;1105101;2022-08-29;-1;
1;7;7;32;1;1;9;1;8;5;2019;41;1;4;4;1;1;1105107;2022-08-26;-9;
2;7;7;73;2;2;6;1;1;2;1970;75;1;4;5;1;1;1105108;2022-08-30;-2;
1;5;6;40;2;2;9;1;8;2;2021;48;1;5;4;1;1;1105203;2022-09-06;-8;
3;5;7;48;1;1;8;1;8;3;2021;45;1;4;4;1;1;1105206;2022-09-08;3;
1;3;3;65;2;2;8;1;1;3;1979;69;2;3;2;1;1;1105207;2022-09-08;-4;
2;5;7;82;1;1;6;1;1;3;1960;83;;4;5;1;1;1105208;2022-09-08;-1;
1;7;7;39;2;2;11;1;1;1;2013;42;1;3;5;1;1;1105405;2022-09-08;-3;
3;1;5;72;2;2;7;1;1;1;1973;72;;3;4;1;1;1105410;2022-08-31;0;
3;7;7;33;1;1;9;1;1;4;2019;35;1;5;5;1;1;1105503;2022-09-01;-2;
3;6;1;44;1;1;8;1;8;3;1998;44;2;4;5;1;1;1105505;2022-09-01;0;
3;6;5;24;2;2;9;1;3;2;2020;26;1;4;4;1;1;1105507;2022-08-30;-2;
1;7;7;29;2;2;9;1;2;6;2017;32;1;3;4;1;1;1105509;2022-08-24;-3;
1;6;5;28;2;2;13;1;2;6;2011;31;2;4;5;1;1;1105702;2022-11-05;-3;
1;5;4;53;2;2;9;1;8;2;1993;63;2;3;4;1;1;1105706;2022-11-05;-10;
1;5;6;56;2;2;7;1;5;6;1995;53;;4;4;1;1;1105709;2022-11-05;3;
3;7;6;33;1;1;9;1;3;4;2017;34;1;4;4;1;1;1105801;2022-08-29;-1;
3;6;4;32;2;2;15;1;2;3;2012;32;1;3;3;1;1;1105802;2022-08-30;0;
3;7;6;26;2;2;9;1;2;2;2020;26;1;3;3;1;1;1105803;2022-08-31;0;
1;7;2;54;1;1;7;1;8;2;1992;63;2;5;5;1;1;1105806;2022-08-29;-9;
2;6;4;76;2;2;6;1;1;2;1971;75;1;3;4;1;1;1105807;2022-08-29;1;
2;6;6;43;2;2;9;1;2;1;2006;46;1;4;4;1;1;1105808;2022-08-30;-3;
3;7;7;24;1;1;11;1;8;2;2022;25;1;5;4;1;1;1105901;2022-09-28;-1;
3;7;5;31;2;2;15;1;8;3;2008;31;1;4;5;1;1;1106101;2022-08-26;0;
3;4;6;69;1;1;9;1;1;5;1975;65;;3;3;1;1;1106108;2022-08-31;4;
3;7;7;29;1;1;9;1;1;3;2018;29;1;5;5;1;1;1106109;2022-08-31;0;
3;1;7;74;1;1;8;1;1;4;1989;70;2;4;4;1;1;1106110;2022-08-31;4;
1;7;5;70;2;2;7;1;1;3;1971;69;1;3;3;1;1;1106204;2022-08-25;1;
1;6;6;30;2;2;11;1;1;2;2014;36;1;4;4;1;1;1106207;2022-08-24;-6;
2;6;5;36;2;2;15;1;8;5;2004;40;1;3;4;1;1;1106208;2022-08-24;-4;
3;5;6;71;1;1;7;1;1;2;1969;72;1;4;3;1;1;1106210;2022-08-03;-1;
1;7;6;48;2;2;7;1;1;1;1994;49;1;3;4;1;1;1106401;2022-09-12;-1;
3;6;6;24;1;1;6;1;2;1;2021;24;1;4;5;1;1;1106402;2022-09-12;0;
3;5;7;34;1;1;9;1;8;3;2015;36;;4;3;1;1;1106403;2022-09-12;-2;
1;7;4;34;2;2;9;1;8;6;2008;38;1;4;4;1;1;1106404;2022-09-12;-4;
3;7;4;27;1;1;6;1;8;5;2021;19;1;4;3;1;1;1106405;2022-09-12;8;
1;6;6;28;2;2;11;1;8;3;2010;30;;4;4;1;1;1106410;2022-09-28;-2;
3;7;4;26;1;1;7;1;8;3;2015;27;1;4;4;1;1;1106502;2022-09-01;-1;
3;5;7;79;1;1;10;1;7;5;2018;61;1;4;4;1;1;1106503;2022-10-11;18;
3;7;6;47;1;1;10;1;2;2;2007;42;1;4;4;1;1;1106504;2022-10-11;5;
3;6;5;31;1;1;15;1;8;2;2022;34;1;5;5;1;1;1106506;2022-10-12;-3;
3;7;6;30;1;1;7;1;1;3;2015;32;1;5;5;1;1;1106507;2022-10-12;-2;
3;3;5;60;1;1;10;1;1;1;1984;60;1;2;4;1;1;1106509;2022-10-14;0;
;2;3;42;2;2;9;1;8;2;2004;54;;5;3;1;1;1106605;2022-08-24;-12;
3;7;4;71;2;2;7;1;1;4;1971;75;1;3;4;1;1;1106608;2022-08-23;-4;
3;6;2;36;2;2;9;1;2;3;2011;34;1;3;4;1;1;1106610;2022-08-23;2;
1;5;5;31;2;2;9;1;2;6;2016;34;1;3;3;1;1;1106701;2022-08-24;-3;
3;2;7;63;2;2;9;1;7;5;1991;65;2;5;4;1;1;1106705;2022-08-25;-2;
3;7;5;36;1;1;11;1;8;5;2014;45;1;4;4;1;1;1106801;2022-10-29;-9;
3;7;7;40;1;1;9;1;8;5;2007;39;1;4;3;1;1;1106901;2022-10-29;1;
3;7;7;36;1;1;9;1;2;4;2021;33;;5;4;1;1;1106902;2022-10-30;3;
1;6;6;31;2;2;17;1;8;4;2021;37;1;4;4;1;1;1106903;2022-10-30;-6;
3;6;4;29;2;2;13;1;8;4;2000;30;;4;4;1;1;1106905;2022-11-09;-1;
3;7;7;46;2;2;9;1;1;5;1996;45;1;5;5;1;1;1107001;2022-09-01;1;
2;5;6;72;1;1;10;1;1;4;1968;68;;3;4;1;1;1107002;2022-09-01;4;
2;7;7;24;2;2;9;1;8;3;2020;22;1;5;5;1;1;1107003;2022-09-01;2;
3;5;5;80;1;1;8;1;1;4;1970;70;1;4;4;1;1;1107005;2022-09-02;10;
3;7;3;32;1;1;9;1;2;5;2019;32;1;3;3;1;1;1107009;2022-09-02;0;
3;3;6;45;2;2;9;1;1;3;2010;45;1;3;3;1;1;1107101;2022-09-21;0;
3;5;6;40;2;2;9;1;8;1;2006;40;1;4;4;1;1;1107104;2022-09-25;0;
2;7;6;47;2;2;9;1;1;4;1997;48;1;4;5;1;1;1107108;2022-09-28;-1;
2;7;6;47;2;2;7;1;8;4;1997;47;1;4;5;1;1;1107109;2022-09-28;0;
3;7;7;23;1;1;9;1;8;2;2022;25;1;5;4;1;1;1107110;2022-09-28;-2;
2;7;7;29;2;2;9;1;8;2;2006;31;1;3;3;1;1;1107302;2022-08-24;-2;
2;7;5;44;1;1;11;1;2;1;2002;41;1;3;4;1;1;1107303;2022-08-24;3;
2;5;5;31;2;2;11;1;8;2;2012;42;1;3;3;1;1;1107308;2022-08-30;-11;
1;1;5;66;2;2;9;1;1;1;1976;71;2;3;4;1;1;1107401;2022-09-06;-5;
3;6;7;62;1;1;9;1;8;4;1980;60;1;4;4;1;1;1107402;2022-09-06;2;
2;4;4;50;2;2;9;1;2;6;1990;51;1;2;3;1;1;1107404;2022-09-06;-1;
1;4;4;52;2;2;10;1;1;1;1991;55;1;3;4;1;1;1107602;2022-10-08;-3;
1;7;7;32;2;2;15;1;8;1;2012;30;1;4;5;1;1;1107604;2022-10-08;2;
3;6;7;33;2;2;13;1;1;2;2011;35;1;4;4;1;1;1107605;2022-10-09;-2;
1;4;4;53;2;2;13;1;6;2;2019;56;;3;3;1;1;1107609;2022-09-13;-3;
3;5;5;71;1;1;7;1;1;5;1996;52;1;3;4;1;1;1107706;2022-09-27;19;
3;7;6;23;2;2;9;1;8;2;2020;42;1;5;4;1;1;1107803;2022-10-30;-19;
1;5;6;63;1;1;9;1;1;6;1984;56;1;4;4;1;1;1108004;2022-08-29;7;
3;5;4;59;1;1;11;1;1;4;1996;62;1;3;4;1;1;1108008;2022-09-01;-3;
3;6;5;28;2;2;13;1;8;4;2014;29;1;3;4;1;1;1108009;2022-09-01;-1;
3;5;7;34;1;1;9;1;2;4;2018;32;1;5;5;1;1;1108010;2022-09-07;2;
2;7;5;32;2;2;13;1;1;1;2015;34;1;3;3;1;1;1108201;2022-10-13;-2;
1;5;6;58;2;2;9;1;1;1;1990;66;2;4;5;1;1;1108202;2022-10-14;-8;
3;7;7;46;1;1;9;1;6;5;2022;33;1;5;5;1;1;1108206;2022-10-20;13;
3;1;4;57;2;2;14;1;2;5;2006;56;2;3;4;1;1;1108207;2022-10-26;1;
3;7;7;43;1;1;12;1;1;5;1999;42;1;4;5;1;1;1108208;2022-10-28;1;
1;7;7;43;2;2;11;1;1;6;1999;43;1;3;4;1;1;1108210;2022-10-28;0;
2;7;7;45;2;2;14;1;2;6;1999;49;1;4;5;1;1;1108305;2022-11-20;-4;
3;7;6;49;1;1;13;1;8;5;2021;49;1;5;5;1;1;1108401;2022-09-15;0;
3;6;6;25;1;1;14;1;2;3;2017;21;1;5;4;1;1;1108404;2022-09-14;4;
3;7;7;23;2;2;13;1;8;4;2020;24;1;3;3;1;1;1108406;2022-09-14;-1;
1;7;7;30;2;2;11;1;8;6;2009;33;1;3;3;1;1;1108407;2022-09-12;-3;
1;1;5;63;2;2;9;1;1;3;1975;68;2;3;3;1;1;1108409;2022-09-09;-5;
3;1;1;67;1;1;7;1;1;4;1982;63;1;2;2;1;1;1108410;2022-09-08;4;
3;7;7;40;2;2;11;1;1;;2018;49;1;4;3;1;1;1108501;2022-11-07;-9;
3;6;6;42;1;1;15;1;1;5;2003;39;1;4;4;1;1;1108502;2022-11-13;3;
3;7;5;32;2;2;9;1;2;1;2016;33;1;5;5;1;1;1108506;2022-11-04;-1;
1;7;7;22;2;2;11;1;8;6;2019;24;1;5;4;1;1;1108507;2022-11-04;-2;
3;7;7;42;2;2;14;1;1;2;2014;41;1;4;4;1;1;1108509;2022-10-08;1;
3;1;7;51;2;2;12;1;1;5;1992;49;1;2;4;1;1;1108510;2022-11-04;2;
2;6;6;45;2;2;12;1;1;2;2002;43;1;4;4;1;1;1108602;2022-11-17;2;
3;7;6;27;1;1;15;1;8;6;2021;27;1;5;4;1;1;1108603;2022-11-18;0;
1;6;7;32;2;2;15;1;2;2;2011;51;1;4;4;1;1;1108605;2022-11-09;-19;
1;6;7;48;2;2;13;1;1;6;2005;40;1;4;4;1;1;1108606;2022-11-09;8;
2;6;7;36;2;2;12;1;2;6;2017;50;1;5;4;1;1;1108608;2022-11-15;-14;
2;5;6;38;2;2;13;1;1;2;2007;42;1;4;4;1;1;1108609;2022-11-15;-4;
3;7;7;59;1;1;13;1;1;5;2017;53;1;5;5;1;1;1108610;2022-11-15;6;
3;6;6;53;1;1;9;1;1;5;2001;50;1;4;3;1;1;1108704;2022-10-30;3;
1;5;5;55;2;2;9;1;1;2;2000;52;1;3;4;1;1;1108705;2022-10-30;3;
1;7;6;40;2;2;15;1;1;6;2008;38;1;3;4;1;1;1108902;2022-10-06;2;
2;6;5;26;2;2;14;1;1;2;2021;28;1;4;4;1;1;1108903;2022-10-10;-2;
3;6;5;34;1;1;9;1;8;3;2016;29;1;4;3;1;1;1108904;2022-10-08;5;
3;7;7;45;2;2;15;1;2;2;2019;47;1;4;4;1;1;1108910;2022-09-07;-2;
3;7;7;56;2;2;14;1;6;5;1995;56;1;5;5;1;1;1109006;2022-11-20;0;
2;7;7;60;2;2;8;1;1;1;1984;66;2;5;5;1;1;1109101;2022-09-06;-6;
1;5;5;65;2;2;9;1;1;6;1995;65;2;3;3;1;1;1109104;2022-09-06;0;
1;6;6;42;2;2;9;1;8;2;2000;52;1;4;4;1;1;1109105;2022-09-09;-10;
1;6;6;55;2;2;9;1;1;6;1995;53;1;3;4;1;1;1109106;2022-09-06;2;
3;7;7;24;1;1;14;1;2;3;2018;19;1;4;4;1;1;1109107;2022-09-06;5;
3;6;7;56;1;1;9;1;8;5;1990;52;1;4;3;1;1;1109109;2022-09-06;4;
2;4;4;53;2;2;9;1;1;6;1989;56;1;3;4;1;1;1109110;2022-09-06;-3;
1;5;5;33;2;2;9;1;8;6;2014;34;1;3;3;1;1;1109201;2022-09-21;-1;
3;7;7;32;1;1;9;1;1;4;2015;32;2;4;5;1;1;1109203;2022-09-21;0;
1;5;6;60;2;2;1;1;5;4;2008;74;2;4;4;1;1;1109205;2022-09-21;-14;
3;6;7;50;1;1;9;1;1;3;2019;40;1;4;4;1;1;1109207;2022-09-21;10;
3;6;7;65;2;2;9;1;1;2;1982;62;2;3;4;1;1;1109209;2022-09-21;3;
2;2;4;55;2;2;9;1;2;3;1996;58;1;4;4;1;1;1109304;2022-09-09;-3;
3;6;6;51;1;1;10;1;8;4;2019;40;1;3;3;1;1;1109501;2022-10-03;11;
3;5;5;57;2;2;8;1;2;3;1988;67;1;3;4;1;1;1109503;2022-10-03;-10;
1;5;5;27;2;2;7;1;2;6;2016;32;;1;3;1;1;1109505;2022-09-27;-5;
3;6;5;64;2;2;14;1;1;4;1988;66;1;3;4;1;1;1109601;2022-09-29;-2;
1;7;7;26;2;2;9;1;1;6;2016;24;2;3;4;1;1;1109602;2022-09-29;2;
1;5;5;46;2;2;9;1;1;1;1993;70;1;4;4;1;1;1109604;2022-10-03;-24;
3;4;6;40;1;1;9;1;1;5;2006;37;1;4;4;1;1;1109605;2022-10-04;3;
3;7;7;32;1;1;9;1;1;3;2005;37;1;4;4;1;1;1109607;2022-09-29;-5;
3;7;6;55;1;1;6;1;1;3;1992;58;2;5;4;1;1;1109801;2022-09-27;-3;
3;5;7;73;1;1;6;1;6;3;1987;60;1;4;2;1;1;1109803;2022-09-27;13;
2;7;6;39;2;2;7;1;2;6;2010;37;1;3;3;1;1;1109804;2022-09-27;2;
1;7;7;49;2;2;12;1;1;2;1997;42;1;4;4;1;1;1109807;2022-09-27;7;
1;7;7;42;1;1;9;1;2;5;2002;37;1;4;4;1;1;1109901;2022-09-13;5;
3;6;7;32;1;1;11;1;3;4;2021;28;1;4;4;1;1;1109903;2022-09-13;4;
1;5;5;50;2;2;9;1;1;6;1990;55;1;3;3;1;1;1109904;2022-09-13;-5;
;7;7;44;2;2;12;1;8;;2005;55;1;3;5;1;1;1109905;2022-09-13;-11;
3;7;3;44;2;2;7;1;8;;2007;40;1;5;4;1;1;1109906;2022-09-13;4;
1;2;3;28;2;2;7;1;2;3;2014;28;2;3;3;1;1;1110002;2022-09-09;0;
3;7;6;76;1;1;10;1;1;5;1985;68;;4;4;1;1;1110003;2022-09-09;8;
3;6;4;22;1;1;11;1;8;5;2021;20;1;3;3;1;1;1110004;2022-09-09;2;
3;7;6;25;2;2;11;1;2;3;2015;27;1;4;4;1;1;1110005;2022-09-06;-2;
3;7;6;47;1;1;11;1;1;4;2008;47;1;5;4;1;1;1110006;2022-09-06;0;
2;6;5;52;2;2;13;1;2;2;1997;51;1;4;4;1;1;1110007;2022-09-09;1;
2;5;5;22;2;2;13;1;2;2;2022;27;1;2;3;1;1;1110009;2022-09-06;-5;
2;6;6;36;2;2;12;1;8;2;2018;30;1;4;4;1;1;1110010;2022-09-09;6;
1;7;7;43;2;2;7;1;1;6;1995;44;1;4;4;1;1;1110102;2022-09-29;-1;
3;6;6;40;2;2;12;1;2;3;2009;41;1;4;4;1;1;1110103;2022-09-29;-1;
3;1;7;71;1;1;8;1;1;5;1978;70;2;3;4;1;1;1110104;2022-09-29;1;
1;5;4;59;2;2;6;1;1;6;1987;53;2;3;4;1;1;1110105;2022-09-29;6;
3;6;7;54;1;1;9;1;1;3;1992;44;1;4;4;1;1;1110108;2022-09-29;10;
1;5;7;72;2;2;7;1;1;6;1970;74;;3;4;1;1;1110109;2022-09-29;-2;
1;1;6;59;2;2;7;1;8;6;1982;62;;3;3;1;1;1110110;2022-09-29;-3;
3;6;6;56;1;1;9;1;6;1;1997;59;;3;3;1;1;1110204;2022-09-27;-3;
3;7;7;27;2;2;9;1;8;4;2012;27;1;4;4;1;1;1110207;2022-09-27;0;
2;7;2;50;2;2;9;1;2;1;2012;46;1;3;3;1;1;1110302;2022-09-27;4;
3;6;6;25;2;2;12;1;8;3;2015;27;1;4;5;1;1;1110303;2022-09-27;-2;
3;6;7;52;2;2;15;1;2;3;2022;61;1;4;3;1;1;1110304;2022-09-27;-9;
1;6;7;67;2;2;7;1;1;6;1974;69;2;2;4;1;1;1110305;2022-09-27;-2;
3;7;7;27;1;1;13;1;8;5;2014;32;1;4;4;1;1;1110310;2022-09-27;-5;
1;7;4;29;2;2;8;1;3;6;2008;28;1;3;4;1;1;1110405;2022-09-13;1;
3;7;7;30;1;1;12;1;2;3;2021;22;1;4;5;1;1;1110406;2022-09-13;8;
2;7;7;67;2;2;7;1;1;4;1984;65;1;2;4;1;1;1110608;2022-09-13;2;
3;1;6;76;2;2;6;1;1;6;1980;63;2;4;3;1;1;1110702;2022-09-21;13;
2;6;6;20;2;2;8;1;8;6;2015;25;1;4;4;1;1;1110703;2022-09-21;-5;
3;4;5;72;1;1;8;1;1;3;1976;65;;3;3;1;1;1110704;2022-09-21;7;
2;6;6;31;2;2;11;1;8;2;2008;31;1;4;4;1;1;1110707;2022-09-21;0;
3;6;4;59;1;1;9;1;6;3;1986;62;;4;3;1;1;1110709;2022-09-21;-3;
3;6;6;52;2;2;7;1;5;2;2001;64;1;4;4;1;1;1110710;2022-09-21;-12;
1;7;7;30;2;2;11;1;1;6;2018;32;1;5;4;1;1;1110802;2022-09-15;-2;
2;5;6;65;1;1;8;1;1;2;1972;63;2;2;2;1;1;1110804;2022-09-15;2;
3;7;7;64;2;2;10;1;2;3;2021;61;1;4;4;1;1;1111301;2022-10-29;3;
1;4;6;66;2;2;8;1;1;2;1975;70;2;3;4;1;1;1111303;2022-11-01;-4;
3;6;6;60;1;1;8;1;1;4;2019;62;1;4;4;1;1;1111305;2022-10-29;-2;
3;7;4;42;2;2;11;1;2;4;2003;45;1;4;4;1;1;1111401;2022-11-01;-3;
3;4;6;47;1;1;13;1;2;1;1999;40;1;5;4;1;1;1111502;2022-11-01;7;
2;7;4;39;2;2;15;1;1;2;2013;42;1;4;4;1;1;1111503;2022-11-07;-3;
1;5;7;45;2;2;13;2;8;3;2001;45;1;4;4;1;1;2100202;2022-09-24;0;
2;2;3;59;2;2;7;2;6;3;2009;65;2;2;2;1;1;2100303;2022-11-20;-6;
3;7;7;70;1;1;8;2;1;3;1972;70;2;4;3;1;1;2100305;2022-11-20;0;
1;7;6;40;2;2;9;2;2;4;2018;43;1;4;4;1;1;2100308;2022-11-20;-3;
2;5;6;44;2;2;11;2;1;2;2004;44;1;4;4;1;1;2100701;2022-10-27;0;
1;7;7;36;2;2;9;2;2;6;2013;41;1;5;5;1;1;2100703;2022-11-14;-5;
3;5;5;19;1;1;8;2;8;2;2019;19;1;5;4;1;1;2100707;2022-11-14;0;
3;6;4;47;1;1;11;2;1;3;2007;47;1;;4;1;1;2100710;2022-11-14;0;
1;7;7;48;2;2;7;2;2;6;1991;51;;2;2;1;1;2100801;2022-11-14;-3;
3;6;6;39;1;1;15;2;3;3;2011;47;1;4;4;1;1;2101006;2022-10-09;-8;
2;6;6;38;1;1;13;2;3;4;2015;39;1;5;5;1;1;2101007;2022-10-09;-1;
3;2;2;46;2;2;7;2;1;5;1992;50;1;4;4;1;1;2101101;2022-10-07;-4;
1;5;6;46;2;2;8;2;2;2;2019;58;1;3;4;1;1;2101103;2022-10-09;-12;
2;4;5;38;1;1;9;2;8;6;2016;28;1;3;3;1;1;2101104;2022-10-09;10;
3;7;7;28;2;2;9;2;2;2;2012;32;1;5;3;1;1;2101106;2022-10-13;-4;
3;6;7;32;1;1;9;2;2;3;2007;28;1;4;4;1;1;2101107;2022-10-06;4;
3;6;6;37;1;1;9;2;1;4;2015;35;1;;;1;1;2101202;2022-10-18;2;
3;6;6;46;2;2;12;2;2;3;1991;47;1;4;4;1;1;2101203;2022-10-19;-1;
2;7;3;57;2;2;9;2;1;1;2013;50;1;3;2;1;1;2101204;2022-10-20;7;
2;7;4;27;2;2;9;2;2;1;2018;30;1;3;4;1;1;2101205;2022-10-20;-3;
3;4;5;33;1;1;9;2;2;3;2015;32;1;4;4;1;1;2101209;2022-10-21;1;
3;7;7;37;1;2;15;2;1;3;2005;34;1;4;4;1;1;2101401;2022-09-28;3;
3;4;6;43;1;1;7;2;8;3;2013;34;1;4;4;1;1;2101402;2022-09-29;9;
3;7;7;33;2;2;9;2;1;2;2012;46;1;3;4;1;1;2101602;2022-10-09;-13;
1;4;7;43;2;2;13;2;8;6;2002;46;1;3;4;1;1;2101603;2022-10-10;-3;
2;7;5;43;2;2;7;2;6;6;2017;37;1;3;4;1;1;2101608;2022-10-13;6;
1;7;6;42;2;2;9;2;8;6;1998;45;1;4;4;1;1;2101609;2022-10-21;-3;
1;6;6;63;2;2;15;2;1;1;1980;65;2;3;4;1;1;2101701;2022-09-30;-2;
1;6;5;43;2;2;11;2;1;1;2006;43;1;4;3;1;1;2101704;2022-09-30;0;
3;7;5;35;2;2;7;2;2;3;2015;36;;4;3;1;1;2101706;2022-10-04;-1;
1;3;5;44;2;2;11;2;2;6;2014;45;1;3;3;1;1;2101709;2022-10-04;-1;
1;7;6;40;2;2;10;2;8;6;2000;42;1;3;3;1;1;2101803;2022-09-12;-2;
3;6;6;74;1;1;9;2;1;3;1968;74;1;2;3;1;1;2101805;2022-09-12;0;
3;7;6;42;1;1;7;2;1;3;2019;41;1;5;4;1;1;2101806;2022-09-12;1;
1;6;5;41;2;2;9;2;8;6;2009;38;1;3;4;1;1;2101810;2022-10-20;3;
2;5;7;52;2;2;7;2;8;2;2020;68;1;4;4;1;1;2101901;2022-09-28;-16;
2;7;7;52;2;2;7;2;2;2;2020;61;1;4;4;1;1;2101903;2022-09-28;-9;
2;7;6;27;2;2;9;2;8;2;2014;27;1;5;4;1;1;2101904;2022-09-29;0;
2;6;6;25;2;2;9;2;2;2;2020;27;1;4;4;1;1;2101905;2022-09-29;-2;
3;1;2;21;2;2;12;2;2;3;2019;20;1;3;5;1;1;2101908;2022-10-04;1;
3;7;6;48;2;2;9;2;1;2;1992;55;1;4;4;1;1;2102001;2022-08-23;-7;
1;7;7;36;2;2;10;2;1;6;2008;36;1;4;4;1;1;2102002;2022-09-15;0;
1;7;5;38;2;2;9;2;2;1;2009;41;1;3;4;1;1;2102005;2022-09-07;-3;
3;7;7;26;2;2;9;2;3;3;2016;24;1;5;4;1;1;2102006;2022-09-07;2;
1;5;5;35;2;2;9;2;1;6;2003;37;1;4;4;1;1;2102008;2022-09-14;-2;
2;7;5;46;2;2;9;2;1;2;1997;51;1;3;2;1;1;2102010;2022-08-25;-5;
3;5;5;36;1;1;11;2;1;3;2017;27;1;4;4;1;1;2102101;2022-09-19;9;
3;6;5;28;1;1;13;2;8;5;2021;26;1;5;4;1;1;2102103;2022-09-19;2;
3;6;6;38;1;1;13;2;1;;2018;38;1;5;5;1;1;2102110;2022-09-19;0;
3;7;4;65;1;1;15;2;1;2;1988;58;1;4;4;1;1;2102201;2022-09-07;7;
2;5;6;28;1;1;15;2;2;1;2012;28;1;5;4;1;1;2102301;2022-10-07;0;
1;5;6;63;2;2;8;2;1;6;1994;62;1;4;4;1;1;2102302;2022-10-13;1;
3;7;7;28;2;2;9;2;1;2;2009;31;1;3;5;1;1;2102303;2022-10-14;-3;
1;6;5;49;2;2;7;2;1;1;1988;49;1;3;3;1;1;2102305;2022-10-23;0;
2;7;2;28;2;2;12;2;2;1;2019;28;1;5;3;1;1;2102307;2022-10-24;0;
2;4;5;34;2;2;9;2;2;2;2010;40;2;4;4;1;1;2102501;2022-10-05;-6;
3;5;6;75;2;2;7;2;1;3;1969;76;2;4;4;1;1;2102502;2022-10-06;-1;
2;7;5;31;2;2;14;2;2;2;2019;36;1;4;4;1;1;2102503;2022-10-12;-5;
3;4;7;66;1;1;9;2;1;1;1980;57;1;4;3;1;1;2102601;2022-08-09;9;
3;3;6;66;1;1;11;2;1;4;1971;67;2;3;4;1;1;2102602;2022-08-17;-1;
3;7;5;57;2;2;11;2;7;4;2017;57;1;5;4;1;1;2102603;2022-08-17;0;
1;4;4;39;2;2;9;2;8;2;1990;50;1;4;4;1;1;2102701;2022-11-01;-11;
1;6;6;45;2;2;8;2;1;6;1990;50;1;5;4;1;1;2102901;2022-10-29;-5;
3;7;7;37;1;1;9;2;1;2;2008;34;1;4;4;1;1;2103001;2022-08-23;3;
3;4;1;34;2;2;9;2;1;4;2015;35;1;4;3;1;1;2103003;2022-08-23;-1;
3;6;6;65;2;2;9;2;2;3;1990;62;2;4;4;1;1;2103004;2022-08-23;3;
3;6;6;31;2;2;9;2;2;3;2019;39;1;3;3;1;1;2103102;2022-09-13;-8;
1;5;5;56;2;2;10;2;2;2;2011;70;2;4;3;1;1;2103104;2022-09-13;-14;
1;7;7;20;2;2;12;2;2;6;2020;20;1;4;4;1;1;2103303;2022-09-15;0;
3;7;7;34;2;2;11;2;1;3;2016;41;1;4;4;1;1;2103305;2022-09-13;-7;
1;7;7;30;1;1;13;2;8;5;2022;32;1;4;4;1;1;2103306;2022-09-15;-2;
3;7;6;70;1;1;8;2;1;4;1975;67;1;4;3;1;1;2103401;2022-08-18;3;
3;4;4;35;2;2;9;2;8;4;2020;25;;5;4;1;1;2103501;2022-10-13;10;
2;5;4;38;2;2;13;2;1;2;2007;37;1;4;4;1;1;2103502;2022-10-14;1;
3;6;6;44;1;1;9;2;2;3;2022;46;1;4;5;1;1;2103504;2022-10-14;-2;
3;3;7;31;2;2;9;2;8;5;2020;38;1;3;5;1;1;2103508;2022-10-09;-7;
2;7;7;41;2;2;8;2;8;2;2017;43;1;4;4;1;1;2103902;2022-09-06;-2;
1;5;7;42;2;2;10;2;1;6;2010;49;1;4;4;1;1;2103903;2022-09-14;-7;
3;7;7;47;2;2;10;2;2;3;2014;60;1;4;4;1;1;2103904;2022-09-14;-13;
2;6;5;48;2;2;9;2;1;2;1998;52;1;3;3;1;1;2103906;2022-09-07;-4;
1;7;7;54;2;2;9;2;1;6;1988;58;1;4;5;1;1;2103908;2022-09-07;-4;
2;7;7;37;2;2;10;2;6;3;2015;35;1;4;4;1;1;2104402;2022-09-22;2;
2;7;7;21;2;2;13;2;2;2;2022;27;1;3;4;1;1;2104404;2022-10-02;-6;
3;7;5;27;1;1;11;2;8;5;2022;21;1;4;4;1;1;2104405;2022-10-02;6;
3;6;7;30;2;2;9;2;8;2;2017;25;1;3;3;1;1;2104410;2022-11-07;5;
3;6;5;50;1;1;11;2;1;4;1992;53;1;4;4;1;1;2104510;2022-10-07;-3;
1;5;6;30;2;2;10;2;8;6;2013;40;2;3;3;1;1;2104601;2022-09-26;-10;
3;7;7;21;2;2;9;2;8;4;2020;22;1;5;5;1;1;2104603;2022-09-27;-1;
3;4;6;63;2;2;9;2;2;1;1991;60;1;3;3;1;1;2104605;2022-10-07;3;
1;5;6;41;2;2;11;2;8;1;2016;52;1;3;4;1;1;2104606;2022-10-04;-11;
3;3;5;54;2;2;11;2;1;3;1992;50;1;3;4;1;1;2104607;2022-10-07;4;
3;5;6;32;1;1;9;2;2;4;2015;31;1;4;4;1;1;2104608;2022-10-08;1;
1;7;1;31;2;2;10;2;1;6;2010;39;1;2;4;1;1;2104609;2022-10-08;-8;
1;7;6;46;2;2;9;2;6;2;2014;47;1;4;4;1;1;2104701;2022-11-20;-1;
3;7;6;37;2;2;10;2;1;2;2009;38;1;4;4;1;1;2104703;2022-11-20;-1;
1;5;5;62;2;2;9;2;1;6;1960;62;2;3;4;1;1;2104705;2022-11-19;0;
3;5;5;54;1;1;8;2;1;3;2020;54;1;3;3;1;1;2104902;2022-09-09;0;
1;6;5;74;2;2;15;2;1;6;1967;73;1;4;4;1;1;2104904;2022-09-09;1;
3;5;4;37;2;2;9;2;8;1;2016;28;1;4;4;1;1;2105001;2022-10-20;9;
3;5;4;27;1;1;7;2;8;5;2016;36;1;4;4;1;1;2105002;2022-10-20;-9;
1;4;5;36;2;2;6;2;8;4;2019;44;1;4;4;1;1;2105003;2022-10-21;-8;
3;6;4;44;1;2;9;2;8;4;2019;36;1;4;4;1;1;2105004;2022-10-23;8;
3;5;4;36;1;1;9;2;2;1;2005;30;1;4;3;1;1;2105007;2022-10-26;6;
1;6;6;51;2;2;7;2;8;6;2001;54;1;4;4;1;1;2105101;2022-11-17;-3;
3;4;6;48;2;2;9;2;2;4;2009;37;1;3;3;1;1;2105102;2022-11-18;11;
3;5;6;29;1;1;8;2;1;3;2019;28;1;5;4;1;1;2105110;2022-11-17;1;
3;4;5;30;1;1;11;2;1;4;2018;28;1;4;4;1;1;2105201;2022-08-23;2;
3;6;6;47;1;1;12;2;2;4;2014;28;1;4;4;1;1;2105203;2022-08-25;19;
3;5;5;56;2;2;9;2;1;3;1990;60;1;4;4;1;1;2105205;2022-08-25;-4;
2;6;7;67;1;1;8;2;5;4;2017;52;1;4;3;1;1;2105301;2022-11-14;15;
3;7;7;30;1;1;7;2;2;2;2014;27;1;4;4;1;1;2105304;2022-11-14;3;
3;4;4;32;2;2;8;2;1;3;2007;32;1;4;3;1;1;2105305;2022-11-14;0;
3;2;6;24;2;2;9;2;8;3;2018;24;1;4;4;1;1;2105308;2022-11-14;0;
3;7;7;34;2;2;9;2;1;1;2016;32;1;3;4;1;1;2105309;2022-11-14;2;
1;2;5;23;2;2;9;2;2;6;2016;27;1;3;5;1;1;2105402;2022-11-17;-4;
2;7;7;34;2;2;8;2;2;2;2012;34;;4;3;1;1;2105403;2022-11-17;0;
2;7;7;37;2;2;9;2;1;6;2005;37;1;4;4;1;1;2105502;2022-10-21;0;
3;7;7;34;2;2;15;2;6;3;2016;31;1;3;4;1;1;2105504;2022-10-21;3;
1;4;7;63;2;2;9;2;1;6;1993;65;2;3;4;1;1;2105505;2022-10-21;-2;
3;6;6;48;2;2;13;2;1;2;1996;48;1;4;4;1;1;2105508;2022-10-25;0;
1;7;6;32;2;2;9;2;2;6;2007;42;1;4;4;1;1;2105903;2022-11-15;-10;
3;7;6;37;2;2;14;2;1;3;2014;41;1;4;4;1;1;2105904;2022-11-15;-4;
2;5;7;21;2;2;12;2;8;2;2020;20;1;4;4;1;1;2105906;2022-11-17;1;
2;6;7;36;2;2;9;2;2;1;2018;22;1;4;5;1;1;2105908;2022-11-13;14;
2;7;5;27;2;2;13;2;8;2;2019;29;1;5;4;1;1;2105909;2022-11-20;-2;
2;7;6;27;2;2;14;2;2;3;2015;31;1;4;5;1;1;2106002;2022-10-31;-4;
3;7;4;20;1;1;12;2;8;6;2019;21;1;3;3;1;1;2106007;2022-11-09;-1;
2;6;6;24;2;2;11;2;2;3;2019;25;1;4;4;1;1;2106008;2022-11-10;-1;
1;7;6;48;2;2;13;2;1;6;2014;38;1;3;5;1;1;2106009;2022-11-12;10;
3;6;1;22;1;1;9;2;2;2;2018;36;1;4;4;1;1;2106101;2022-11-13;-14;
1;5;5;50;2;2;9;2;8;6;2017;58;1;5;2;1;1;2106102;2022-11-15;-8;
3;6;6;28;2;2;15;2;8;5;2019;29;1;5;4;1;1;2106103;2022-11-15;-1;
3;6;7;43;2;2;9;2;1;2;2012;43;1;4;4;1;1;2106201;2022-11-10;0;
3;7;5;31;1;1;9;2;1;4;2017;30;1;4;3;1;1;2106203;2022-11-10;1;
1;6;4;31;2;2;10;2;2;1;2017;29;1;3;3;1;1;2106204;2022-11-10;2;
3;6;5;36;1;1;10;2;8;2;2006;36;2;4;4;1;1;2106207;2022-11-10;0;
1;7;6;37;2;2;12;2;1;2;2006;47;1;4;4;1;1;2106210;2022-11-20;-10;
3;7;5;21;1;1;9;2;2;5;2018;22;1;4;4;1;1;2106701;2022-11-12;-1;
1;7;4;60;2;2;11;2;1;6;1983;60;2;3;4;1;1;2106702;2022-11-12;0;
3;4;6;65;1;1;7;2;1;4;1977;64;;3;4;1;1;2106703;2022-11-12;1;
3;6;5;37;1;1;9;2;2;3;2016;26;;3;3;1;1;2106704;2022-11-17;11;
1;7;6;40;2;2;9;2;1;6;2005;40;1;3;3;1;1;2106705;2022-11-17;0;
3;1;2;53;2;2;9;2;1;2;1988;57;1;3;4;1;1;2106802;2022-09-12;-4;
1;7;5;52;2;2;9;2;1;6;2016;53;1;3;2;1;1;2106803;2022-09-06;-1;
2;7;7;30;2;2;14;2;8;6;2022;36;1;3;4;1;1;2107102;2022-10-21;-6;
1;3;3;40;2;2;10;2;2;6;2007;40;1;3;4;1;1;2107104;2022-11-16;0;
1;6;6;47;2;2;13;2;2;6;2002;50;1;4;4;1;1;2107105;2022-11-16;-3;
3;5;6;34;1;1;14;2;8;3;2020;40;1;4;4;1;1;2107207;2022-09-19;-6;
3;4;5;54;1;1;13;2;1;3;2000;53;1;4;4;1;1;2107304;2022-08-26;1;
3;6;6;33;1;1;11;2;6;2;2021;28;1;5;4;1;1;2107401;2022-09-24;5;
3;7;7;37;2;2;10;2;8;3;2017;37;1;4;4;1;1;2107402;2022-09-25;0;
1;7;6;20;1;1;11;2;8;3;2021;21;1;4;3;1;1;2107404;2022-10-16;-1;
3;7;7;38;1;1;9;2;1;3;2007;46;1;3;4;1;1;2107406;2022-10-19;-8;
3;7;4;46;2;2;12;2;1;3;2007;38;1;4;5;1;1;2107408;2022-10-19;8;
1;3;5;48;2;2;9;2;2;6;2002;59;1;4;4;1;1;2107505;2022-10-20;-11;
1;4;4;47;2;2;9;2;1;6;2008;47;1;3;4;1;1;2107508;2022-10-21;0;
1;6;6;43;2;2;9;2;2;6;2006;49;1;4;4;1;1;2107510;2022-10-28;-6;
2;7;7;30;2;2;11;2;2;2;2013;30;1;4;4;1;1;2107702;2022-09-08;0;
1;7;5;24;2;2;9;2;2;3;2016;24;1;4;4;1;1;2107703;2022-09-09;0;
3;5;7;35;2;2;9;2;5;3;2021;36;1;3;3;1;1;2107704;2022-09-13;-1;
1;7;6;33;2;2;9;2;1;6;2007;34;1;4;4;1;1;2107705;2022-09-13;-1;
1;7;3;37;2;2;9;2;1;6;2003;38;1;4;4;1;1;2107901;2022-10-28;-1;
1;4;1;30;2;2;11;2;8;6;2012;32;1;3;4;1;1;2107902;2022-10-28;-2;
3;5;5;34;2;2;15;2;8;4;2021;36;1;4;4;1;1;2107906;2022-10-30;-2;
1;7;5;32;2;2;9;2;8;1;2013;31;1;4;3;1;1;2108001;2022-09-13;1;
3;7;7;80;1;1;7;2;1;2;1998;83;2;3;4;1;1;2108004;2022-09-29;-3;
1;7;7;46;2;2;9;2;5;3;2001;49;1;3;3;1;1;2108005;2022-09-29;-3;
1;7;7;32;2;2;9;2;1;6;2009;39;1;3;4;1;1;2108006;2022-10-05;-7;
3;7;7;31;1;1;13;2;8;5;2016;31;1;4;3;1;1;2108007;2022-10-06;0;
3;5;4;51;2;2;7;2;8;6;1987;50;2;4;3;1;1;2108009;2022-10-12;1;
3;7;7;24;1;1;7;2;8;5;2021;24;1;3;3;1;1;2108010;2022-10-13;0;
3;4;6;24;2;2;11;2;8;3;2021;25;1;4;5;1;1;2108202;2022-10-21;-1;
1;7;6;36;2;2;11;2;1;1;2009;35;1;3;4;1;1;2108207;2022-10-22;1;
1;7;6;30;2;2;7;2;2;6;2009;31;;4;4;1;1;2108208;2022-10-22;-1;
1;7;7;37;2;2;11;2;2;6;2011;43;1;4;4;1;1;2108210;2022-10-28;-6;
1;7;5;27;2;2;9;2;1;1;2016;37;1;4;4;1;1;2108501;2022-09-22;-10;
1;6;7;37;2;2;9;2;8;2;2019;35;1;5;5;1;1;2108505;2022-09-22;2;
3;7;6;32;1;1;11;2;8;5;2018;30;2;4;3;1;1;2108801;2022-11-14;2;
2;6;3;39;1;1;10;2;8;4;2022;25;1;4;4;1;1;2108807;2022-11-14;14;
2;6;6;25;2;2;9;2;8;1;2022;39;1;3;4;1;1;2108808;2022-11-14;-14;
1;7;6;39;2;2;10;2;1;6;2008;43;1;4;4;1;1;2108809;2022-11-14;-4;
3;7;7;53;1;1;15;2;1;4;2007;46;1;4;4;1;1;2108906;2022-11-02;7;
2;7;7;24;2;2;14;2;2;2;2016;24;1;4;4;1;1;2108910;2022-11-18;0;
3;5;5;35;1;1;13;2;8;3;2018;36;1;4;4;1;1;2109001;2022-08-28;-1;
3;6;6;45;1;1;9;2;1;5;2009;43;1;4;4;1;1;2109005;2022-09-12;2;
3;5;5;36;2;2;12;2;1;3;2016;36;1;4;5;1;1;2109008;2022-09-12;0;
2;7;7;31;1;1;8;2;2;2;2017;39;1;4;4;1;1;2109010;2022-11-18;-8;
1;3;5;40;1;2;9;2;2;2;2003;56;1;2;2;1;1;2109102;2022-11-14;-16;
3;5;5;42;2;2;9;2;8;2;1996;43;1;3;4;1;1;2109108;2022-11-20;-1;
1;;7;27;2;2;6;2;2;6;2012;27;2;4;3;1;1;2109210;2022-11-18;0;
1;6;5;43;2;2;9;2;1;6;2000;54;1;4;5;1;1;2109401;2022-11-10;-11;
1;7;4;42;1;1;7;2;8;3;1995;40;1;3;3;1;1;2109404;2022-11-10;2;
3;7;7;39;1;1;9;2;1;4;2000;37;1;4;4;1;1;2109405;2022-11-10;2;
3;6;5;42;1;1;9;2;2;5;2016;39;1;2;4;1;1;2109408;2022-11-10;3;
3;7;7;30;1;1;10;2;2;3;2012;28;1;5;5;1;1;2109409;2022-11-10;2;
1;7;7;40;2;2;10;2;2;1;2002;42;1;3;3;1;1;2109410;2022-11-10;-2;
2;7;6;30;2;2;9;2;1;6;2011;32;1;4;5;1;1;2109502;2022-11-12;-2;
3;6;6;50;1;1;9;2;1;6;1994;50;1;3;4;1;1;2109503;2022-11-12;0;
3;7;6;67;1;1;9;2;1;5;1974;66;1;4;3;1;1;2109505;2022-11-12;1;
2;5;2;27;2;2;9;2;1;3;2018;25;1;2;3;1;1;2109507;2022-11-14;2;
2;6;5;28;2;2;9;2;1;6;2014;42;2;2;4;1;1;2109510;2022-11-15;-14;
3;5;5;40;1;1;15;2;8;5;2015;39;1;4;5;1;1;2109602;2022-11-14;1;
3;7;6;40;1;1;11;2;2;5;2006;38;1;4;4;1;1;2109701;2022-10-05;2;
1;5;5;41;2;2;9;2;1;2;1996;51;1;3;4;1;1;2109902;2022-11-02;-10;
3;7;5;31;1;1;9;2;1;3;2021;33;1;4;4;1;1;2110001;2022-09-25;-2;
3;1;4;32;2;2;13;2;2;3;2021;31;1;4;4;1;1;2110003;2022-09-25;1;
3;7;6;50;2;2;11;2;1;3;1987;49;1;3;4;1;1;2110004;2022-09-25;1;
3;7;7;49;1;1;10;2;1;3;1987;50;1;5;4;1;1;2110006;2022-09-25;-1;
3;6;6;23;2;2;9;2;2;3;2019;31;1;4;4;1;1;2110102;2022-11-03;-8;
3;6;6;47;2;2;7;2;8;6;2012;66;1;4;4;1;1;2110401;2022-10-27;-19;
3;4;5;49;2;2;9;2;5;2;2022;54;1;3;4;1;1;2110402;2022-10-27;-5;
3;6;4;28;1;1;14;2;2;4;2019;28;1;4;4;1;1;2110503;2022-11-01;0;
3;6;6;34;1;1;15;2;8;1;2020;48;1;5;4;1;1;2110504;2022-11-01;-14;
2;7;6;28;2;2;14;2;2;1;2020;30;1;3;4;1;1;2110505;2022-11-02;-2;
3;7;5;21;1;1;14;2;8;1;2021;23;1;4;4;1;1;2110506;2022-11-03;-2;
1;7;5;24;2;2;14;2;8;6;2020;28;1;5;4;1;1;2110507;2022-11-06;-4;
2;6;5;26;2;2;13;2;2;1;2019;40;1;3;4;1;1;2110508;2022-11-10;-14;
3;7;6;25;2;2;9;2;8;3;2019;23;1;4;4;1;1;2110601;2022-11-10;2;
3;7;7;38;1;1;9;2;1;4;2010;36;2;4;4;1;1;2110605;2022-11-10;2;
3;7;7;28;1;1;9;2;8;5;2016;22;1;4;4;1;1;2110609;2022-11-10;6;
2;7;5;23;2;2;9;2;8;6;2016;29;1;4;3;1;1;2110610;2022-11-10;-6;
3;7;7;62;2;2;9;2;1;3;2014;63;2;3;4;1;1;2110801;2022-10-14;-1;
3;7;7;30;2;2;11;2;8;1;2008;29;1;3;3;1;1;2110802;2022-10-17;1;
2;7;7;75;2;2;7;2;6;6;1973;74;2;3;2;1;1;2110803;2022-10-17;1;
3;7;7;63;1;1;1;2;1;3;1991;61;2;3;4;1;1;2110804;2022-10-17;2;
3;6;5;24;2;2;9;2;8;2;2016;27;1;2;4;1;1;2110808;2022-10-19;-3;
3;7;6;22;1;1;12;2;8;1;2022;34;2;4;3;1;1;2110809;2022-10-19;-12;
1;7;7;33;2;2;9;2;1;6;2013;30;1;4;5;1;1;2110907;2022-10-30;3;
3;4;5;41;2;2;16;2;1;2;2013;46;2;3;4;1;1;2110909;2022-10-30;-5;
1;7;7;70;2;2;7;2;1;6;1982;69;2;3;3;1;1;2111101;2022-11-05;1;
3;7;7;28;2;2;7;2;2;2;2017;30;1;4;4;1;1;2111202;2022-11-05;-2;
3;5;7;39;2;2;8;2;3;3;2011;37;1;5;4;1;1;2111301;2022-11-05;2;
3;7;7;33;1;1;7;2;3;3;2013;33;1;4;4;1;1;2111303;2022-11-05;0;
3;5;4;60;2;2;9;2;3;3;1980;63;;3;4;1;1;2111305;2022-11-05;-3;
3;7;7;30;1;1;8;2;8;3;2016;30;1;3;3;1;1;2111306;2022-11-05;0;
3;7;5;44;1;1;9;2;8;3;2018;34;1;4;4;1;1;2111505;2022-11-05;10;
3;7;7;57;2;2;1;2;1;3;2014;68;1;4;4;1;1;2111801;2022-11-05;-11;
2;7;6;56;2;2;10;2;5;2;2002;50;1;4;4;1;1;2111901;2022-11-05;6;
3;3;7;48;2;2;7;2;8;4;2019;47;1;4;4;1;1;2111902;2022-11-05;1;
3;6;5;33;1;1;9;2;1;3;2010;35;1;3;4;1;1;2111905;2022-11-05;-2;
3;6;6;35;1;1;9;2;3;4;2018;30;1;4;3;1;1;2112001;2022-11-05;5;
2;6;6;34;1;6;11;2;8;5;2018;20;2;4;5;1;1;2112004;2022-11-05;14;
3;7;7;55;1;1;9;2;6;2;2015;55;1;4;4;1;1;2112302;2022-09-26;0;
3;5;4;82;1;1;7;2;1;5;1982;73;1;3;3;1;1;2112305;2022-09-27;9;
3;7;7;54;1;1;13;2;1;1;1991;54;1;3;5;1;1;2112408;2022-08-18;0;
1;3;6;74;2;2;7;2;1;2;1972;83;;3;3;1;1;2112409;2022-08-18;-9;
3;5;7;42;1;1;14;2;1;4;2005;40;1;4;4;1;1;2112410;2022-08-18;2;
3;7;7;29;2;2;13;2;3;2;2015;32;1;3;5;1;1;2112703;2022-09-28;-3;
3;6;6;51;1;1;9;2;1;1;1999;44;2;3;4;1;1;2112705;2022-09-28;7;
3;7;6;23;2;2;9;2;2;2;2018;27;1;4;3;1;1;2112707;2022-09-29;-4;
3;7;6;24;1;1;13;2;2;4;2020;23;1;4;3;1;1;2112708;2022-09-29;1;
3;6;7;26;2;2;9;2;2;2;2018;27;;4;4;1;1;2112709;2022-09-29;-1;
3;1;1;72;1;1;7;2;7;3;1998;71;2;2;2;1;1;2112807;2022-10-19;1;
3;7;5;30;1;1;13;2;3;5;2018;24;1;4;3;1;1;2112810;2022-10-28;6;
2;4;6;32;2;2;8;2;5;4;2019;36;2;4;4;1;1;2112903;2022-10-18;-4;
3;6;7;54;2;2;9;2;1;4;1999;56;1;4;4;1;1;2113106;2022-08-11;-2;
1;4;6;32;2;2;9;2;2;1;2010;33;1;3;3;1;1;2113109;2022-08-11;-1;
3;7;7;33;1;1;11;2;8;5;2017;39;1;4;4;1;1;2113110;2022-08-24;-6;
1;6;5;45;2;2;12;2;8;3;2008;55;1;3;3;1;1;2113205;2022-09-02;-10;
3;5;5;52;2;2;9;2;2;3;2003;49;1;3;4;1;1;2113206;2022-09-02;3;
3;7;7;45;2;2;12;2;8;3;2018;59;1;3;4;1;1;2113207;2022-09-02;-14;
1;6;6;29;2;2;11;2;8;1;2016;29;1;4;4;1;1;2113208;2022-09-02;0;
1;5;;33;2;2;9;2;2;6;2007;45;2;3;3;1;1;2113209;2022-09-08;-12;
3;4;6;40;2;2;9;2;2;3;2008;36;1;3;4;1;1;2113210;2022-09-08;4;
3;7;3;21;2;5;14;2;8;6;2022;21;1;3;5;1;1;2113401;2022-08-11;0;
3;7;6;31;1;1;14;2;2;3;2016;34;1;4;4;1;1;2113404;2022-08-11;-3;
3;3;4;80;1;1;7;2;1;5;1968;78;2;3;3;1;1;2113407;2022-08-11;2;
3;5;6;48;1;1;13;2;6;3;2020;42;1;4;4;1;1;2113610;2022-10-07;6;
2;2;3;38;2;2;9;2;8;2;2017;45;2;4;4;1;1;2113701;2022-11-08;-7;
3;6;5;39;1;1;12;2;2;1;2015;42;1;4;4;1;1;2113703;2022-11-08;-3;
3;5;5;38;2;2;14;2;6;2;2001;40;1;4;4;1;1;2113704;2022-11-08;-2;
3;6;6;29;1;6;15;2;2;3;2014;25;1;4;4;1;1;2113705;2022-11-08;4;
1;7;6;39;2;2;9;2;8;5;2008;33;1;5;5;1;1;2113902;2022-08-23;6;
3;7;7;30;2;2;9;2;8;2;2015;37;1;5;4;1;1;2113907;2022-08-19;-7;
3;7;5;26;1;1;9;2;8;5;2013;26;1;4;4;1;1;2113908;2022-08-22;0;
1;;2;65;2;2;7;2;1;2;1978;70;2;2;3;1;1;2114101;2022-09-20;-5;
3;7;7;25;1;1;9;2;8;3;2022;22;1;5;4;1;1;2114102;2022-09-21;3;
1;7;5;61;2;2;13;2;1;5;1989;69;1;3;3;1;1;2114103;2022-09-21;-8;
3;5;5;45;1;1;13;2;1;4;2002;46;1;4;5;1;1;2114104;2022-09-21;-1;
1;7;6;36;2;2;9;2;1;6;2015;31;1;4;4;1;1;2114106;2022-09-23;5;
3;7;7;54;2;2;11;2;6;4;2014;54;1;4;4;1;1;2114108;2022-09-23;0;
2;6;5;35;2;2;15;2;2;2;2020;34;1;3;3;1;1;2114301;2022-09-30;1;
2;6;7;26;2;2;13;2;8;2;2022;32;1;4;3;1;1;2114303;2022-10-13;-6;
1;6;6;64;2;2;11;2;1;2;1982;76;1;4;4;1;1;2114304;2022-10-13;-12;
2;6;4;28;2;2;9;2;8;1;2022;30;1;4;3;1;1;2114402;2022-08-24;-2;
1;7;6;43;2;2;13;2;1;1;1998;46;1;1;4;1;1;2114403;2022-08-24;-3;
3;7;7;30;2;2;12;2;2;2;2018;28;1;4;4;1;1;2114408;2022-08-25;2;
2;7;6;28;2;2;9;2;2;6;2017;27;1;4;4;1;1;2114410;2022-08-25;1;
3;6;5;36;1;1;11;2;8;4;2001;34;1;4;4;1;1;2114504;2022-11-10;2;
3;5;5;33;2;2;9;2;8;3;2018;34;1;4;4;1;1;2114702;2022-11-07;-1;
3;5;5;33;1;1;9;2;8;2;2015;30;2;4;4;1;1;2114704;2022-11-07;3;
2;6;6;45;2;2;12;2;1;4;2014;57;1;4;4;1;1;2114707;2022-11-07;-12;
1;6;5;32;1;1;11;2;1;6;2018;24;1;4;4;1;1;2114906;2022-11-14;8;
3;4;6;56;1;1;7;2;1;3;2000;54;1;4;3;1;1;2114908;2022-11-15;2;
3;6;6;62;1;1;11;2;1;5;1986;66;1;4;5;1;1;2115001;2022-10-06;-4;
3;7;7;57;2;2;13;2;1;4;1990;63;1;3;4;1;1;2115002;2022-10-07;-6;
1;5;5;57;2;2;13;2;1;6;1990;58;1;4;4;1;1;2115004;2022-10-07;-1;
3;6;6;40;1;1;15;2;5;5;2022;28;1;4;4;1;1;2115005;2022-10-07;12;
2;6;5;47;2;2;9;2;1;1;1990;49;1;3;4;1;1;2115006;2022-10-10;-2;
3;7;7;32;2;1;13;2;2;3;2015;28;1;4;4;1;1;2115206;2022-10-17;4;
3;7;7;32;2;2;7;2;1;2;2017;39;1;4;4;1;1;2115208;2022-10-15;-7;
2;4;6;47;1;1;10;2;8;4;2012;32;1;4;4;1;1;2115210;2022-10-17;15;
3;7;7;26;1;1;9;2;8;4;2020;29;1;4;4;1;1;2115301;2022-09-27;-3;
3;7;7;57;2;2;12;2;8;3;2000;45;1;4;4;1;1;2115303;2022-09-27;12;
3;7;6;30;1;1;15;2;8;5;2015;30;1;4;4;1;1;2115305;2022-09-27;0;
3;6;5;23;2;2;9;2;8;3;2020;22;1;3;3;1;1;2115408;2022-11-15;1;
3;5;6;31;1;1;15;2;8;3;2022;32;2;4;4;1;1;2115501;2022-09-13;-1;
3;7;7;37;1;1;13;2;1;4;2015;42;1;4;4;1;1;2115502;2022-09-15;-5;
3;5;2;58;1;1;15;2;1;5;2015;34;2;2;4;1;1;2115601;2022-10-14;24;
3;5;5;54;1;1;14;2;1;2;1999;41;1;4;4;1;1;2115602;2022-10-14;13;
3;4;4;34;1;1;11;2;2;4;2018;30;1;4;4;1;1;2115603;2022-10-14;4;
3;5;7;62;1;1;9;2;1;4;1985;56;1;3;3;1;1;2115604;2022-10-17;6;
3;6;6;29;1;1;9;2;2;5;2014;28;1;5;4;1;1;2115605;2022-10-17;1;
1;7;7;35;2;2;9;2;1;6;2010;35;1;5;5;1;1;2115607;2022-10-17;0;
2;7;7;30;2;2;11;2;8;3;2022;35;1;4;4;1;1;2115608;2022-10-18;-5;
2;6;6;39;2;2;15;2;1;6;2015;39;1;5;5;1;1;2115609;2022-10-18;0;
3;6;6;29;2;2;15;2;3;5;2019;32;1;5;5;1;1;2115701;2022-10-03;-3;
3;6;7;56;1;1;9;2;1;4;1980;50;1;4;4;1;1;2115704;2022-10-04;6;
3;6;7;59;2;2;9;2;6;2;2022;60;1;4;4;1;1;2115801;2022-10-24;-1;
3;7;7;26;2;2;15;2;3;4;2020;26;1;4;4;1;1;2115901;2022-08-31;0;
3;7;7;60;1;1;9;2;1;2;1986;59;1;4;4;1;1;2115902;2022-09-09;1;
3;6;7;36;1;1;15;2;5;5;2021;40;1;4;4;1;1;2115904;2022-09-20;-4;
3;7;6;36;2;1;14;2;8;3;2018;38;1;4;4;1;1;2116001;2022-11-18;-2;
2;3;5;40;2;2;9;2;8;2;2013;38;1;4;4;1;1;2116002;2022-11-18;2;
3;5;5;44;1;1;12;2;2;4;2018;40;1;4;4;1;1;2116005;2022-11-20;4;
1;6;5;42;1;1;8;2;6;1;2016;31;1;3;4;1;1;2116006;2022-11-18;11;
3;7;7;36;1;1;14;2;2;5;2005;37;1;5;4;1;1;2116101;2022-09-01;-1;
3;5;5;55;1;1;13;2;1;4;2003;40;1;4;3;1;1;2116103;2022-09-09;15;
2;;7;35;2;2;9;2;2;2;2008;38;1;3;3;1;1;2116104;2022-09-09;-3;
1;6;4;38;2;2;11;2;2;2;2017;37;1;4;4;1;1;2116106;2022-09-12;1;
2;7;6;29;2;2;9;2;2;3;2019;27;1;4;4;1;1;2116107;2022-09-13;2;
3;7;7;52;2;2;14;2;1;3;2000;20;1;4;4;1;1;2116201;2022-08-12;32;
3;6;6;46;2;1;9;2;1;2;1999;58;1;3;3;1;1;2116203;2022-08-16;-12;
3;7;7;64;2;2;13;2;1;3;1984;65;1;3;5;1;1;2116205;2022-08-16;-1;
3;7;7;41;2;2;15;2;1;3;2002;31;1;4;5;1;1;2116206;2022-08-15;10;
1;7;6;34;2;2;9;2;1;6;2006;34;1;4;3;1;1;2116401;2022-09-12;0;
3;6;5;31;1;1;9;2;2;5;2016;26;1;4;4;1;1;2116402;2022-09-13;5;
1;6;7;49;2;2;9;2;1;6;1989;51;1;3;5;1;1;2116403;2022-09-14;-2;
1;6;5;31;2;2;11;2;1;2;2019;31;1;3;4;1;1;2116406;2022-09-14;0;
2;6;6;46;2;2;7;2;5;2;2021;42;1;5;4;1;1;2116407;2022-09-14;4;
1;7;6;29;2;2;8;2;2;2;2008;45;1;4;4;1;1;2116501;2022-09-08;-16;
1;6;6;25;2;2;8;2;8;4;2021;28;1;5;4;1;1;2116503;2022-09-22;-3;
3;6;4;25;1;1;8;2;8;1;2021;28;1;4;4;1;1;2116504;2022-09-22;-3;
2;5;5;36;2;2;11;2;8;2;2017;42;1;4;4;1;1;2116601;2022-11-11;-6;
3;5;4;65;1;6;7;2;1;3;1990;58;1;4;3;1;1;2116607;2022-11-14;7;
3;4;5;35;1;1;9;2;8;4;2013;31;1;4;4;1;1;2117102;2022-11-13;4;
3;5;6;35;2;1;11;2;8;3;2016;39;1;4;4;1;1;2117103;2022-11-13;-4;
3;4;4;64;1;1;7;2;1;5;1981;60;2;3;3;1;1;2117107;2022-11-12;4;
3;6;6;32;1;1;13;2;1;3;2019;28;1;4;4;1;1;2117108;2022-11-13;4;
1;5;6;40;2;2;11;2;8;1;2018;48;2;4;4;1;1;2117302;2022-11-03;-8;
3;3;5;40;1;1;12;2;8;4;2014;37;1;3;4;1;1;2117405;2022-11-12;3;
3;7;7;32;2;2;11;2;1;3;2012;36;1;4;4;1;1;2117408;2022-11-12;-4;
3;3;3;56;1;1;7;2;1;4;2000;52;1;4;3;1;1;2117601;2022-11-13;4;
3;5;6;49;2;2;9;2;1;5;1990;50;2;4;4;1;1;2117606;2022-11-13;-1;
3;5;7;37;1;1;9;3;2;3;2017;63;2;1;1;1;1;3100208;2022-11-16;-26;
3;6;6;46;1;1;11;3;2;3;2002;46;1;3;4;1;1;3100502;2022-11-04;0;
3;6;5;55;2;2;13;3;1;2;1989;56;1;4;4;1;1;3100503;2022-11-02;-1;
3;7;6;51;1;1;15;3;1;5;2004;50;1;5;5;1;1;3100505;2022-11-01;1;
2;6;6;48;2;2;15;3;1;3;2008;55;1;4;4;1;1;3100602;2022-11-09;-7;
3;7;5;18;2;2;9;3;8;6;2022;19;1;4;4;1;1;3100804;2022-10-17;-1;
3;7;4;19;2;2;9;3;8;3;2022;18;1;4;4;1;1;3100805;2022-10-17;1;
3;7;7;27;1;1;15;3;;5;2022;24;1;5;5;1;1;3100905;2022-10-23;3;
1;6;7;47;2;2;9;3;1;6;1993;46;;3;3;1;1;3101002;2022-10-20;1;
3;6;7;58;1;1;7;3;1;3;1995;58;1;3;4;1;1;3101101;2022-10-13;0;
3;4;5;55;2;2;9;3;1;3;2000;53;1;3;4;1;1;3101102;2022-10-14;2;
3;7;6;53;1;1;9;3;1;5;1994;53;1;4;4;1;1;3101103;2022-10-17;0;
3;6;5;34;1;1;9;3;2;3;2022;23;1;4;3;1;1;3101108;2022-10-19;11;
1;7;7;51;2;2;9;3;1;6;1996;51;1;5;5;1;1;3101109;2022-10-19;0;
2;6;6;55;2;2;12;3;2;2;2002;57;1;5;5;1;1;3101110;2022-10-19;-2;
3;6;6;59;1;1;17;3;1;5;1991;57;1;5;5;1;1;3101207;2022-11-20;2;
3;6;6;63;1;1;15;3;8;3;2017;53;1;4;2;1;1;3101302;2022-09-10;10;
1;7;5;34;2;2;9;3;2;1;2006;45;1;3;3;1;1;3101304;2022-09-10;-11;
3;4;6;58;2;2;7;3;2;3;1997;65;1;4;4;1;1;3101307;2022-09-12;-7;
1;6;7;43;2;2;9;3;2;6;1979;46;1;4;3;1;1;3101308;2022-10-03;-3;
3;6;7;53;2;2;15;3;1;2;1990;58;1;5;4;1;1;3101407;2022-10-10;-5;
1;7;7;67;2;2;9;3;1;6;1978;66;1;4;5;1;1;3102003;2022-11-10;1;
2;7;6;50;1;1;9;3;3;2;2001;51;1;3;3;1;1;3102010;2022-11-18;-1;
1;6;6;30;2;2;7;3;2;6;2012;31;1;3;3;1;1;3102601;2022-11-25;-1;
1;6;6;47;2;2;7;3;2;6;1994;49;;4;5;1;1;3102603;2022-11-25;-2;
3;6;6;47;2;2;7;3;1;1;1994;49;1;4;4;1;1;3102608;2022-12-01;-2;
3;7;7;21;1;1;11;3;2;3;2020;20;1;4;4;1;1;3102705;2022-10-21;1;
3;7;5;20;2;2;9;3;8;3;2020;21;1;4;4;1;1;3102706;2022-10-21;-1;
1;5;6;31;2;2;15;3;8;6;2011;33;1;4;4;1;1;3102710;2022-11-08;-2;
3;7;7;50;1;1;13;3;2;5;2013;37;1;5;4;1;1;3102908;2022-10-25;13;
3;6;5;50;1;1;13;3;2;4;2000;47;1;4;4;1;1;3102910;2022-10-26;3;
2;7;6;21;1;1;12;3;8;3;2022;24;1;4;5;1;1;3103004;2022-10-09;-3;
3;7;7;80;1;1;9;3;1;5;1968;70;;2;4;1;1;3103101;2022-11-21;10;
1;6;7;73;2;2;1;3;1;2;1970;79;;3;4;1;1;3103103;2022-11-21;-6;
1;6;6;68;2;2;14;3;1;6;1980;65;1;3;4;1;1;3103107;2022-11-22;3;
1;6;7;52;2;2;7;3;1;6;1984;49;;4;4;1;1;3103108;2022-11-23;3;
1;7;7;33;2;2;9;3;2;6;2007;33;1;5;4;1;1;3103109;2022-11-23;0;
1;6;6;65;2;2;9;3;5;6;2012;67;1;3;3;1;1;3103110;2022-11-23;-2;
1;5;6;20;2;2;7;3;8;6;2016;21;1;2;4;1;1;3103204;2022-10-28;-1;
1;6;5;49;2;2;9;3;8;6;1990;63;1;4;4;1;1;3103205;2022-10-28;-14;
1;6;7;65;2;2;7;3;1;6;1985;70;;3;3;1;1;3103208;2022-11-10;-5;
2;7;5;32;2;2;12;3;8;1;2017;34;1;3;3;1;1;3103301;2022-10-27;-2;
3;6;6;29;2;2;15;3;2;2;2013;29;;3;;1;1;3103305;2022-11-15;0;
3;5;6;32;2;2;15;3;8;2;2018;30;1;4;5;1;1;3103308;2022-11-08;2;
1;7;7;23;2;2;13;3;1;6;2020;23;1;4;4;1;1;3103310;2022-11-08;0;
1;7;6;57;2;2;12;3;1;2;1984;59;;4;4;1;1;3103401;2022-10-22;-2;
1;7;7;61;2;2;9;3;2;6;2007;69;;3;5;1;1;3103402;2022-11-09;-8;
1;7;6;27;2;2;9;3;8;6;2020;31;1;4;4;1;1;3103406;2022-11-11;-4;
1;6;6;31;2;2;9;3;2;6;2014;31;1;5;5;1;1;3103408;2022-11-11;0;
1;5;6;45;2;3;9;3;2;2;2014;74;1;2;2;1;1;3103501;2022-10-06;-29;
1;6;6;57;2;2;7;3;2;6;1991;58;;3;2;1;1;3103502;2022-10-06;-1;
1;6;4;44;2;2;7;3;1;6;2012;51;;3;;1;1;3103503;2022-10-11;-7;
1;1;1;60;2;2;9;3;1;6;1999;62;2;2;2;1;1;3103504;2022-10-06;-2;
1;7;7;42;2;2;7;3;1;6;1999;45;2;5;5;1;1;3103507;2022-10-12;-3;
1;7;7;39;2;2;9;3;2;6;2019;29;1;4;4;1;1;3103508;2022-10-12;10;
3;6;5;25;2;2;14;3;3;2;2021;28;1;3;4;1;1;3103703;2022-10-27;-3;
2;6;7;57;2;2;9;3;1;2;1996;57;2;3;4;1;1;3103705;2022-10-27;0;
3;7;7;61;1;1;13;3;1;3;1997;51;1;4;4;1;1;3103706;2022-10-29;10;
3;5;7;41;2;2;13;3;1;2;2004;57;1;4;4;1;1;3103707;2022-10-28;-16;
2;5;7;48;2;2;10;3;1;1;1999;47;1;4;3;1;1;3103708;2022-10-28;1;
2;7;7;26;2;2;9;3;2;4;2016;27;1;5;5;1;1;3103801;2022-11-29;-1;
3;7;7;46;2;2;7;3;1;2;1990;56;1;5;5;1;1;3103802;2022-11-29;-10;
1;6;7;31;2;2;11;3;2;6;2007;44;1;5;4;1;1;3104001;2022-09-14;-13;
3;3;5;67;1;1;7;3;1;3;1991;72;;2;2;1;1;3104002;2022-09-26;-5;
3;1;7;63;2;2;7;3;1;6;1977;75;;4;4;1;1;3104005;2022-09-14;-12;
1;4;3;61;2;2;7;3;1;6;1978;64;2;3;3;1;1;3104006;2022-09-22;-3;
3;4;3;54;2;2;9;3;1;2;1990;55;;3;3;1;1;3104007;2022-09-26;-1;
1;7;7;27;2;2;14;3;2;2;2015;28;1;5;5;1;1;3104010;2022-09-23;-1;
1;7;6;68;1;1;3;3;1;2;1975;66;1;3;2;1;1;3104202;2022-09-09;2;
2;7;7;23;2;2;9;3;8;6;2015;25;1;4;4;1;1;3104203;2022-10-20;-2;
2;;6;78;2;2;6;3;8;6;1970;87;2;4;4;1;1;3104208;2022-10-20;-9;
1;5;6;64;2;2;9;3;1;6;1979;68;1;3;4;1;1;3104209;2022-10-26;-4;
3;1;7;57;1;1;9;3;1;5;1990;59;;3;5;1;1;3104505;2022-10-06;-2;
2;6;7;49;2;2;11;3;1;2;1997;57;1;4;4;1;1;3104701;2022-11-17;-8;
3;4;6;50;1;1;15;3;1;4;2008;48;1;5;4;1;1;3104704;2022-11-27;2;
1;7;5;27;2;2;15;3;8;1;2020;26;1;3;5;1;1;3104706;2022-11-28;1;
1;6;6;63;2;2;9;3;1;1;1979;64;1;5;5;1;1;3104707;2022-11-28;-1;
3;6;6;49;1;1;9;3;2;5;2005;51;1;4;5;1;1;3104708;2022-11-29;-2;
3;6;6;54;1;1;9;3;2;5;2016;44;1;4;4;1;1;3104709;2022-11-29;10;
1;;3;40;2;2;9;3;1;6;2006;46;1;4;4;1;1;3104801;2022-11-30;-6;
1;7;3;45;2;2;13;3;1;6;2006;46;1;5;4;1;1;3104803;2022-12-01;-1;
3;7;7;38;1;1;15;3;2;4;2016;36;1;5;5;1;1;3104805;2022-12-04;2;
3;6;6;48;2;2;13;3;8;2;2008;50;1;4;4;1;1;3104901;2022-11-26;-2;
3;5;6;63;2;2;13;3;1;3;1986;63;1;4;4;1;1;3104904;2022-12-02;0;
3;4;6;47;1;1;9;3;8;5;1990;39;1;3;3;1;1;3105005;2022-11-30;8;
3;6;6;30;1;1;9;3;2;5;2017;24;1;4;4;1;1;3105201;2022-12-01;6;
1;5;6;32;2;2;7;3;8;6;2005;32;1;3;3;1;1;3105308;2022-10-04;0;
3;7;4;34;1;1;9;3;2;4;2021;22;1;3;4;1;1;3105403;2022-10-19;12;
1;7;7;33;2;2;9;3;2;6;2005;32;1;5;5;1;1;3105404;2022-09-08;1;
3;6;7;40;2;2;7;3;8;3;2011;33;1;4;5;1;1;3105405;2022-09-09;7;
2;6;6;27;2;2;9;3;1;6;2016;27;1;5;4;1;1;3105406;2022-10-19;0;
3;6;6;62;1;1;9;3;1;2;1980;61;1;4;4;1;1;3105502;2022-10-06;1;
1;1;5;62;2;2;9;3;1;6;1982;58;2;3;3;1;1;3105504;2022-10-12;4;
3;7;7;61;1;1;9;3;3;5;2002;62;1;4;4;1;1;3105505;2022-10-07;-1;
2;6;6;50;2;2;14;3;1;1;2001;51;1;4;5;1;1;3105506;2022-10-06;-1;
1;7;5;49;2;2;13;3;1;6;2006;41;1;4;4;1;1;3105703;2022-11-24;8;
1;1;3;66;2;2;9;3;1;1;1976;82;2;4;4;1;1;3105704;2022-11-24;-16;
3;6;6;29;1;1;9;3;2;4;2014;28;1;4;4;1;1;3105710;2022-12-01;1;
3;4;4;32;2;2;9;3;2;3;2013;36;1;4;4;1;1;3105906;2022-10-18;-4;
2;6;4;51;2;2;11;3;1;1;1989;52;1;4;4;1;1;3106003;2022-11-11;-1;
2;4;5;50;2;2;9;3;2;2;2012;45;2;3;3;1;1;3106005;2022-11-12;5;
3;6;3;25;1;1;10;3;8;2;2019;28;1;4;4;1;1;3106101;2022-10-27;-3;
3;6;5;31;1;1;15;3;5;2;2022;32;1;5;5;1;1;3106106;2022-10-28;-1;
3;7;7;31;1;1;13;3;8;3;2012;39;1;5;5;1;1;3106107;2022-10-28;-8;
3;5;4;39;2;2;9;3;6;4;2022;40;1;3;4;1;1;3106108;2022-10-28;-1;
3;6;6;52;1;1;11;3;2;2;1997;52;1;4;4;1;1;3106203;2022-08-29;0;
2;;6;66;2;2;9;3;2;2;1996;76;2;3;5;1;1;3106205;2022-09-05;-10;
1;6;6;63;2;2;9;3;1;2;1979;62;1;4;4;1;1;3106207;2022-08-29;1;
3;7;6;47;2;2;15;3;2;2;2019;43;1;4;4;1;1;3106302;2022-08-23;4;
3;7;7;33;1;1;9;3;2;5;2016;30;1;5;4;1;1;3106303;2022-08-23;3;
3;6;6;59;2;2;9;3;1;3;1979;59;1;3;3;1;1;3106305;2022-08-24;0;
3;5;6;62;2;2;9;3;2;3;1986;56;1;3;2;1;1;3106307;2022-08-24;6;
3;7;7;31;1;1;9;3;1;3;2007;32;1;5;4;1;1;3106309;2022-08-24;-1;
1;6;6;39;2;2;7;3;2;2;2007;34;1;4;4;1;1;3106405;2022-08-22;5;
3;5;7;64;2;2;9;3;1;2;1974;69;1;4;4;1;1;3106501;2022-10-08;-5;
2;5;6;59;2;2;14;3;2;2;2016;58;1;4;4;1;1;3106510;2022-10-30;1;
3;5;5;35;2;2;7;3;2;2;2021;46;1;3;4;1;1;3106605;2022-08-25;-11;
2;7;7;45;2;2;7;3;1;2;1991;56;1;4;4;1;1;3106607;2022-10-04;-11;
3;5;6;65;2;2;7;3;2;4;1987;81;1;4;4;1;1;3106608;2022-10-06;-16;
3;6;6;59;1;1;7;3;1;4;1985;55;1;4;4;1;1;3106808;2022-10-04;4;
3;6;6;33;1;1;14;3;8;4;2019;33;1;3;3;1;1;3107005;2022-10-11;0;
3;6;4;26;2;2;15;3;8;3;2016;25;1;4;3;1;1;3107009;2022-10-22;1;
2;6;3;56;2;2;7;3;1;2;1981;60;1;4;4;1;1;3107101;2022-09-12;-4;
1;7;7;44;2;2;12;3;2;6;2008;46;1;4;4;1;1;3107103;2022-09-12;-2;
3;6;6;46;1;1;11;3;2;4;2010;28;1;5;5;1;1;3107105;2022-10-17;18;
3;6;6;66;1;1;7;3;1;4;1970;64;1;5;4;1;1;3107107;2022-10-18;2;
1;7;6;37;2;2;9;3;8;2;2002;44;1;4;4;1;1;3107305;2022-10-12;-7;
3;5;6;41;2;2;15;3;1;3;2000;41;1;4;4;1;1;3107306;2022-10-12;0;
3;5;5;68;2;2;9;3;1;2;1973;69;2;3;4;1;1;3107307;2022-10-12;-1;
3;7;5;43;1;1;15;3;1;5;2000;42;1;5;5;1;1;3107310;2022-10-17;1;
1;6;4;29;1;1;11;3;8;5;2020;26;1;3;4;1;1;3107502;2022-11-06;3;
3;4;5;27;1;1;14;3;8;1;2021;35;1;3;3;1;1;3107504;2022-11-06;-8;
3;6;6;35;1;1;15;3;8;4;2021;27;1;4;4;1;1;3107505;2022-11-06;8;
2;4;4;26;2;2;9;3;8;2;2020;29;1;3;3;1;1;3107506;2022-11-07;-3;
2;6;6;31;2;2;9;3;8;1;2021;41;1;4;3;1;1;3107609;2022-11-09;-10;
2;5;3;49;2;2;9;3;1;2;1998;50;1;2;2;1;1;3107703;2022-11-09;-1;
2;1;5;56;2;2;9;3;5;5;2009;62;2;3;3;1;1;3107704;2022-11-10;-6;
3;7;6;28;2;2;15;3;8;4;2020;28;1;4;4;1;1;3107708;2022-11-11;0;
3;7;7;43;1;1;15;3;5;3;2022;34;1;4;4;1;1;3107709;2022-11-11;9;
2;6;7;43;2;2;13;3;1;2;2000;46;1;4;4;1;1;3107802;2022-11-12;-3;
1;5;4;50;2;2;9;3;2;1;1996;50;1;3;3;1;1;3107803;2022-11-22;0;
3;6;4;46;1;1;9;3;1;2;1999;43;1;5;4;1;1;3107805;2022-11-22;3;
3;4;5;57;1;1;9;3;1;5;1995;50;1;3;3;1;1;3107807;2022-11-22;7;
1;4;4;50;2;2;9;3;1;1;1995;57;1;3;3;1;1;3107808;2022-11-22;-7;
3;6;6;29;1;1;13;3;8;3;2019;27;1;4;4;1;1;3107901;2022-11-23;2;
3;7;7;52;2;2;9;3;8;2;2018;52;1;4;4;1;1;3107908;2022-11-25;0;
3;7;6;30;1;1;11;3;8;4;2019;25;1;5;4;1;1;3107909;2022-11-27;5;
2;5;4;65;2;2;9;3;8;1;1994;54;2;3;3;1;1;3108005;2022-11-26;11;
2;6;6;41;2;2;12;3;1;1;2008;46;1;4;4;1;1;3108007;2022-11-27;-5;
3;4;5;65;2;2;7;3;8;5;1979;82;2;3;3;1;1;3108008;2022-11-27;-17;
3;5;6;46;1;1;15;3;1;4;2005;41;1;4;4;1;1;3108009;2022-11-27;5;
3;6;4;46;1;1;9;3;8;5;2021;45;1;4;4;1;1;3108010;2022-11-27;1;
3;3;6;55;1;1;14;3;1;5;1995;56;2;3;4;1;1;3108601;2022-09-14;-1;
3;3;4;55;1;1;14;3;1;4;1983;56;2;3;3;1;1;3108605;2022-08-23;-1;
3;6;5;52;1;1;9;3;1;5;1996;53;1;3;4;1;1;3108703;2022-09-21;-1;
1;7;7;36;2;2;9;3;8;6;2009;45;1;4;4;1;1;3108705;2022-09-21;-9;
1;7;7;31;2;2;7;3;8;6;2006;30;1;4;4;1;1;3108706;2022-09-23;1;
1;7;7;37;2;2;9;3;8;6;1999;28;1;5;5;1;1;3108708;2022-09-21;9;
3;4;5;70;2;2;9;3;7;3;2008;73;1;3;3;1;1;3108804;2022-10-03;-3;
3;4;6;47;1;1;9;3;8;5;2014;31;2;3;3;1;1;3109103;2022-10-13;16;
3;7;7;49;1;1;15;3;1;4;1985;49;1;5;4;1;1;3109109;2022-09-11;0;
1;7;7;38;2;2;9;3;8;6;2003;59;1;4;4;1;1;3109201;2022-09-29;-21;
2;1;6;58;2;2;9;3;2;1;2005;65;2;3;3;1;1;3109203;2022-10-03;-7;
2;7;5;36;2;2;14;3;8;2;2017;37;1;3;3;1;1;3109206;2022-09-29;-1;
3;6;7;67;1;1;7;3;1;4;2000;57;1;2;4;1;1;3109209;2022-09-29;10;
3;4;6;76;1;1;6;3;3;5;1993;50;1;3;4;1;1;3109401;2022-10-17;26;
2;3;7;68;2;2;8;3;1;5;1973;69;2;3;3;1;1;3109404;2022-08-22;-1;
2;3;5;79;2;2;13;3;1;3;1957;80;2;3;3;1;1;3109405;2022-09-02;-1;
3;3;6;88;1;1;8;3;1;2;1953;85;2;3;4;1;1;3109408;2022-09-02;3;
3;6;5;34;1;1;11;3;1;3;2000;34;1;4;4;1;1;3109409;2022-09-07;0;
1;5;7;60;2;2;7;3;8;2;1987;75;1;3;3;1;1;3109508;2022-10-17;-15;
3;6;6;56;2;2;13;3;6;2;2011;53;2;4;4;1;1;3109509;2022-10-17;3;
3;7;5;28;2;2;13;3;8;2;2021;24;1;3;3;1;1;3109607;2022-10-17;4;
3;7;7;31;1;1;11;3;8;5;2010;31;1;4;5;1;1;3109608;2022-10-18;0;
1;7;7;19;2;2;11;3;8;6;2022;25;1;4;4;1;1;3109609;2022-10-18;-6;
1;4;6;53;2;2;11;3;1;6;2001;57;;4;3;1;1;3109610;2022-10-18;-4;
1;5;5;61;2;2;13;3;1;6;1985;62;1;3;3;1;1;3109704;2022-10-18;-1;
2;6;6;43;2;2;9;3;8;2;2002;38;1;4;4;1;1;3110003;2022-09-22;5;
1;7;7;47;2;2;11;3;1;6;1996;50;2;4;4;1;1;3110004;2022-09-13;-3;
1;7;7;40;2;2;7;3;8;6;2000;50;1;4;4;1;1;3110006;2022-09-26;-10;
1;5;5;38;2;2;9;3;1;6;2007;42;1;4;3;1;1;3110007;2022-09-23;-4;
3;7;5;57;1;1;11;3;1;5;1993;58;1;4;4;1;1;3110008;2022-09-13;-1;
1;5;4;47;2;2;9;3;2;6;2004;58;1;3;5;1;1;3110009;2022-09-09;-11;
1;7;7;27;2;2;13;3;1;6;2015;36;;5;5;1;1;3110010;2022-09-22;-9;
2;7;7;78;2;2;8;3;2;2;1997;59;1;4;5;1;1;3110202;2022-09-05;19;
3;5;6;57;2;2;9;3;1;2;2004;60;1;2;4;1;1;3110203;2022-09-06;-3;
1;7;6;28;2;2;9;3;8;6;2019;33;1;5;4;1;1;3110206;2022-09-12;-5;
3;5;5;28;2;2;15;4;2;4;2021;32;1;4;4;1;1;4100201;2022-10-09;-4;
3;7;7;50;1;1;15;4;2;1;2001;45;1;5;5;1;1;4100402;2022-10-13;5;
3;2;4;75;1;1;6;4;1;3;1976;70;2;2;3;1;1;4100407;2022-10-13;5;
3;2;4;80;1;1;6;4;1;3;1962;81;;3;3;1;1;4100408;2022-10-13;-1;
3;7;7;45;1;1;13;4;1;2;2013;40;1;3;4;1;1;4100701;2022-09-28;5;
1;3;6;60;2;2;9;4;1;6;1978;65;2;3;3;1;1;4100703;2022-09-28;-5;
2;7;6;23;2;2;14;4;2;3;2019;24;1;5;5;1;1;4100707;2022-09-28;-1;
2;7;6;33;1;1;15;4;1;5;2010;32;1;5;4;1;1;4100709;2022-09-28;1;
2;7;7;48;1;1;15;4;1;3;1998;45;1;4;5;1;1;4100710;2022-09-28;3;
3;6;4;38;1;1;10;4;1;5;2010;35;1;3;3;1;1;4100901;2022-09-07;3;
3;6;6;40;1;;15;4;3;3;2015;35;1;5;5;1;1;4100903;2022-09-22;5;
3;6;6;36;1;1;13;4;1;4;2005;39;1;5;5;1;1;4100905;2022-09-22;-3;
1;7;7;37;2;2;15;4;1;5;2005;41;1;4;5;1;1;4100907;2022-09-22;-4;
3;6;6;54;1;1;11;4;2;2;1992;52;1;4;4;1;1;4100909;2022-09-22;2;
1;6;6;30;2;2;11;4;1;2;2010;35;1;4;4;1;1;4101001;2022-08-11;-5;
1;6;6;52;2;2;9;4;1;5;1990;50;1;4;5;1;1;4101003;2022-08-21;2;
1;2;1;53;2;2;14;4;2;1;2017;49;1;1;3;1;1;4101006;2022-08-22;4;
3;6;6;55;1;1;11;4;2;2;1998;56;1;4;3;1;1;4101009;2022-08-22;-1;
1;1;5;50;2;2;9;4;1;1;1992;55;1;4;4;1;1;4101010;2022-08-22;-5;
3;7;7;50;1;1;15;4;1;3;1999;52;1;3;4;1;1;4101104;2022-09-29;-2;
2;6;6;57;2;2;7;4;1;3;1983;67;1;4;4;1;1;4101105;2022-09-29;-10;
1;6;6;60;2;2;9;4;1;5;1985;60;1;4;4;1;1;4101201;2022-10-02;0;
3;3;6;65;1;1;7;4;1;5;1983;99;;3;3;1;1;4101202;2022-10-02;-34;
3;7;7;42;1;1;9;4;1;5;2010;41;1;4;5;1;1;4101205;2022-10-02;1;
3;1;5;58;1;1;7;4;1;3;1994;58;;3;3;1;1;4101302;2022-10-01;0;
1;2;5;73;2;2;7;4;1;2;1971;73;;3;3;1;1;4101304;2022-10-01;0;
1;7;5;26;2;2;13;4;8;6;2016;26;1;4;4;1;1;4101305;2022-10-01;0;
2;3;4;31;2;2;9;4;3;2;2016;32;1;4;3;1;1;4101310;2022-10-01;-1;
1;3;7;75;1;1;7;4;1;3;1967;75;;3;3;1;1;4101402;2022-10-01;0;
1;2;5;78;2;2;7;4;1;3;1966;85;;2;4;1;1;4101403;2022-10-01;-7;
2;7;7;31;2;2;12;4;2;5;2016;32;1;3;4;1;1;4101406;2022-10-01;-1;
1;7;7;39;2;2;11;4;2;5;2018;35;1;4;5;1;1;4101407;2022-10-01;4;
3;3;7;78;1;1;7;4;1;3;1972;69;;4;5;1;1;4101408;2022-10-01;9;
3;4;7;60;1;1;7;4;2;3;1989;61;;3;5;1;1;4101409;2022-10-01;-1;
3;1;6;50;1;1;11;4;1;4;1998;45;;3;3;1;1;4101501;2022-10-02;5;
3;6;5;41;2;2;15;4;1;4;2005;41;1;4;4;1;1;4101502;2022-10-02;0;
1;7;5;49;2;2;11;4;8;2;2002;58;1;4;4;1;1;4101503;2022-10-02;-9;
3;7;6;48;1;1;11;4;1;4;2012;49;1;4;5;1;1;4101701;2022-08-31;-1;
2;6;6;52;2;2;9;4;1;3;1988;55;1;3;4;1;1;4101702;2022-09-01;-3;
1;3;7;77;2;2;6;4;1;2;1970;76;;3;3;1;1;4101703;2022-09-06;1;
2;6;6;52;2;2;9;4;1;2;1989;54;1;3;4;1;1;4101704;2022-09-09;-2;
3;7;6;55;2;2;15;4;8;2;2017;43;1;4;5;1;1;4101705;2022-09-09;12;
3;6;6;29;2;2;13;4;8;4;2020;25;1;3;4;1;1;4101706;2022-09-12;4;
1;6;5;63;2;2;10;4;1;6;1981;69;1;4;3;1;1;4101707;2022-09-12;-6;
2;6;7;62;2;2;11;4;1;2;1983;68;;4;4;1;1;4101901;2022-10-09;-6;
3;5;6;74;2;2;11;4;1;3;1969;74;;4;4;1;1;4101902;2022-10-09;0;
1;6;6;55;2;2;15;4;1;4;1992;56;1;4;4;1;1;4101904;2022-10-14;-1;
2;6;7;72;1;1;7;4;1;4;1982;66;;3;4;1;1;4101906;2022-09-12;6;
3;5;5;79;1;2;11;4;1;4;1975;73;;4;4;1;1;4101907;2022-10-09;6;
3;6;7;73;1;1;8;4;1;4;1973;76;;3;3;1;1;4102002;2022-10-13;-3;
3;7;7;79;1;1;9;4;1;4;1974;69;;4;4;1;1;4102009;2022-10-13;10;
3;7;7;31;2;2;13;4;8;4;2019;24;;4;4;1;1;4102010;2022-10-13;7;
2;3;3;39;2;2;9;4;2;1;2019;44;1;4;3;1;1;4102101;2022-09-29;-5;
1;7;7;26;2;2;5;4;2;5;2020;35;;3;3;1;1;4102103;2022-09-29;-9;
1;6;5;40;2;2;9;4;1;1;2008;50;1;5;4;1;1;4102107;2022-09-29;-10;
1;7;6;68;1;1;9;4;1;1;1983;64;2;3;4;1;1;4102108;2022-09-29;4;
3;7;7;32;1;1;14;4;1;5;2012;32;1;4;5;1;1;4102110;2022-09-29;0;
2;7;7;34;2;2;15;4;1;2;2017;38;1;4;4;1;1;4102301;2022-09-29;-4;
1;5;5;55;2;2;9;4;1;6;1993;59;;3;3;1;1;4102302;2022-09-29;-4;
2;7;7;54;2;2;13;4;8;;2010;59;1;3;4;1;1;4102309;2022-09-30;-5;
1;7;7;38;2;2;11;4;1;2;2010;46;1;2;3;1;1;4102401;2022-09-14;-8;
3;3;5;68;1;1;9;4;1;5;1981;65;2;3;5;1;1;4102403;2022-09-14;3;
3;7;6;36;2;2;15;4;1;3;2010;49;1;5;5;1;1;4102407;2022-09-14;-13;
1;5;6;66;2;2;7;4;1;2;1984;60;;4;4;1;1;4102408;2022-09-14;6;
1;5;6;69;2;2;7;4;2;2;1982;65;2;3;3;1;1;4102409;2022-09-14;4;
1;7;7;32;2;2;15;4;1;6;2011;35;1;5;5;1;1;4102504;2022-09-15;-3;
1;6;6;82;2;2;7;4;1;2;1960;92;;3;3;1;1;4102505;2022-09-15;-10;
3;7;7;35;1;1;13;4;1;4;2012;27;1;4;4;1;1;4102508;2022-09-15;8;
1;7;7;48;2;2;13;4;1;5;1995;50;;5;4;1;1;4102509;2022-09-15;-2;
3;2;6;71;1;1;7;4;1;1;1973;65;2;3;3;1;1;4102602;2022-10-12;6;
3;5;5;50;2;2;9;4;1;3;1992;53;1;4;4;1;1;4102605;2022-10-12;-3;
3;6;5;34;2;2;9;4;8;2;2002;52;1;3;4;1;1;4102606;2022-10-12;-18;
1;6;6;39;2;2;12;4;6;6;2018;44;1;2;4;1;1;4102701;2022-09-30;-5;
1;7;7;30;2;2;9;4;8;6;2010;32;1;4;4;1;1;4102704;2022-09-30;-2;
2;7;7;46;2;2;7;4;8;3;2004;49;;2;4;1;1;4102705;2022-10-01;-3;
1;7;7;40;2;2;9;4;1;6;1998;44;;4;4;1;1;4102706;2022-10-01;-4;
3;7;6;40;1;1;9;4;8;2;2005;36;1;4;4;1;1;4102707;2022-10-01;4;
3;6;5;40;2;1;15;4;8;3;2015;39;1;3;4;1;1;4102810;2022-10-08;1;
3;4;5;53;1;1;9;4;1;4;1995;48;1;4;5;1;1;4102901;2022-09-30;5;
3;7;7;24;2;2;15;4;8;2;2019;25;1;4;4;1;1;4102902;2022-09-30;-1;
3;3;5;50;1;1;13;4;1;4;1990;68;2;3;4;1;1;4102905;2022-09-30;-18;
3;6;3;40;2;2;9;4;2;4;2019;39;1;4;4;1;1;4102908;2022-09-30;1;
3;6;4;50;2;2;7;4;8;2;1995;54;;3;4;1;1;4102909;2022-09-30;-4;
3;5;6;53;2;2;14;4;4;2;1990;52;;4;4;1;1;4102910;2022-09-30;1;
1;7;7;52;2;2;9;4;1;6;1995;50;1;3;3;1;1;4103102;2022-10-13;2;
1;7;7;51;2;2;12;4;1;6;1996;56;1;4;4;1;1;4103103;2022-10-13;-5;
1;4;6;58;2;2;9;4;1;6;1980;62;;3;4;1;1;4103104;2022-10-13;-4;
2;7;6;21;2;2;14;4;8;2;2020;22;1;4;4;1;1;4103108;2022-10-14;-1;
1;7;6;44;2;2;9;4;1;6;2002;48;;4;4;1;1;4103110;2022-10-14;-4;
1;7;5;65;2;2;9;4;1;6;1982;62;;4;4;1;1;4103201;2022-10-14;3;
2;6;6;47;2;2;9;4;1;2;2006;47;;4;4;1;1;4103202;2022-10-14;0;
3;7;7;28;2;2;15;4;8;2;2020;31;1;4;4;1;1;4103204;2022-10-15;-3;
3;4;6;67;2;2;15;4;1;4;1979;67;1;4;4;1;1;4103205;2022-10-15;0;
3;6;4;70;1;1;13;4;1;4;1974;64;;4;4;1;1;4103206;2022-10-15;6;
1;5;6;56;2;2;13;4;1;6;1987;63;1;4;4;1;1;4103207;2022-10-15;-7;
3;7;7;62;2;2;13;4;8;2;2022;71;1;4;4;1;1;4103210;2022-10-15;-9;
3;7;5;22;1;1;13;4;8;4;2018;22;;4;4;1;1;4103303;2022-10-08;0;
2;6;5;60;2;2;11;4;7;2;2002;62;;3;3;1;1;4103304;2022-10-08;-2;
1;4;4;61;2;2;7;4;1;4;1999;73;;3;4;1;1;4103502;2022-09-29;-12;
3;6;7;60;2;2;7;4;1;3;1983;61;;4;4;1;1;4103507;2022-09-29;-1;
1;6;5;33;2;2;11;4;8;2;2017;35;1;4;5;1;1;4103508;2022-09-29;-2;
2;6;6;53;2;2;7;4;1;2;1984;63;;4;4;1;1;4103509;2022-09-29;-10;
1;2;7;53;1;1;9;4;1;6;2007;53;;4;4;1;1;4103701;2022-10-02;0;
2;7;6;53;2;2;12;4;3;2;1987;63;;4;4;1;1;4103702;2022-10-02;-10;
3;7;7;70;2;2;17;4;8;2;1995;68;1;5;5;1;1;4104001;2022-08-25;2;
1;5;5;70;2;2;15;4;1;3;1979;69;1;3;4;1;1;4104002;2022-08-25;1;
1;7;5;60;2;2;13;4;1;;1998;52;1;4;4;1;1;4104003;2022-08-26;8;
2;7;7;58;2;2;15;4;1;1;1988;62;1;4;4;1;1;4104004;2022-08-27;-4;
3;7;6;32;1;1;15;4;2;4;2021;32;1;4;4;1;1;4104006;2022-08-27;0;
3;5;7;61;2;2;12;4;1;2;1999;62;2;4;4;1;1;4104008;2022-08-31;-1;
2;7;7;63;2;2;9;4;1;1;1983;65;1;4;5;1;1;4104010;2022-09-01;-2;
3;4;5;34;2;2;17;4;8;3;2020;41;1;3;4;1;1;4104103;2022-10-09;-7;
3;7;5;48;1;1;12;4;1;2;2013;37;1;4;4;1;1;4104302;2022-10-11;11;
3;7;7;27;1;1;9;4;8;3;2016;26;1;4;4;1;1;4104304;2022-10-11;1;
1;7;5;59;2;2;7;4;1;1;2000;62;;4;4;1;1;4104305;2022-10-11;-3;
3;6;6;37;1;1;13;4;1;3;2011;27;1;4;4;1;1;4104306;2022-10-11;10;
3;6;6;45;1;1;11;4;1;5;2002;45;1;4;4;1;1;4104401;2022-09-12;0;
1;6;5;59;2;2;9;4;1;4;1982;61;2;4;4;1;1;4104402;2022-08-04;-2;
1;3;4;63;2;2;11;4;2;4;2016;57;2;3;3;1;1;4104403;2022-09-12;6;
3;1;7;75;1;1;7;4;1;4;1973;76;2;3;3;1;1;4104405;2022-09-12;-1;
3;7;6;45;1;1;15;4;2;3;2018;50;1;5;5;1;1;4104407;2022-09-12;-5;
2;5;5;65;2;2;14;4;1;3;1981;67;2;3;3;1;1;4104501;2022-10-11;-2;
3;7;4;41;1;1;13;4;1;1;2003;32;1;4;4;1;1;4104503;2022-10-11;9;
3;4;5;41;1;1;11;4;1;1;2018;33;1;4;4;1;1;4104504;2022-10-11;8;
1;6;7;47;2;2;9;4;1;6;1994;50;;4;4;1;1;4104701;2022-10-01;-3;
1;7;7;54;2;2;7;4;8;6;1993;59;;3;3;1;1;4104702;2022-10-01;-5;
2;7;4;26;2;2;15;4;8;6;2018;29;;3;5;1;1;4104703;2022-10-01;-3;
1;7;6;51;2;2;9;4;2;6;2012;61;;3;4;1;1;4104704;2022-10-01;-10;
2;5;6;48;2;2;9;4;8;2;2014;42;;3;4;1;1;4104707;2022-10-02;6;
1;7;4;39;2;2;7;4;8;6;2010;50;;3;4;1;1;4104708;2022-10-02;-11;
3;7;7;29;1;1;9;4;8;4;2014;28;;4;4;1;1;4104709;2022-10-02;1;
3;2;5;68;2;2;9;4;1;6;1979;75;;3;3;1;1;4104710;2022-10-02;-7;
2;7;6;28;2;2;13;4;8;4;2016;38;1;4;4;1;1;4104901;2022-10-14;-10;
3;6;6;54;1;1;12;4;6;4;1994;48;1;4;4;1;1;4104903;2022-10-14;6;
3;7;7;42;2;2;15;4;8;2;2021;45;1;4;4;1;1;4104907;2022-10-14;-3;
3;5;5;57;2;2;7;4;1;3;1980;58;1;4;4;1;1;4105002;2022-10-01;-1;
3;7;7;50;1;1;14;4;2;2;2015;37;1;4;4;1;1;4105003;2022-10-01;13;
3;7;7;34;2;2;13;4;8;2;2015;35;1;4;4;1;1;4105006;2022-10-01;-1;
3;7;7;35;1;1;9;4;8;2;2015;34;1;4;4;1;1;4105007;2022-10-01;1;
2;3;5;70;2;2;6;4;1;2;1975;66;;4;4;1;1;4105102;2022-10-07;4;
3;6;5;40;2;2;9;4;6;2;2015;39;;4;4;1;1;4105303;2022-10-08;1;
2;6;7;37;2;2;9;4;8;2;2015;34;;4;4;1;1;4105305;2022-10-08;3;
3;5;7;75;1;1;9;4;1;2;1975;70;;4;4;1;1;4105306;2022-10-08;5;
3;4;7;71;1;1;7;4;1;4;1984;66;;4;4;1;1;4105307;2022-10-08;5;
3;4;7;65;1;1;11;4;1;3;1976;66;;3;4;1;1;4105501;2022-10-03;-1;
3;5;4;20;1;1;14;4;8;4;2017;22;1;3;4;1;1;4105504;2022-10-03;-2;
1;7;6;39;2;2;9;4;8;6;2004;37;;4;3;1;1;4105701;2022-10-08;2;
2;7;7;36;2;2;13;4;5;2;2022;40;1;4;4;1;1;4105807;2022-10-13;-4;
3;7;7;30;2;2;15;4;8;3;2020;36;1;4;4;1;1;4105810;2022-10-13;-6;
3;7;7;47;1;1;7;4;1;4;1992;44;;4;4;1;1;4105901;2022-10-10;3;
1;7;7;44;2;2;7;4;1;6;1994;46;;3;4;1;1;4105902;2022-10-10;-2;
1;7;7;69;2;2;9;4;1;6;1985;70;;4;4;1;1;4105903;2022-10-10;-1;
3;7;6;25;2;2;12;4;8;3;2022;36;1;4;4;1;1;4105905;2022-10-10;-11;
2;7;3;30;2;2;11;4;8;2;2021;37;;3;4;1;1;4105906;2022-10-10;-7;
1;7;7;27;2;2;9;4;8;6;2013;28;1;4;4;1;1;4105910;2022-10-10;-1;
2;7;7;40;2;2;15;4;6;2;2018;41;1;4;4;1;1;4106002;2022-09-28;-1;
1;6;6;59;2;2;9;4;6;6;2002;62;1;3;4;1;1;4106004;2022-09-27;-3;
2;7;5;31;2;2;15;4;1;2;2017;38;1;3;4;1;1;4106006;2022-09-28;-7;
1;6;6;58;2;2;13;4;1;6;1982;66;1;3;4;1;1;4106010;2022-10-07;-8;
1;7;5;66;2;2;9;4;1;2;1990;60;1;3;4;1;1;4106101;2022-09-29;6;
1;7;7;73;2;2;7;4;1;2;1975;69;1;4;4;1;1;4106102;2022-09-29;4;
3;7;7;30;1;1;13;4;1;4;2016;29;1;4;4;1;1;4106103;2022-09-29;1;
1;7;7;61;2;2;7;4;1;6;1981;63;1;4;4;1;1;4106104;2022-09-29;-2;
1;7;5;52;2;2;7;4;8;6;1996;56;;4;3;1;1;4106106;2022-09-29;-4;
1;7;7;50;2;2;13;4;1;2;1997;50;2;2;5;1;1;4106107;2022-09-29;0;
3;5;4;27;2;2;13;4;1;3;2015;30;1;4;4;1;1;4106202;2022-10-09;-3;
1;7;7;65;2;2;7;4;1;6;1978;71;;2;4;1;1;4106303;2022-09-29;-6;
1;6;5;53;2;2;13;4;1;6;1992;62;;4;4;1;1;4106305;2022-09-30;-9;
2;7;7;63;2;2;15;4;1;4;2000;59;1;5;5;1;1;4106401;2022-09-09;4;
1;2;5;53;2;2;13;4;1;1;1988;58;2;3;4;1;1;4106402;2022-09-06;-5;
1;7;7;53;2;2;9;4;1;6;1995;56;1;5;5;1;1;4106403;2022-09-06;-3;
2;6;6;70;2;2;15;4;1;1;1982;68;1;4;4;1;1;4106404;2022-09-08;2;
1;4;6;43;2;2;7;4;8;4;1998;46;1;4;4;1;1;4106405;2022-09-07;-3;
1;6;7;62;2;2;11;4;1;6;1979;64;1;3;4;1;1;4106406;2022-09-09;-2;
1;7;6;50;2;2;9;4;1;6;1990;59;1;2;4;1;1;4106407;2022-09-10;-9;
1;5;6;59;2;2;11;4;1;6;1989;58;1;4;4;1;1;4106408;2022-09-13;1;
3;7;7;59;1;1;15;4;1;3;1990;59;1;5;5;1;1;4106409;2022-09-13;0;
1;7;6;39;2;2;9;4;2;5;2003;39;1;3;4;1;1;4106601;2022-09-30;0;
1;7;6;53;2;2;11;4;1;5;1997;54;1;4;4;1;1;4106602;2022-09-30;-1;
1;7;7;28;2;2;15;4;2;5;2019;44;1;5;4;1;1;4106603;2022-09-30;-16;
1;7;5;41;2;2;13;4;1;5;2008;47;1;3;4;1;1;4106605;2022-09-30;-6;
1;7;5;42;1;1;9;4;1;5;2003;36;1;4;4;1;1;4106607;2022-09-30;6;
1;7;7;38;2;2;9;4;1;5;2003;40;1;5;5;1;1;4106608;2022-09-30;-2;
1;5;6;45;1;1;11;4;1;5;2009;42;1;3;5;1;1;4106609;2022-09-30;3;
1;6;6;36;2;2;11;4;1;5;2008;37;1;4;4;1;1;4106610;2022-09-30;-1;
2;6;6;23;2;2;9;4;2;3;2018;25;1;4;5;1;1;4106702;2022-10-08;-2;
2;6;6;40;1;1;9;4;1;1;2003;43;1;4;4;1;1;4106704;2022-10-08;-3;
3;4;5;69;2;2;9;4;1;;1973;70;;4;4;1;1;4106802;2022-10-11;-1;
3;7;7;33;2;2;15;4;8;4;2020;24;1;4;4;1;1;4106803;2022-10-11;9;
3;7;6;34;1;1;13;4;1;4;2013;32;1;4;4;1;1;4106804;2022-10-11;2;
3;7;7;28;1;1;11;4;8;4;2018;23;1;4;4;1;1;4106805;2022-10-11;5;
3;5;7;75;2;2;11;4;1;3;1967;80;;4;4;1;1;4106808;2022-10-11;-5;
3;7;7;66;1;1;15;4;5;4;2018;55;1;4;5;1;1;4106903;2022-10-11;11;
1;6;6;41;2;2;13;4;8;6;2013;39;1;4;4;1;1;4106904;2022-10-11;2;
2;1;3;54;2;2;12;4;1;6;1986;48;2;3;4;1;1;4106908;2022-10-10;6;
1;6;5;50;2;2;9;4;8;6;1990;56;1;4;4;1;1;4107601;2022-09-30;-6;
1;5;6;48;2;2;13;4;2;6;1997;54;1;4;4;1;1;4107602;2022-09-30;-6;
1;3;6;65;2;2;7;4;2;2;1990;68;2;3;4;1;1;4107604;2022-09-30;-3;
1;5;7;51;2;2;7;4;8;6;1994;53;;4;4;1;1;4107608;2022-09-30;-2;
1;4;6;68;2;2;7;4;1;6;1985;70;;4;4;1;1;4107703;2022-10-05;-2;
3;7;7;25;2;2;15;4;8;2;2020;38;1;4;4;1;1;4107706;2022-08-23;-13;
2;6;6;46;1;1;13;4;1;1;2005;45;1;4;4;1;1;4107707;2022-10-04;1;
3;7;7;73;1;1;13;4;1;3;1974;63;;4;4;1;1;4107802;2022-10-05;10;
1;7;7;27;2;2;15;4;5;6;2022;33;1;4;3;1;1;4107806;2022-10-05;-6;
3;7;5;52;1;1;9;4;1;4;1987;52;1;4;4;1;1;4107807;2022-10-05;0;
1;7;7;45;2;2;13;4;;6;2010;50;;4;4;1;1;4107808;2022-10-05;-5;
1;6;6;48;2;2;9;4;6;6;2016;59;1;3;4;1;1;4108001;2022-09-15;-11;
3;7;5;51;1;1;13;4;1;6;2012;47;1;4;5;1;1;4108002;2022-09-15;4;
3;7;7;55;1;1;7;4;5;4;2016;48;1;4;4;1;1;4108003;2022-09-15;7;
3;7;7;19;1;1;14;4;8;6;2022;20;1;5;5;1;1;4108005;2022-09-15;-1;
3;7;7;43;1;1;7;4;1;3;2010;40;1;4;4;1;1;4108006;2022-09-15;3;
2;7;7;60;1;1;7;4;1;3;1995;70;1;4;4;1;1;4108009;2022-09-15;-10;
1;5;7;28;2;2;13;4;8;2;2013;30;1;4;4;1;1;4108404;2022-10-07;-2;
1;5;7;62;2;2;9;4;1;2;1981;68;2;4;4;1;1;4108405;2022-10-07;-6;
3;3;5;79;1;1;7;4;1;3;1963;76;1;3;3;1;1;4108409;2022-10-07;3;
3;4;6;68;1;1;10;4;1;3;1980;67;2;3;4;1;1;4108501;2022-09-08;1;
3;7;6;23;2;2;9;4;2;1;2018;24;1;4;4;1;1;4108502;2022-09-08;-1;
3;4;7;68;2;2;15;4;1;3;1985;74;2;4;4;1;1;4108504;2022-09-08;-6;
3;7;6;54;1;1;9;4;2;5;2015;53;1;3;4;1;1;4108505;2022-09-20;1;
3;6;4;34;1;1;13;4;2;5;2016;26;1;4;4;1;1;4108506;2022-09-20;8;
2;7;6;35;2;2;11;4;2;1;2012;39;1;4;4;1;1;4108509;2022-09-23;-4;
3;6;4;79;1;1;7;4;1;3;1948;87;;3;3;1;1;4108603;2022-09-06;-8;
3;1;4;62;2;2;12;4;1;2;1979;65;2;2;1;1;1;4108606;2022-08-31;-3;
3;7;6;62;1;1;7;4;1;2;1987;58;1;4;2;1;1;4108607;2022-09-03;4;
1;7;6;69;2;2;7;4;1;1;1976;81;1;3;4;1;1;4108609;2022-09-06;-12;
3;6;6;31;2;2;15;4;8;3;2017;31;1;4;4;1;1;4108706;2022-09-21;0;
1;5;6;30;2;2;10;4;8;6;2010;36;1;4;5;1;1;4108709;2022-08-24;-6;
1;7;6;29;2;2;9;4;1;6;2008;34;2;4;4;1;1;4108903;2022-09-28;-5;
1;7;7;41;2;2;7;4;1;6;1997;47;1;4;4;1;1;4108905;2022-09-28;-6;
3;7;7;77;1;1;7;4;1;5;1973;74;1;4;4;1;1;4109001;2022-09-23;3;
3;7;7;52;2;2;15;4;1;2;2015;54;1;5;5;1;1;4109005;2022-09-29;-2;
1;6;7;63;2;2;9;4;1;6;1978;64;1;4;4;1;1;4109006;2022-09-29;-1;
2;1;5;85;1;1;7;4;1;3;1965;82;;3;3;1;1;4109104;2022-09-12;3;
3;7;7;36;2;2;13;4;8;5;2021;30;1;5;4;1;1;4109201;2022-09-09;6;
1;7;5;52;2;2;7;4;2;6;1991;51;1;5;4;1;1;4109202;2022-09-09;1;
2;6;6;43;2;2;15;4;8;2;2010;55;1;4;4;1;1;4109302;2022-09-07;-12;
3;6;7;52;1;1;13;4;1;4;1994;50;1;4;4;1;1;4109304;2022-09-07;2;
3;4;6;63;1;1;13;4;1;5;1983;59;1;5;4;1;1;4109305;2022-09-06;4;
3;7;7;43;2;2;13;4;1;3;2001;45;1;4;4;1;1;4109404;2022-08-17;-2;
1;7;5;38;2;2;13;4;2;1;2008;43;1;4;4;1;1;4109602;2022-09-25;-5;
3;4;5;62;1;1;11;4;6;4;2006;48;2;3;4;1;1;4109603;2022-08-23;14;
3;7;5;49;2;2;14;4;1;3;2000;51;1;4;5;1;1;4109604;2022-09-27;-2;
3;7;6;44;1;1;15;4;1;4;2001;39;1;4;5;1;1;4109607;2022-08-23;5;
3;6;6;81;1;1;8;4;1;4;1942;79;2;4;4;1;1;4109608;2022-09-27;2;
3;7;7;49;1;1;13;4;1;4;2012;52;1;4;4;1;1;4109610;2022-09-25;-3;
1;5;7;52;2;2;9;4;3;1;1989;57;1;4;4;1;1;4109701;2022-09-07;-5;
;7;7;62;2;2;7;4;1;;1997;64;;5;4;1;1;4109709;2022-09-09;-2;
3;6;6;77;1;1;15;4;1;5;1980;64;1;5;5;1;1;4109801;2022-09-20;13;
3;7;6;38;1;1;15;4;6;3;2008;45;1;4;4;1;1;4109802;2022-09-21;-7;
1;6;6;48;2;2;13;4;1;1;1992;48;1;4;4;1;1;4109803;2022-09-22;0;
3;2;6;76;2;2;7;4;1;6;1971;68;2;3;5;1;1;4109805;2022-09-16;8;
1;7;7;50;2;2;9;4;1;6;1989;50;1;5;5;1;1;4109809;2022-09-21;0;
3;4;7;65;1;1;15;4;1;2;1981;64;1;3;5;1;1;4109810;2022-09-21;1;
3;7;7;29;1;1;13;4;2;3;2016;25;1;5;5;1;1;4110002;2022-10-07;4;
3;7;7;53;1;1;9;4;6;5;2013;53;1;4;4;1;1;4110004;2022-10-07;0;
3;7;6;50;2;2;15;4;1;6;2000;54;1;3;3;1;1;4110005;2022-10-07;-4;
1;7;7;37;2;2;11;4;2;2;2003;37;1;4;4;1;1;4110102;2022-09-27;0;
1;3;4;59;2;2;9;4;1;6;1998;62;;3;;1;1;4110103;2022-09-27;-3;
2;7;6;43;2;2;11;4;8;4;2020;34;1;4;4;1;1;4110104;2022-09-27;9;
2;5;5;35;2;2;15;4;3;2;2018;35;1;4;4;1;1;4110202;2022-09-06;0;
1;5;5;59;2;2;9;4;1;1;1995;63;1;3;4;1;1;4110204;2022-09-06;-4;
2;5;5;35;2;2;13;4;2;1;2019;40;1;4;4;1;1;4110205;2022-09-06;-5;
3;5;4;38;1;1;13;4;1;4;2021;32;1;5;4;1;1;4110206;2022-09-06;6;
3;7;7;30;1;1;15;4;1;1;2010;34;1;5;5;1;1;4110301;2022-10-06;-4;
;5;6;79;1;1;9;4;1;;1984;80;;4;4;1;1;4110303;2022-10-06;-1;
3;6;6;48;1;1;15;4;2;2;2012;46;1;4;5;1;1;4110305;2022-09-06;2;
2;6;6;28;2;2;12;4;2;1;2018;35;1;4;4;1;1;4110501;2022-09-28;-7;
3;6;6;44;1;1;13;4;2;5;2016;37;1;3;4;1;1;4110506;2022-09-27;7;
3;5;5;33;1;1;14;4;1;4;2020;31;1;4;4;1;1;4110602;2022-09-13;2;
2;5;5;29;2;2;9;4;1;1;2019;35;1;4;4;1;1;4110603;2022-09-13;-6;
3;5;6;38;1;1;15;4;8;3;2022;35;1;4;4;1;1;4110607;2022-09-13;3;
3;4;4;30;2;2;14;4;8;3;2015;33;1;3;3;1;1;4110608;2022-09-13;-3;
2;6;6;41;2;2;13;4;8;2;2004;51;1;4;4;1;1;4110702;2022-10-04;-10;
3;7;7;26;1;1;13;4;1;4;2019;24;1;4;4;1;1;4110704;2022-10-04;2;
2;4;5;46;2;2;13;4;1;1;1994;46;2;4;4;1;1;4110802;2022-10-07;0;
2;5;5;66;2;2;15;4;1;2;1983;64;1;4;5;1;1;4110804;2022-10-04;2;
2;7;6;60;2;2;9;4;1;2;2004;46;1;4;5;1;1;4110809;2022-10-05;14;
2;7;5;53;2;2;13;4;1;2;1989;60;1;5;4;1;1;4110810;2022-10-07;-7;
2;7;7;78;1;1;7;4;1;3;1965;77;;4;4;1;1;4110901;2022-09-12;1;
1;3;7;77;2;2;7;4;1;2;1965;81;2;4;4;1;1;4110902;2022-09-12;-4;
3;7;7;58;2;2;9;4;5;4;2001;58;1;4;4;1;1;4110906;2022-09-14;0;
2;7;5;33;2;2;12;4;2;2;2008;34;1;4;4;1;1;4111101;2022-09-10;-1;
2;4;5;58;2;2;13;4;1;2;1987;60;1;4;4;1;1;4111102;2022-09-10;-2;
3;7;7;66;1;1;11;4;1;4;1981;64;1;4;4;1;1;4111301;2022-10-04;2;
1;5;5;69;2;2;7;4;1;6;1972;73;;2;4;1;1;4111303;2022-10-04;-4;
2;7;7;44;2;2;13;4;1;2;2005;52;1;3;4;1;1;4111305;2022-10-04;-8;
2;7;7;56;2;2;9;4;1;3;1987;56;;4;4;1;1;4111306;2022-10-04;0;
3;3;5;82;1;1;7;4;1;3;1963;85;;3;4;1;1;4111310;2022-10-04;-3;
3;6;5;50;2;2;9;4;1;3;2001;50;1;3;4;1;1;4111402;2022-09-20;0;
3;7;7;42;2;2;15;4;1;3;2000;44;1;4;4;1;1;4111404;2022-09-14;-2;
3;6;5;79;2;2;8;4;1;3;1968;76;2;4;4;1;1;4111405;2022-09-14;3;
1;5;5;52;2;2;13;4;8;6;1998;58;1;4;5;1;1;4111406;2022-09-27;-6;
3;6;6;41;1;1;17;4;8;5;2021;30;1;3;4;1;1;4111407;2022-09-14;11;
3;7;4;56;2;2;15;4;1;3;1988;62;1;4;4;1;1;4111408;2022-09-14;-6;
1;6;6;47;2;2;11;4;1;1;2002;60;1;4;4;1;1;4111410;2022-09-20;-13;
3;7;7;26;1;1;9;4;8;4;2022;20;1;3;4;1;1;4111504;2022-10-06;6;
2;6;6;60;2;2;7;4;1;3;1991;65;1;3;5;1;1;4111506;2022-10-05;-5;
2;7;6;20;2;2;9;4;2;1;2022;26;1;4;4;1;1;4111507;2022-10-05;-6;
1;6;7;29;2;2;14;4;8;1;2013;32;1;4;4;1;1;4111508;2022-10-05;-3;
2;7;5;25;2;2;11;4;2;3;2016;32;1;3;5;1;1;4111510;2022-10-05;-7;
3;7;7;52;1;1;9;4;1;4;1999;26;1;5;5;1;1;4111604;2022-08-08;26;
3;7;6;28;1;1;14;4;1;4;2019;35;1;5;3;1;1;4111605;2022-08-11;-7;
1;7;6;30;1;1;15;4;8;2;2020;42;1;4;4;1;1;4111701;2022-09-22;-12;
1;7;7;35;1;1;15;4;8;1;2020;35;1;4;2;1;1;4111704;2022-09-23;0;
2;7;7;76;2;2;7;4;1;2;1964;77;2;3;5;1;1;4111707;2022-09-27;-1;
3;6;7;69;2;2;15;4;1;5;1981;69;1;4;4;1;1;4111708;2022-09-27;0;
1;6;5;54;2;2;9;4;1;2;1991;51;;4;5;1;1;4112201;2022-09-28;3;
2;6;6;60;2;2;9;4;1;2;1982;66;;4;4;1;1;4112202;2022-09-28;-6;
2;5;5;54;2;2;11;4;1;2;1991;54;1;4;4;1;1;4112203;2022-09-28;0;
3;7;7;52;1;1;9;4;8;4;2018;52;1;5;5;1;1;4112204;2022-09-28;0;
3;4;6;80;1;1;9;4;1;2;1979;72;;4;4;1;1;4112205;2022-09-28;8;
2;7;1;52;2;2;9;4;1;2;1984;53;;1;4;1;1;4112303;2022-09-15;-1;
1;6;6;46;2;2;12;4;5;2;2022;40;1;4;4;1;1;4112305;2022-09-15;6;
3;7;7;53;1;1;11;4;1;4;1998;50;1;4;4;1;1;4112307;2022-09-15;3;
3;6;6;47;1;1;11;4;1;4;2004;39;1;3;4;1;1;4112308;2022-09-15;8;
3;6;6;72;1;1;11;4;1;4;1969;69;1;5;4;1;1;4112309;2022-09-15;3;
3;7;7;55;2;2;11;4;1;3;1985;57;1;4;4;1;1;4112310;2022-09-15;-2;
3;5;6;68;1;1;11;4;1;4;1980;72;1;4;4;1;1;4112502;2022-09-27;-4;
3;6;4;45;2;2;13;4;6;2;2018;41;2;3;5;1;1;4112503;2022-08-16;4;
3;5;5;61;1;1;14;4;1;4;1987;58;1;3;3;1;1;4112504;2022-08-21;3;
2;1;5;45;2;2;13;4;3;1;2011;44;2;4;4;1;1;4112505;2022-08-12;1;
3;6;7;58;1;1;15;4;8;4;1997;47;1;4;4;1;1;4112506;2022-09-27;11;
1;6;5;42;2;2;9;4;1;6;2005;46;1;3;5;1;1;4112508;2022-08-11;-4;
1;6;6;62;2;2;14;4;1;6;1984;71;;3;4;1;1;4112702;2022-10-07;-9;
1;7;6;64;1;1;7;4;1;3;1978;63;;4;5;1;1;4112706;2022-10-07;1;
3;7;7;60;1;1;11;4;1;4;1986;60;1;5;5;1;1;4112710;2022-10-07;0;
2;3;4;45;2;2;15;4;1;2;2011;48;1;4;4;1;1;4113002;2022-09-13;-3;
2;5;4;51;1;1;15;4;1;2;1999;47;1;4;5;1;1;4113003;2022-09-13;4;
1;4;5;46;2;2;13;4;8;2;1998;49;1;4;4;1;1;4113202;2022-09-26;-3;
3;6;5;48;1;1;12;4;1;4;2010;34;1;4;4;1;1;4113204;2022-09-26;14;
1;7;5;22;2;2;13;4;8;2;2018;23;1;4;4;1;1;4113205;2022-09-26;-1;
1;3;7;81;2;2;7;4;6;4;2012;73;;4;4;1;1;4113305;2022-10-05;8;
1;7;7;23;2;2;7;4;8;6;2018;26;;4;4;1;1;4113306;2022-10-05;-3;
1;6;6;73;2;2;9;4;1;1;1999;83;2;4;4;1;1;4113501;2022-10-04;-10;
1;7;6;62;2;2;11;4;1;1;1981;61;1;4;4;1;1;4113502;2022-10-04;1;
1;5;5;52;2;2;7;4;8;6;1980;51;1;3;4;1;1;4113505;2022-09-26;1;
3;5;5;62;1;1;13;4;8;4;2019;33;1;4;4;1;1;4114002;2022-09-28;29;
3;7;2;25;2;2;12;4;8;4;2021;26;1;4;4;1;1;4114004;2022-09-29;-1;
3;7;7;60;1;1;13;4;5;5;2012;55;;4;4;1;1;4114006;2022-09-29;5;
;2;7;62;2;2;11;4;1;;1985;62;;2;4;1;1;4114007;2022-09-29;0;
2;7;7;74;2;2;9;4;1;6;1975;73;;4;4;1;1;4114008;2022-09-29;1;
1;5;7;65;2;2;7;4;2;6;1984;69;2;4;4;1;1;4114102;2022-09-28;-4;
3;6;6;35;2;2;9;4;2;2;2000;35;1;3;4;1;1;4114103;2022-09-28;0;
1;4;7;57;2;2;7;4;2;6;1980;61;1;3;3;1;1;4114104;2022-09-28;-4;
2;6;4;56;2;2;9;4;1;6;1989;64;1;3;3;1;1;4114105;2022-09-28;-8;
3;7;2;22;2;2;14;4;8;3;2022;22;1;4;4;1;1;4114201;2022-08-27;0;
3;7;5;23;2;2;14;4;8;3;2022;22;1;1;4;1;1;4114202;2022-08-27;1;
1;7;1;31;2;2;13;4;8;2;2020;26;1;4;2;1;1;4114401;2022-09-10;5;
1;7;4;70;2;2;7;4;1;6;1996;70;;3;3;1;1;4114402;2022-09-10;0;
3;7;7;23;1;1;16;4;8;6;2018;22;;4;4;1;1;4114602;2022-10-06;1;
3;7;7;41;1;1;7;4;8;3;2016;41;;4;4;1;1;4114603;2022-10-06;0;
3;7;7;72;1;1;7;4;1;3;1970;71;2;5;4;1;1;4114703;2022-09-30;1;
3;6;5;46;1;1;15;4;1;2;1992;45;1;4;4;1;1;4114704;2022-09-30;1;
3;7;7;24;2;2;9;4;2;3;2019;41;2;4;5;1;1;4114705;2022-10-01;-17;
2;7;7;40;2;2;13;4;1;1;2001;46;2;4;5;1;1;4114707;2022-10-01;-6;
1;3;4;44;2;2;9;4;1;6;1990;54;2;3;4;1;1;4114708;2022-10-01;-10;
2;6;2;33;2;2;9;4;8;2;2011;33;2;3;3;1;1;4114710;2022-10-01;0;
1;6;6;55;2;2;10;4;1;6;1991;55;1;4;5;1;1;4114904;2022-09-29;0;
3;7;6;39;2;2;13;4;8;3;2006;39;1;4;5;1;1;4114910;2022-09-15;0;
2;5;5;54;2;2;11;4;1;2;1989;54;1;4;4;1;1;4115001;2022-09-13;0;
3;1;6;61;2;2;11;4;8;2;1996;62;2;4;4;1;1;4115002;2022-09-22;-1;
3;7;6;25;2;2;12;4;8;3;2017;30;1;4;4;1;1;4115003;2022-09-13;-5;
2;4;4;49;2;2;9;4;8;1;2022;49;1;3;3;1;1;4115006;2022-09-22;0;
3;6;6;25;2;2;13;4;8;2;2021;25;1;4;4;1;1;4115007;2022-09-10;0;
1;7;6;53;2;2;7;4;1;3;1990;56;1;4;4;1;1;4115008;2022-09-10;-3;
1;7;7;71;1;1;7;4;1;3;1975;67;1;4;4;1;1;4115101;2022-08-24;4;
2;7;4;38;2;2;11;4;2;3;2020;32;1;3;4;1;1;4115105;2022-08-30;6;
3;6;5;39;2;2;13;4;8;2;2017;34;;4;4;1;1;4115203;2022-10-04;5;
3;5;6;60;2;2;14;4;8;3;2006;66;;4;4;1;1;4115205;2022-10-04;-6;
2;6;4;69;2;2;9;4;1;2;1982;69;;4;4;1;1;4115206;2022-10-04;0;
1;7;7;48;2;2;17;4;8;6;1998;52;1;4;4;1;1;4115207;2022-10-04;-4;
2;7;7;34;2;2;13;4;8;2;2016;40;1;4;4;1;1;4115301;2022-10-05;-6;
3;7;7;28;1;1;7;4;8;3;2018;25;;4;3;1;1;4115302;2022-10-05;3;
1;6;5;41;2;2;9;4;2;5;2010;44;1;4;4;1;1;4115303;2022-10-05;-3;
1;7;6;25;1;1;14;4;2;3;2015;25;1;5;3;1;1;4115304;2022-10-05;0;
1;6;6;41;1;1;11;4;1;3;2002;37;1;4;5;1;1;4115305;2022-10-05;4;
3;6;6;38;1;1;13;4;6;4;2022;42;2;4;4;1;1;4115306;2022-10-05;-4;
3;7;5;29;2;2;13;4;8;2;2022;29;1;4;4;1;1;4115307;2022-10-05;0;
1;6;7;28;2;2;9;4;8;2;2000;32;1;3;3;1;1;4115308;2022-10-05;-4;
1;7;7;21;2;2;14;4;2;3;2019;30;1;5;4;1;1;4115403;2022-09-12;-9;
3;3;6;60;2;2;9;4;1;4;1985;75;2;4;4;1;1;4115404;2022-09-12;-15;
2;4;7;69;2;2;8;4;1;2;1972;72;1;4;4;1;1;4115408;2022-09-14;-3;
3;1;7;67;1;1;11;4;1;4;1979;67;2;4;4;1;1;4115409;2022-09-14;0;
3;7;6;45;1;1;10;4;1;5;2003;41;1;4;5;1;1;4115501;2022-09-12;4;
3;6;6;32;2;2;13;4;8;3;2019;40;1;3;4;1;1;4115502;2022-09-15;-8;
3;5;6;41;2;2;15;4;2;4;2022;29;1;5;4;1;1;4115503;2022-09-22;12;
3;7;7;64;2;2;15;4;1;3;1978;65;1;5;1;1;1;4115507;2022-09-15;-1;
3;7;6;40;2;2;15;4;1;2;2009;40;1;4;5;1;1;4115509;2022-09-16;0;
3;5;4;58;2;2;15;4;1;2;2010;62;1;2;4;1;1;4115510;2022-09-20;-4;
1;7;7;36;2;2;11;4;8;1;2016;40;1;4;4;1;1;4115603;2022-09-22;-4;
1;5;5;59;2;2;9;4;1;6;1989;59;1;4;3;1;1;4115607;2022-09-22;0;
1;7;6;37;2;2;9;4;1;6;2008;36;1;4;5;1;1;4115608;2022-09-22;1;
1;7;7;38;2;2;9;4;2;6;2002;39;1;5;4;1;1;4115609;2022-09-22;-1;
1;5;7;56;2;2;9;4;1;6;1986;54;1;4;4;1;1;4115703;2022-10-19;2;
1;7;6;37;2;2;7;4;1;1;2001;41;1;3;4;1;1;4115807;2022-10-18;-4;
3;6;7;80;1;1;7;4;1;4;1982;50;1;4;4;1;1;4115902;2022-10-18;30;
1;6;7;36;2;2;14;4;8;4;2012;38;1;4;4;1;1;4115903;2022-10-18;-2;
3;4;3;70;1;1;7;4;3;2;2001;64;;3;1;1;1;4115904;2022-10-18;6;
3;5;7;62;1;1;9;4;1;4;1986;61;;4;3;1;1;4115905;2022-10-18;1;
1;6;6;43;2;2;9;4;8;6;2000;43;;4;4;1;1;4115907;2022-10-18;0;
1;1;4;65;2;2;7;4;7;6;1982;68;;2;4;1;1;4115908;2022-10-18;-3;
3;3;4;73;2;2;7;4;1;3;1970;74;2;4;4;1;1;4115910;2022-10-18;-1;
3;3;6;65;1;1;7;4;1;1;1990;62;1;3;5;1;1;4116001;2022-09-24;3;
1;7;7;33;2;2;9;4;8;6;2008;32;1;4;4;1;1;4116003;2022-09-28;1;
3;7;7;32;2;2;15;4;8;2;2016;38;1;5;5;1;1;4116007;2022-09-24;-6;
3;2;5;81;1;1;1;4;5;;2011;40;;3;3;1;1;4116009;2022-09-24;41;
1;6;7;48;2;2;9;4;2;3;2003;55;1;4;3;1;1;4116103;2022-09-24;-7;
1;6;5;54;2;2;9;4;1;2;1989;56;1;4;4;1;1;4116104;2022-09-24;-2;
3;7;5;48;2;2;9;4;1;2;1989;52;1;4;4;1;1;4116110;2022-09-24;-4;
2;6;6;64;2;2;9;4;1;3;1974;69;1;3;4;1;1;4116202;2022-09-24;-5;
2;6;5;36;2;2;13;4;8;1;2018;34;1;4;4;1;1;4116203;2022-09-24;2;
1;7;5;60;2;2;9;4;1;6;1981;59;1;4;4;1;1;4116205;2022-09-24;1;
3;1;4;75;2;2;8;4;1;3;1970;75;2;3;3;1;1;4116402;2022-09-24;0;
1;7;6;63;2;2;9;4;2;6;1982;62;1;5;5;1;1;4116405;2022-09-24;1;
2;4;4;85;2;2;6;4;1;2;1965;88;2;3;3;1;1;4116605;2022-10-25;-3;
3;4;4;38;1;1;9;4;2;3;2016;32;2;3;3;1;1;4116607;2022-10-25;6;
3;5;6;80;2;2;7;4;1;3;1964;85;2;4;4;1;1;4116703;2022-10-21;-5;
3;5;4;43;2;2;11;4;1;4;2006;57;1;4;4;1;1;4116705;2022-10-21;-14;
2;4;4;65;2;2;9;4;1;2;1979;67;1;4;4;1;1;4117602;2022-10-21;-2;
2;6;5;37;2;2;11;4;8;2;2016;33;1;4;4;1;1;4117603;2022-10-21;4;
3;5;5;49;2;2;7;4;8;3;2019;61;1;3;4;1;1;4117604;2022-10-21;-12;
3;6;6;30;1;1;15;4;2;1;2020;25;1;5;5;1;1;4117607;2022-09-23;5;
3;3;5;41;2;2;15;4;8;4;2013;43;1;4;4;1;1;4117610;2022-10-21;-2;
3;6;6;34;1;1;13;4;8;2;2020;28;1;4;4;1;1;4117701;2022-10-21;6;
1;7;7;48;2;2;13;4;5;6;2007;43;;3;4;1;1;4117704;2022-10-05;5;
2;6;4;21;1;1;9;4;8;4;2005;30;2;3;1;1;1;4117708;2022-10-10;-9;
1;6;6;59;1;1;7;4;1;6;1995;59;2;3;4;1;1;4117804;2022-09-23;0;
1;6;6;62;2;2;9;4;1;4;1980;70;2;3;3;1;1;4117807;2022-09-23;-8;
1;3;6;71;1;1;8;4;1;6;1975;68;;5;5;1;1;4117809;2022-09-23;3;
3;6;6;21;2;2;9;4;2;3;2021;25;1;3;4;1;1;4117810;2022-09-23;-4;
1;6;4;40;2;2;7;4;8;6;1997;40;;3;3;1;1;4118102;2022-10-22;0;
1;6;5;67;2;2;7;4;1;2;1983;64;;3;4;1;1;4118303;2022-10-21;3;
3;2;4;52;2;2;9;4;1;3;1991;52;;2;3;1;1;4118305;2022-10-21;0;
1;6;6;47;2;2;7;4;8;6;2010;74;2;3;4;1;1;4118307;2022-10-21;-27;
1;7;4;42;2;2;9;4;2;3;2007;41;1;3;4;1;1;4118308;2022-10-21;1;
3;5;6;58;1;1;7;4;1;5;2004;45;1;4;3;1;1;4118309;2022-10-21;13;
2;7;6;28;2;2;9;4;8;2;2012;32;1;5;4;1;1;4118601;2022-09-23;-4;
1;7;7;37;2;2;7;4;1;6;2001;47;;4;4;1;1;4118602;2022-09-23;-10;
2;5;5;48;2;2;9;4;2;3;2010;48;2;3;4;1;1;4118605;2022-09-23;0;
1;7;7;45;2;2;12;4;8;6;2000;53;1;4;4;1;1;4118901;2022-10-23;-8;
2;7;7;39;2;2;13;4;1;2;2002;48;1;4;4;1;1;4118902;2022-10-24;-9;
3;6;6;25;1;1;11;4;2;5;2019;22;1;5;5;1;1;4118906;2022-10-23;3;
2;6;6;42;2;2;9;4;1;1;2003;48;1;5;5;1;1;4118909;2022-10-23;-6;
3;5;6;35;1;1;11;4;2;5;2016;30;1;4;4;1;1;4118910;2022-10-23;5;
3;6;6;63;1;1;11;4;7;4;2019;52;;3;4;1;1;4119001;2022-10-23;11;
1;7;7;38;1;1;9;4;1;5;2009;35;1;4;4;1;1;4119006;2022-10-23;3;
3;7;7;39;1;1;15;4;1;5;2018;34;;4;5;1;1;4119007;2022-10-23;5;
3;7;7;45;1;1;15;4;1;1;2008;43;1;4;4;1;1;4119009;2022-10-23;2;
3;7;7;43;1;1;13;4;1;5;2011;40;1;4;5;1;1;4119010;2022-10-23;3;
3;4;5;59;1;1;7;4;1;3;1997;45;1;3;3;1;1;4119103;2022-10-06;14;
3;6;6;43;1;1;11;4;1;3;2008;33;2;5;3;1;1;4119105;2022-10-06;10;
3;6;7;27;1;1;12;4;8;5;2019;25;1;4;4;1;1;4119107;2022-10-09;2;
2;5;7;32;2;2;9;4;8;2;2020;45;1;3;4;1;1;4119109;2022-10-09;-13;
3;6;6;67;2;2;11;4;1;4;2002;70;;4;4;1;1;4119202;2022-10-23;-3;
3;5;6;67;1;1;15;4;1;3;1992;63;1;4;4;1;1;4119208;2022-10-23;4;
3;7;5;37;2;2;15;4;8;3;2015;41;1;4;4;1;1;4119402;2022-10-23;-4;
3;3;6;73;1;1;8;4;1;4;1976;73;;4;3;1;1;4119404;2022-10-23;0;
3;1;7;74;2;2;9;4;1;3;1978;78;;4;4;1;1;4119406;2022-10-23;-4;
2;2;4;62;1;1;7;4;1;2;1991;63;2;3;3;1;1;4119601;2022-10-09;-1;
2;4;4;44;1;2;1;4;1;3;2009;47;2;4;3;1;1;4119602;2022-10-09;-3;
2;7;7;45;2;2;9;4;1;2;2008;56;1;4;4;1;1;4120001;2022-08-23;-11;
3;7;7;35;1;1;9;4;8;4;2008;34;;4;4;1;1;4120102;2022-10-19;1;
3;5;6;33;2;2;9;4;8;2;2013;29;;4;4;1;1;4120103;2022-10-19;4;
3;5;6;67;1;1;9;4;1;2;1985;65;1;4;4;1;1;4120106;2022-10-19;2;
1;6;6;68;2;2;7;4;1;2;1980;72;1;4;4;1;1;4120108;2022-10-19;-4;
1;6;4;47;1;1;8;4;8;2;2002;49;1;3;4;1;1;4120301;2022-10-17;-2;
1;7;7;52;2;2;9;4;1;6;1987;58;1;4;4;1;1;4120304;2022-10-17;-6;
3;7;7;24;2;2;13;4;8;3;2017;24;;4;4;1;1;4120403;2022-10-19;0;
1;6;5;60;2;2;7;4;1;6;1976;64;;3;3;1;1;4120404;2022-10-19;-4;
1;7;6;54;2;2;9;4;1;6;1988;54;;3;4;1;1;4120405;2022-10-20;0;
1;6;6;39;2;2;9;4;8;6;2016;41;1;4;4;1;1;4120406;2022-10-20;-2;
1;7;3;45;2;2;9;4;1;6;2005;49;;3;3;1;1;4120502;2022-10-20;-4;
1;7;6;71;2;2;7;4;1;6;1976;69;;3;4;1;1;4120503;2022-10-20;2;
2;1;2;75;2;2;7;4;1;6;1986;76;;3;3;1;1;4120604;2022-10-19;-1;
1;6;5;39;2;2;9;4;8;6;2012;40;1;3;3;1;1;4120605;2022-10-19;-1;
3;7;7;66;2;2;7;4;7;3;2011;58;;4;4;1;1;4120606;2022-10-19;8;
1;7;7;49;2;2;11;4;8;6;1998;45;;4;4;1;1;4120607;2022-10-20;4;
1;7;6;34;1;1;11;4;1;1;2011;34;1;4;4;1;1;4120610;2022-10-19;0;
1;7;6;65;2;2;7;4;1;6;1975;70;;3;3;1;1;4120710;2022-10-19;-5;
3;7;5;29;1;1;15;4;8;3;2014;27;1;4;4;1;1;4120802;2022-10-17;2;
3;7;6;30;1;1;9;4;1;3;2017;30;1;3;3;1;1;4121001;2022-10-06;0;
2;6;5;42;2;2;9;4;2;2;2000;45;;4;4;1;1;4121002;2022-10-06;-3;
3;7;6;39;1;1;9;4;8;4;2022;38;1;4;4;1;1;4121004;2022-10-06;1;
1;7;6;25;2;2;7;4;2;6;2022;36;1;4;3;1;1;4121005;2022-10-06;-11;
3;6;6;49;1;1;7;4;1;5;2004;44;1;4;4;1;1;4121006;2022-10-07;5;
1;5;6;52;2;2;13;4;2;6;2000;64;1;4;4;1;1;4121007;2022-10-07;-12;
3;7;7;37;1;1;9;4;2;3;2011;35;1;4;4;1;1;4121008;2022-10-07;2;
3;6;6;37;2;2;7;4;1;2;2001;49;1;3;3;1;1;4121009;2022-10-07;-12;
3;5;7;53;1;1;7;4;1;5;1988;48;1;4;4;1;1;4121103;2022-09-27;5;
3;5;5;55;2;2;7;4;1;2;2000;40;2;3;2;1;1;4121105;2022-09-23;15;
3;7;7;20;2;2;14;4;8;3;2020;27;;4;3;1;1;4121106;2022-09-30;-7;
3;7;5;26;2;2;12;4;8;2;2016;25;1;5;4;1;1;4121107;2022-09-30;1;
3;5;5;46;1;1;9;4;2;3;2018;51;1;4;4;1;1;4121108;2022-09-30;-5;
1;5;5;36;2;2;15;4;1;1;2004;34;1;3;4;1;1;4121109;2022-10-19;2;
3;7;7;33;2;2;9;4;1;1;2003;36;1;3;4;1;1;4121304;2022-10-17;-3;
3;6;6;39;2;2;13;4;1;3;2019;45;1;4;4;1;1;4121305;2022-10-17;-6;
1;4;3;56;2;2;9;4;1;6;1986;60;1;3;3;1;1;4121503;2022-10-20;-4;
3;5;6;62;1;1;9;4;1;5;1986;58;1;3;3;1;1;4121508;2022-10-20;4;
3;7;6;27;2;2;15;4;2;2;2019;28;1;3;4;1;1;4121701;2022-10-18;-1;
1;5;5;49;2;2;7;4;2;6;2016;49;1;3;3;1;1;4121702;2022-10-18;0;
1;7;6;30;2;2;9;4;2;6;2017;36;1;4;4;1;1;4121704;2022-10-18;-6;
2;5;4;49;2;2;9;4;8;2;2020;34;1;3;4;1;1;4121707;2022-10-18;15;
1;5;4;49;2;2;9;4;7;6;2017;58;1;3;3;1;1;4121801;2022-10-11;-9;
3;7;5;47;1;1;9;4;2;3;2017;50;1;5;4;1;1;4121802;2022-10-11;-3;
1;6;6;47;2;2;9;4;2;6;2012;35;1;4;4;1;1;4121803;2022-10-11;12;
3;6;6;49;1;1;9;4;1;5;2007;45;1;4;4;1;1;4121804;2022-10-13;4;
3;6;6;36;2;2;15;4;2;5;2010;35;1;5;4;1;1;4121805;2022-10-13;1;
3;7;5;33;2;2;13;4;2;1;2018;35;1;4;4;1;1;4121806;2022-10-13;-2;
3;7;3;51;1;1;13;4;1;4;1998;50;1;4;4;1;1;4122002;2022-08-25;1;
3;6;6;75;1;1;9;4;1;5;1972;84;1;4;4;1;1;4122006;2022-08-30;-9;
1;6;4;41;2;2;12;4;8;1;2011;50;1;4;4;1;1;4122008;2022-08-30;-9;
2;6;7;62;2;2;14;4;1;1;1981;61;1;3;3;1;1;4122010;2022-08-31;1;
1;7;7;31;2;2;9;4;8;2;2019;36;1;4;4;1;1;4122101;2022-09-08;-5;
3;5;5;31;1;1;7;4;2;2;2018;43;1;4;3;1;1;4122103;2022-09-08;-12;
1;7;7;47;2;2;15;4;1;2;2004;54;1;5;5;1;1;4122105;2022-09-13;-7;
3;5;6;37;2;2;15;4;8;3;1990;37;1;3;3;1;1;4122106;2022-09-13;0;
3;6;6;72;2;2;11;4;1;4;1973;73;1;4;4;1;1;4122108;2022-09-13;-1;
3;6;6;42;2;2;13;4;1;2;2005;25;;4;4;1;1;4122109;2022-09-14;17;
3;6;6;48;1;1;9;4;1;1;2002;40;1;4;4;1;1;4122110;2022-09-14;8;
3;6;7;50;2;2;9;4;5;2;2018;50;1;3;4;1;1;4122204;2022-09-24;0;
2;7;7;31;2;2;15;4;8;2;2019;34;1;4;4;1;1;4122205;2022-09-24;-3;
3;6;6;47;2;2;9;4;2;2;2005;40;1;4;4;1;1;4122206;2022-09-24;7;
3;5;6;65;1;1;9;4;1;3;1978;66;1;3;3;1;1;4122207;2022-09-24;-1;
3;5;6;38;2;2;13;4;1;3;2005;49;1;5;4;1;1;4122301;2022-10-17;-11;
2;6;6;54;2;2;7;4;2;1;1993;61;1;3;3;1;1;4122303;2022-09-14;-7;
2;6;7;37;2;2;9;4;2;2;2004;39;1;4;3;1;1;4122304;2022-09-14;-2;
1;6;6;45;2;2;9;4;8;6;2001;48;1;4;5;1;1;4122310;2022-10-17;-3;
3;6;6;72;2;2;7;4;1;2;1965;80;2;3;4;1;1;4122402;2022-08-17;-8;
3;5;5;66;1;1;7;4;1;3;1997;67;1;3;3;1;1;4122403;2022-08-17;-1;
2;1;7;70;2;2;8;4;1;2;1974;78;2;4;3;1;1;4122404;2022-08-19;-8;
1;6;7;29;1;1;11;4;2;1;2010;31;2;3;3;1;1;4122405;2022-08-19;-2;
3;6;4;66;2;2;9;4;1;5;1983;74;1;4;4;1;1;4122406;2022-08-22;-8;
3;7;7;30;1;1;14;4;8;3;2014;30;1;4;4;1;1;4122408;2022-08-22;0;
3;7;7;39;1;1;9;4;1;3;2016;31;1;4;4;1;1;4122503;2022-09-10;8;
3;6;7;47;1;1;9;4;2;3;1992;47;1;4;4;1;1;4122504;2022-09-06;0;
3;6;6;33;2;2;12;4;2;3;2019;34;1;4;4;1;1;4122507;2022-09-06;-1;
3;7;7;32;1;1;15;4;2;4;2008;32;1;5;5;1;1;4122508;2022-09-10;0;
1;1;1;43;2;2;9;4;1;2;2000;65;2;3;4;1;1;4122701;2022-09-07;-22;
3;3;6;65;1;1;9;4;1;5;2017;63;1;4;4;1;1;4122702;2022-09-07;2;
3;6;6;40;1;1;13;4;8;5;2016;27;1;4;4;1;1;4122703;2022-09-07;13;
3;7;5;46;1;1;9;4;1;5;1995;48;1;5;4;1;1;4122704;2022-09-07;-2;
2;7;7;39;2;2;9;4;8;1;2019;35;1;4;4;1;1;4122705;2022-09-07;4;
2;2;3;57;2;2;15;4;6;2;2004;62;1;3;3;1;1;4122707;2022-09-09;-5;
2;7;7;45;2;2;9;4;1;1;1999;50;1;4;4;1;1;4122708;2022-09-10;-5;
2;6;6;47;2;2;9;4;8;2;2005;48;1;4;4;1;1;4122802;2022-10-04;-1;
3;4;6;58;1;1;9;4;1;4;1986;55;1;4;4;1;1;4122804;2022-10-04;3;
3;7;7;27;1;1;9;4;8;5;2014;26;1;4;4;1;1;4122805;2022-10-04;1;
1;7;7;38;2;2;11;4;1;2;2004;45;1;4;5;1;1;4122807;2022-10-05;-7;
1;6;7;47;2;2;13;4;1;6;2000;52;1;4;4;1;1;4122808;2022-10-05;-5;
3;6;5;53;2;2;13;4;8;3;2010;56;1;3;3;1;1;4122809;2022-10-05;-3;
3;7;7;25;1;1;10;5;1;6;2012;29;1;4;3;1;1;5100101;2022-09-30;-4;
3;4;6;31;2;2;15;5;8;4;2016;31;1;5;4;1;1;5100102;2022-09-30;0;
2;3;2;63;2;2;7;5;2;2;1998;63;1;3;3;1;1;5100104;2022-09-30;0;
2;7;6;28;1;1;11;5;8;1;2021;27;1;4;4;1;1;5100108;2022-10-03;1;
3;7;4;21;1;1;14;5;8;3;2020;21;1;3;4;1;1;5100109;2022-10-04;0;
3;7;6;27;2;2;15;5;8;4;2021;30;1;2;5;1;1;5100110;2022-10-03;-3;
3;6;7;25;1;1;15;5;8;3;2021;26;1;4;4;1;1;5100203;2022-10-11;-1;
3;7;4;22;2;2;14;5;8;5;2022;22;1;4;5;1;1;5100204;2022-10-11;0;
3;6;4;36;1;1;11;5;8;3;2020;41;1;3;4;1;1;5100401;2022-08-22;-5;
3;6;6;58;2;2;13;5;1;3;1988;67;1;4;4;1;1;5100403;2022-08-22;-9;
3;6;6;41;2;2;15;5;1;2;2005;44;1;4;4;1;1;5100408;2022-08-25;-3;
3;7;7;38;2;2;9;5;1;3;2012;36;1;5;5;1;1;5100501;2022-08-10;2;
3;6;6;20;2;2;9;5;2;2;2020;20;1;4;4;1;1;5100502;2022-08-10;0;
3;5;5;55;2;2;14;5;1;1;1986;62;1;4;3;1;1;5100505;2022-08-10;-7;
2;3;5;28;2;2;15;5;8;2;2020;28;1;2;3;1;1;5100603;2022-08-12;0;
3;1;7;68;2;2;9;5;1;3;1971;74;2;5;4;1;1;5100605;2022-08-12;-6;
3;;5;69;2;2;6;5;1;3;1969;74;2;3;4;1;1;5100704;2022-10-04;-5;
3;7;7;65;1;1;7;5;1;2;1980;65;1;3;3;1;1;5100801;2022-09-20;0;
2;7;6;28;2;2;11;5;2;2;2011;28;1;4;4;1;1;5100803;2022-09-20;0;
3;7;7;60;1;1;11;5;1;5;1993;60;1;3;4;1;1;5100804;2022-09-20;0;
3;5;4;25;2;2;14;5;2;2;2017;28;1;4;4;1;1;5100909;2022-08-12;-3;
1;5;1;37;2;2;9;5;2;6;2011;60;1;4;4;1;1;5101004;2022-08-18;-23;
3;6;1;31;2;2;13;5;1;4;2013;38;1;3;4;1;1;5101101;2022-08-19;-7;
1;7;7;45;2;2;9;5;1;6;1985;53;1;3;2;1;1;5101104;2022-08-19;-8;
3;6;7;36;1;1;15;5;8;5;2018;32;1;4;5;1;1;5101203;2022-10-04;4;
3;4;4;39;2;2;15;5;1;4;2002;39;;4;4;1;1;5101204;2022-10-04;0;
1;7;7;43;2;2;11;5;1;6;2008;41;;4;4;1;1;5101206;2022-10-04;2;
3;6;6;37;1;1;17;5;1;5;2010;32;1;5;4;1;1;5101207;2022-10-04;5;
2;;4;62;2;2;7;5;1;3;1990;80;2;3;3;1;1;5101301;2022-09-29;-18;
2;6;4;29;1;1;15;5;8;2;2018;29;1;4;4;1;1;5101302;2022-09-27;0;
2;6;6;47;2;2;9;5;8;1;2013;57;1;4;4;1;1;5101303;2022-09-27;-10;
2;7;6;25;2;2;14;5;8;2;2019;24;1;4;4;1;1;5101304;2022-09-28;1;
3;4;5;46;2;2;13;5;1;4;2006;46;1;4;4;1;1;5101306;2022-09-28;0;
3;1;6;67;2;2;7;5;1;4;1991;63;2;3;3;1;1;5101307;2022-09-28;4;
2;5;6;84;2;2;11;5;1;3;1960;88;2;3;4;1;1;5101401;2022-08-26;-4;
3;6;7;33;1;1;15;5;8;4;2013;29;1;5;4;1;1;5101402;2022-08-26;4;
3;4;4;62;2;2;7;5;8;2;1985;70;;3;3;1;1;5101406;2022-08-26;-8;
3;5;7;69;1;1;8;5;1;2;1975;70;1;3;3;1;1;5101410;2022-08-26;-1;
3;5;5;60;1;1;9;5;1;5;1986;58;1;3;4;1;1;5101505;2022-09-12;2;
3;6;7;67;2;2;9;5;1;4;1978;73;2;2;3;1;1;5101507;2022-09-12;-6;
3;6;7;64;1;1;15;5;1;4;1992;50;1;4;4;1;1;5101606;2022-08-16;14;
1;6;6;48;2;2;9;5;2;2;1994;55;1;4;4;1;1;5101802;2022-08-19;-7;
2;7;7;25;1;1;14;5;8;3;2018;23;1;3;4;1;1;5101805;2022-09-15;2;
2;5;6;31;2;2;13;5;1;3;2014;40;1;5;4;1;1;5101806;2022-08-19;-9;
3;5;4;68;1;1;7;5;8;4;1970;67;1;4;4;1;1;5101807;2022-09-15;1;
1;5;5;46;2;2;13;5;1;1;1997;48;1;4;4;1;1;5101808;2022-08-19;-2;
3;6;6;32;1;1;15;5;8;4;2017;37;1;3;4;1;1;5101905;2022-08-12;-5;
2;6;6;26;2;2;12;5;1;1;2016;26;1;4;5;1;1;5101907;2022-08-12;0;
3;6;5;50;1;1;9;5;1;3;1999;66;1;2;5;1;1;5102001;2022-08-24;-16;
1;7;5;39;2;2;9;5;1;6;2015;39;1;3;3;1;1;5102002;2022-08-24;0;
1;5;5;37;2;2;11;5;1;6;2009;34;1;3;4;1;1;5102003;2022-08-24;3;
2;7;7;68;1;1;15;5;1;3;1980;69;2;4;4;1;1;5102004;2022-08-24;-1;
2;7;7;55;1;1;7;5;1;2;1993;54;2;4;4;1;1;5102006;2022-08-24;1;
3;6;6;41;2;2;13;5;1;3;2007;45;1;4;4;1;1;5102101;2022-09-20;-4;
3;5;4;70;1;1;11;5;1;5;1973;65;1;3;4;1;1;5102102;2022-09-20;5;
2;6;5;38;2;2;11;5;1;2;2007;43;1;4;4;1;1;5102103;2022-09-20;-5;
3;7;6;46;2;2;9;5;1;1;1996;47;1;4;4;1;1;5102104;2022-09-20;-1;
2;7;7;47;1;1;9;5;8;2;2000;37;1;5;5;1;1;5102105;2022-09-20;10;
1;4;5;52;2;2;9;5;2;1;2009;52;1;3;3;1;1;5102106;2022-09-20;0;
2;7;6;75;1;1;8;5;1;3;1965;80;1;4;3;1;1;5102301;2022-09-14;-5;
2;5;6;48;1;1;14;5;1;1;2010;57;1;4;3;1;1;5102302;2022-09-13;-9;
3;5;7;64;2;2;11;5;1;3;2009;63;2;4;4;1;1;5102307;2022-08-31;1;
1;5;6;37;2;2;15;5;1;1;2006;47;1;4;4;1;1;5102308;2022-09-02;-10;
3;5;3;35;1;1;15;5;1;5;2014;33;1;4;4;1;1;5102401;2022-10-05;2;
3;7;7;48;1;1;11;5;1;5;1996;47;1;4;5;1;1;5102402;2022-10-05;1;
2;7;6;47;2;2;11;5;5;2;2022;47;;3;4;1;1;5102404;2022-10-05;0;
3;6;6;36;1;1;15;5;8;3;2009;38;1;4;4;1;1;5102407;2022-10-05;-2;
3;7;7;62;2;2;13;5;6;3;2014;59;1;4;4;1;1;5102408;2022-10-05;3;
1;7;5;63;2;2;9;5;1;6;1973;69;1;2;3;1;1;5102501;2022-08-12;-6;
3;7;5;45;1;1;14;5;8;3;2014;37;1;4;4;1;1;5102602;2022-08-12;8;
3;5;1;67;1;1;13;5;8;5;1998;74;1;4;4;1;1;5102603;2022-08-12;-7;
3;5;3;21;2;2;9;5;8;3;2022;26;1;4;4;1;1;5102701;2022-08-21;-5;
1;7;5;25;2;2;7;5;1;1;2015;45;1;3;4;1;1;5102709;2022-08-21;-20;
3;7;5;52;2;2;9;5;1;1;1995;52;1;3;4;1;1;5102801;2022-09-22;0;
3;5;6;80;1;1;9;5;1;4;1961;84;;2;4;1;1;5102803;2022-09-22;-4;
2;5;7;75;1;1;8;5;1;3;1970;72;;3;4;1;1;5102805;2022-09-23;3;
2;5;7;70;2;2;9;5;1;2;1968;78;1;3;4;1;1;5102810;2022-09-22;-8;
3;7;5;40;2;2;13;5;1;4;2006;38;1;4;5;1;1;5102906;2022-09-12;2;
2;6;5;36;2;2;13;5;1;2;2005;38;1;3;4;1;1;5102908;2022-09-06;-2;
3;7;7;35;1;1;15;5;8;4;2017;39;1;4;5;1;1;5102910;2022-09-06;-4;
3;7;7;36;2;2;15;5;1;3;2022;28;1;4;5;1;1;5103101;2022-08-11;8;
3;1;3;29;2;5;15;5;1;4;2011;34;1;2;3;1;1;5103102;2022-08-11;-5;
3;7;7;75;2;2;7;5;2;4;1974;76;2;3;4;1;1;5103201;2022-09-26;-1;
3;3;6;37;2;2;15;5;1;4;2013;38;1;4;4;1;1;5103203;2022-09-26;-1;
3;1;5;73;2;2;8;5;7;3;2010;77;2;3;4;1;1;5103501;2022-09-14;-4;
3;3;5;77;1;1;6;5;1;4;1970;73;2;4;4;1;1;5103502;2022-09-14;4;
2;5;2;77;1;1;9;5;1;3;1972;75;1;3;2;1;1;5103506;2022-09-22;2;
3;4;6;27;2;2;15;5;8;3;2019;27;1;5;4;1;1;5103509;2022-09-20;0;
1;6;5;59;2;2;13;5;1;6;1991;58;1;4;4;1;1;5103609;2022-10-25;1;
2;3;6;53;2;2;9;5;1;1;1986;55;1;4;4;1;1;5103703;2022-08-16;-2;
3;3;4;50;2;2;10;5;1;2;2003;40;1;2;4;1;1;5103704;2022-08-16;10;
3;7;7;54;2;2;13;5;1;3;2010;49;1;4;4;1;1;5103803;2022-09-15;5;
2;4;6;56;2;2;9;5;1;6;2000;40;1;4;3;1;1;5103901;2022-08-26;16;
2;6;6;54;2;2;13;5;1;1;2013;57;1;3;4;1;1;5103903;2022-08-26;-3;
2;7;7;55;1;1;13;5;3;2;2002;60;1;3;4;1;1;5104001;2022-10-04;-5;
3;7;7;34;2;2;15;5;8;3;2017;35;1;5;5;1;1;5104006;2022-10-04;-1;
2;7;5;29;2;5;14;5;2;2;2017;28;1;3;3;1;1;5104201;2022-09-01;1;
3;5;6;59;1;1;13;5;1;4;1986;57;;3;4;1;1;5104208;2022-10-07;2;
3;7;6;76;2;2;11;5;1;3;1951;72;;4;4;1;1;5104209;2022-10-07;4;
1;7;7;66;2;2;7;5;1;2;1974;72;1;4;4;1;1;5104302;2022-08-09;-6;
2;5;5;26;2;2;9;5;8;1;2017;24;1;5;4;1;1;5104504;2022-10-10;2;
2;4;5;31;2;2;15;5;2;4;2020;34;1;2;3;1;1;5104602;2022-10-25;-3;
3;6;6;24;1;1;15;5;8;3;2020;23;1;3;5;1;1;5104607;2022-09-24;1;
3;7;4;56;2;2;7;5;1;1;1984;67;2;3;3;1;1;5104701;2022-09-02;-11;
3;6;6;64;1;1;9;5;2;4;1987;62;1;3;3;1;1;5104702;2022-09-02;2;
3;6;6;37;2;2;11;5;2;4;2017;43;1;3;3;1;1;5104703;2022-09-02;-6;
3;7;6;29;2;2;15;5;8;4;2016;42;1;4;4;1;1;5104803;2022-09-02;-13;
2;6;6;53;2;2;9;5;6;1;1998;45;1;4;4;1;1;5104805;2022-09-14;8;
2;7;6;23;2;2;14;5;8;3;2017;26;1;4;4;1;1;5104806;2022-09-13;-3;
3;7;6;33;2;2;15;5;8;3;2021;20;1;3;3;1;1;5104809;2022-09-14;13;
2;7;3;22;2;2;9;5;8;1;2017;22;1;3;3;1;1;5104901;2022-08-29;0;
;2;4;76;2;2;9;5;1;3;1965;92;2;3;3;1;1;5104906;2022-08-29;-16;
3;7;7;65;2;2;13;5;1;3;1982;68;1;5;4;1;1;5105001;2022-10-26;-3;
1;6;7;60;2;2;14;5;1;6;1987;61;1;5;5;1;1;5105101;2022-08-18;-1;
2;6;6;42;2;2;15;5;1;2;2002;42;1;4;4;1;1;5105104;2022-08-18;0;
2;5;5;62;2;2;8;5;1;1;1993;70;1;4;4;1;1;5105202;2022-08-18;-8;
3;6;5;25;1;1;11;5;8;2;2021;27;1;3;4;1;1;5105203;2022-08-25;-2;
3;6;5;66;1;1;8;5;5;2;1992;59;;4;5;1;1;5105209;2022-08-31;7;
2;6;6;76;1;1;15;5;1;3;1980;57;1;3;3;1;1;5105301;2022-10-04;19;
2;1;7;74;2;2;15;5;7;4;1988;67;2;1;4;1;1;5105302;2022-10-04;7;
3;6;4;26;2;2;9;5;8;1;2015;25;1;4;5;1;1;5105402;2022-10-27;1;
3;5;5;34;1;1;15;5;2;5;2021;31;1;4;4;1;1;5105404;2022-10-27;3;
2;5;5;40;2;2;9;5;1;1;2006;40;1;3;4;1;1;5105504;2022-08-30;0;
3;6;6;72;1;1;9;5;1;3;1981;67;2;4;4;1;1;5105506;2022-09-01;5;
2;6;3;31;2;2;13;5;3;2;2015;36;1;4;4;1;1;5105509;2022-09-01;-5;
1;7;7;24;2;2;9;5;2;6;2016;25;1;4;3;1;1;5105701;2022-10-27;-1;
3;6;5;33;1;1;9;5;2;4;2014;34;1;4;4;1;1;5105702;2022-10-27;-1;
1;5;7;67;2;2;7;5;1;2;1972;72;;4;3;1;1;5105803;2022-09-08;-5;
3;7;7;41;1;1;11;5;1;4;2001;41;1;4;3;1;1;5105804;2022-09-13;0;
2;7;3;33;2;2;9;5;1;6;2004;37;1;4;5;1;1;5105806;2022-09-13;-4;
1;5;4;26;2;2;13;5;8;1;2019;31;1;4;4;1;1;5105901;2022-10-12;-5;
3;5;6;56;1;1;9;5;1;3;1990;58;1;4;4;1;1;5106003;2022-10-04;-2;
1;7;5;62;2;2;9;5;1;6;1989;70;1;3;3;1;1;5106005;2022-10-04;-8;
3;7;7;38;2;2;9;5;1;2;2005;40;1;4;4;1;1;5106007;2022-10-04;-2;
3;6;3;57;1;1;15;5;2;4;1992;56;2;5;4;1;1;5106008;2022-10-04;1;
3;5;5;40;1;1;9;5;1;4;2003;38;1;4;4;1;1;5106302;2022-10-28;2;
3;3;5;51;1;1;9;5;1;4;1996;45;1;4;4;1;1;5106305;2022-10-28;6;
3;5;6;53;1;1;13;5;1;5;2001;53;1;4;4;1;1;5106403;2022-10-24;0;
1;5;5;51;2;2;14;5;1;6;1995;55;1;3;4;1;1;5106405;2022-10-24;-4;
2;5;5;45;2;2;9;5;1;6;2005;45;1;4;4;1;1;5106409;2022-10-24;0;
3;6;6;44;2;2;15;5;1;3;2010;44;1;4;5;1;1;5106602;2022-10-26;0;
3;3;5;70;1;1;8;5;1;3;1990;70;1;5;4;1;1;5106604;2022-10-26;0;
1;5;6;71;2;2;8;5;1;6;1975;74;1;3;4;1;1;5106607;2022-10-26;-3;
2;6;6;35;2;2;9;5;2;6;2012;40;1;4;5;1;1;5106608;2022-10-26;-5;
3;7;7;27;2;2;13;5;2;3;2015;27;1;5;5;1;1;5106701;2022-09-21;0;
3;7;6;28;2;2;15;5;1;3;2021;30;1;5;4;1;1;5106702;2022-09-21;-2;
1;5;5;49;2;2;9;5;1;6;1990;50;1;4;4;1;1;5106703;2022-09-21;-1;
3;5;6;60;1;1;7;5;1;4;1992;61;1;4;4;1;1;5106707;2022-09-21;-1;
1;7;7;31;2;2;13;5;1;6;2017;35;1;5;5;1;1;5106709;2022-09-21;-4;
2;;5;80;2;2;8;5;1;3;1967;80;2;3;4;1;1;5106901;2022-10-25;0;
1;6;6;45;2;2;9;5;1;6;1998;53;1;5;4;1;1;5106902;2022-10-25;-8;
3;6;6;49;1;1;15;5;2;4;2018;45;1;5;4;1;1;5106903;2022-10-25;4;
3;6;5;59;1;1;9;5;1;5;1998;55;1;5;4;1;1;5106905;2022-10-25;4;
1;6;5;27;2;2;12;5;2;6;2019;30;1;4;4;1;1;5106906;2022-10-25;-3;
3;7;5;38;1;1;9;5;2;5;2016;29;1;5;5;1;1;5106908;2022-10-25;9;
2;7;6;25;2;2;13;5;1;2;2019;31;1;4;3;1;1;5107006;2022-10-07;-6;
2;2;4;66;2;2;9;5;8;4;2004;66;1;3;3;1;1;5107101;2022-08-30;0;
2;6;6;70;2;2;11;5;1;1;1975;75;1;4;4;1;1;5107103;2022-09-09;-5;
2;3;4;72;2;2;7;5;1;5;1973;72;2;2;3;1;1;5107104;2022-09-09;0;
1;7;7;35;2;2;13;5;1;6;2014;38;1;4;5;1;1;5107203;2022-10-24;-3;
1;5;6;60;2;2;13;5;1;6;1990;60;1;4;5;1;1;5107204;2022-10-24;0;
1;2;4;47;2;2;13;5;1;6;1995;50;2;3;3;1;1;5107408;2022-10-31;-3;
1;5;5;27;2;2;9;5;2;6;2014;30;1;3;4;1;1;5107503;2022-09-21;-3;
3;1;7;51;2;2;9;5;2;3;2010;56;1;3;4;1;1;5107504;2022-09-21;-5;
3;7;6;42;2;2;9;5;2;4;2021;32;1;3;4;1;1;5107506;2022-09-27;10;
1;7;5;25;2;2;9;5;2;6;2014;25;1;4;4;1;1;5107507;2022-09-27;0;
1;7;7;42;2;2;9;5;1;6;2002;44;1;5;4;1;1;5107601;2022-08-22;-2;
1;6;7;35;2;2;9;5;1;1;2003;45;1;3;3;1;1;5107606;2022-08-22;-10;
2;5;5;75;2;2;9;5;1;5;1970;82;2;3;4;1;1;5107702;2022-08-12;-7;
2;6;7;61;2;2;9;5;5;2;1999;49;2;4;4;1;1;5107703;2022-08-12;12;
1;5;7;64;2;2;8;5;2;6;2008;74;1;3;4;1;1;5107705;2022-08-19;-10;
2;7;7;63;2;2;7;5;7;2;2017;63;2;3;4;1;1;5107706;2022-08-12;0;
2;7;2;30;1;1;9;5;2;2;2017;30;1;2;4;1;1;5107708;2022-08-19;0;
2;6;7;33;2;2;9;5;6;2;2013;34;1;5;5;1;1;5107802;2022-08-24;-1;
3;6;7;27;2;2;9;5;8;3;2017;27;1;4;5;1;1;5107807;2022-08-25;0;
3;5;7;76;1;1;7;5;1;5;1968;70;2;4;3;1;1;5107808;2022-08-25;6;
1;7;6;60;2;2;9;5;1;6;1984;62;1;4;4;1;1;5108003;2022-09-06;-2;
2;7;6;54;1;1;15;5;5;3;1993;52;1;4;3;1;1;5108004;2022-09-06;2;
3;6;4;49;1;1;15;5;1;5;1997;48;2;4;3;1;1;5108010;2022-09-06;1;
3;6;6;45;1;1;13;5;1;5;1995;45;1;4;4;1;1;5108103;2022-08-31;0;
3;6;6;60;1;1;9;5;1;5;1992;58;1;5;5;1;1;5108109;2022-08-31;2;
1;6;6;25;2;2;9;5;2;6;2014;30;1;5;5;1;1;5108110;2022-08-31;-5;
1;6;7;30;2;2;9;5;1;6;2013;38;1;5;4;1;1;5108404;2022-08-30;-8;
2;7;7;49;2;2;13;5;1;2;2000;58;1;5;5;1;1;5108405;2022-08-30;-9;
1;5;6;52;2;2;9;5;1;1;2004;53;1;4;4;1;1;5108406;2022-08-30;-1;
1;6;6;60;2;2;6;5;1;6;1984;62;1;4;4;1;1;5108409;2022-08-30;-2;
3;7;7;32;1;1;13;5;2;5;2014;32;1;5;5;1;1;5108502;2022-10-30;0;
1;4;4;68;2;2;7;5;1;6;1973;70;1;2;3;1;1;5108504;2022-10-30;-2;
2;3;3;21;2;2;9;5;8;2;2021;24;1;4;3;1;1;5108601;2022-10-27;-3;
2;7;7;27;2;2;9;5;1;2;2012;29;1;3;3;1;1;5108604;2022-10-27;-2;
3;4;5;40;1;1;13;5;1;4;2001;35;1;4;4;1;1;5108605;2022-10-27;5;
3;4;5;40;1;1;9;5;1;4;2002;37;1;4;4;1;1;5108607;2022-10-27;3;
3;6;7;31;2;2;13;5;8;3;2019;27;1;4;4;1;1;5108609;2022-10-27;4;
2;7;7;22;2;2;9;5;2;4;2022;25;;4;4;1;1;5108610;2022-10-27;-3;
1;3;5;60;2;2;7;5;1;6;1987;60;1;5;4;1;1;5108701;2022-10-13;0;
3;7;6;50;1;1;9;5;1;5;1999;48;1;3;4;1;1;5108702;2022-10-13;2;
1;5;6;25;2;2;9;5;2;6;2020;25;1;5;5;1;1;5108708;2022-10-17;0;
2;7;7;35;2;2;9;5;1;2;2012;40;1;3;3;1;1;5108803;2022-10-09;-5;
2;6;6;48;2;2;11;5;1;6;2000;50;1;5;5;1;1;5108807;2022-10-09;-2;
1;6;6;56;2;2;9;5;1;5;1994;51;1;3;4;1;1;5108901;2022-08-31;5;
3;7;3;35;1;1;9;5;1;5;2010;30;1;3;2;1;1;5108902;2022-08-31;5;
3;4;6;52;2;2;9;5;2;5;2022;44;1;;3;1;1;5108908;2022-08-31;8;
3;6;6;68;1;1;6;5;8;5;2012;25;2;3;3;1;1;5108909;2022-08-31;43;
3;6;6;59;1;1;9;5;2;3;2000;58;1;3;3;1;1;5109002;2022-08-24;1;
3;5;6;65;1;1;9;5;1;5;2002;71;1;3;4;1;1;5109005;2022-08-24;-6;
3;6;6;44;2;2;9;5;1;4;1998;47;1;4;4;1;1;5109101;2022-08-10;-3;
2;5;5;65;2;2;7;5;1;2;1981;59;1;2;3;1;1;5109102;2022-08-11;6;
1;7;5;73;2;2;9;5;1;6;1973;73;2;4;4;1;1;5109105;2022-08-11;0;
3;6;6;71;1;1;9;5;2;3;2017;64;;4;3;1;1;5109106;2022-08-11;7;
3;4;5;33;1;1;15;5;2;6;2015;35;1;4;3;1;1;5109108;2022-08-11;-2;
1;7;7;54;2;2;15;5;1;6;1994;55;1;4;4;1;1;5109110;2022-08-12;-1;
3;2;6;83;2;2;6;5;1;3;1970;82;2;3;2;1;1;5109207;2022-09-27;1;
1;6;7;35;2;2;9;5;1;6;2017;35;1;5;5;1;1;5109208;2022-09-27;0;
1;6;6;30;2;2;9;5;2;6;2014;35;1;4;5;1;1;5109209;2022-09-27;-5;
1;5;5;36;2;2;15;5;1;6;2010;41;1;4;5;1;1;5109302;2022-08-08;-5;
3;5;5;62;1;1;11;5;1;4;1983;57;1;4;4;1;1;5109303;2022-08-09;5;
3;7;7;35;1;1;9;5;1;4;2008;42;1;4;3;1;1;5109501;2022-09-21;-7;
2;6;6;68;2;2;13;5;1;2;1972;71;1;4;4;1;1;5109506;2022-10-03;-3;
3;7;7;69;1;1;8;5;1;3;1976;66;1;5;5;1;1;5109601;2022-08-09;3;
3;7;6;27;2;2;13;5;8;3;2014;27;1;4;4;1;1;5109701;2022-10-31;0;
3;7;6;32;1;1;9;5;8;4;2018;26;1;4;4;1;1;5109702;2022-10-31;6;
3;5;6;69;2;2;15;5;1;3;1976;70;2;4;4;1;1;5109705;2022-10-31;-1;
1;6;7;78;2;2;15;5;1;4;1970;81;1;5;5;1;1;5109801;2022-09-30;-3;
3;4;4;54;1;1;15;5;2;2;2010;53;1;4;4;1;1;5109803;2022-09-30;1;
3;5;6;46;1;1;15;5;1;3;2012;49;1;5;4;1;1;5109805;2022-09-30;-3;
3;6;6;59;1;1;9;5;1;4;2004;63;1;3;3;1;1;5109901;2022-09-07;-4;
3;6;6;45;1;1;13;5;1;3;2002;45;1;5;4;1;1;5110103;2022-10-29;0;
1;7;6;36;2;2;9;5;1;6;2012;38;1;4;5;1;1;5110107;2022-10-29;-2;
3;5;6;59;1;1;9;5;1;1;1995;59;1;4;3;1;1;5110204;2022-09-26;0;
3;7;7;40;1;1;15;5;1;1;2012;40;1;4;4;1;1;5110208;2022-09-26;0;
1;3;5;50;2;2;9;5;1;6;1998;55;1;3;4;1;1;5110407;2022-10-17;-5;
2;6;6;33;2;2;15;5;1;3;2014;35;1;5;5;1;1;5110408;2022-10-17;-2;
3;5;6;73;2;2;15;5;1;3;1989;80;2;4;4;1;1;5110603;2022-08-12;-7;
3;;7;70;1;1;8;5;1;5;1962;70;2;3;4;1;1;5110610;2022-09-22;0;
3;7;7;32;1;1;9;5;1;5;2021;30;1;5;4;1;1;5110701;2022-09-26;2;
3;4;4;57;1;1;9;5;1;5;1988;54;1;4;4;1;1;5110704;2022-09-26;3;
2;6;6;28;2;2;9;5;1;6;2020;28;1;5;4;1;1;5110708;2022-09-26;0;
1;7;6;47;2;2;9;5;2;6;2014;48;1;4;4;1;1;5110709;2022-09-26;-1;
3;7;7;31;1;1;15;5;1;3;2018;36;1;4;4;1;1;5110801;2022-08-22;-5;
3;7;7;60;2;2;10;5;1;3;1987;60;2;4;4;1;1;5110804;2022-08-31;0;
2;7;6;41;2;2;15;5;1;2;2005;42;1;4;4;1;1;5110809;2022-09-09;-1;
2;2;5;56;2;2;15;5;1;2;1989;57;2;5;4;1;1;5110903;2022-09-12;-1;
3;7;7;40;2;2;13;5;1;3;1999;41;1;5;4;1;1;5111006;2022-10-13;-1;
2;7;7;35;2;2;15;5;3;2;2015;40;1;4;4;1;1;5111101;2022-09-22;-5;
3;4;6;67;1;1;15;5;1;4;1981;63;2;4;5;1;1;5111102;2022-09-22;4;
3;6;5;25;2;2;13;5;2;3;2016;26;1;4;4;1;1;5111110;2022-10-12;-1;
3;4;5;40;1;1;9;5;8;4;2017;29;1;4;4;1;1;5111202;2022-10-31;11;
1;6;6;50;2;2;9;5;2;6;2012;60;1;3;3;1;1;5111205;2022-09-26;-10;
3;7;7;45;1;1;9;5;1;5;2005;35;1;4;5;1;1;5111207;2022-09-26;10;
1;6;3;33;2;2;9;5;2;2;2008;37;1;3;4;1;1;5111210;2022-10-12;-4;
2;4;6;51;2;2;7;5;8;1;2007;59;1;4;4;1;1;5111301;2022-09-14;-8;
2;6;6;64;2;2;13;5;1;2;1982;64;1;4;4;1;1;5111304;2022-09-14;0;
1;5;7;45;2;2;9;5;1;6;1992;60;1;4;3;1;1;5111401;2022-08-23;-15;
2;6;6;62;1;1;9;5;1;2;1991;55;1;3;2;1;1;5111402;2022-08-23;7;
3;4;6;40;1;1;9;5;1;4;2003;38;1;4;4;1;1;5111501;2022-10-31;2;
3;4;6;29;1;1;12;5;8;3;2015;27;1;4;4;1;1;5111506;2022-10-31;2;
3;4;5;45;1;1;13;5;2;4;2001;40;1;4;5;1;1;5111507;2022-10-31;5;
3;3;4;55;1;1;12;5;2;3;1997;55;1;5;4;1;1;5111508;2022-10-31;0;
3;3;5;55;2;2;9;5;2;3;1996;55;1;3;4;1;1;5111509;2022-10-31;0;
2;7;7;82;2;2;15;5;1;2;1965;85;2;4;5;1;1;5111606;2022-08-17;-3;
1;5;6;64;2;2;9;5;1;6;1983;67;1;2;4;1;1;5111701;2022-09-26;-3;
1;1;5;59;2;2;13;5;1;6;1983;62;2;4;4;1;1;5111703;2022-09-26;-3;
2;7;3;41;2;2;9;5;1;2;1999;43;1;4;5;1;1;5111706;2022-09-26;-2;
1;7;6;50;2;2;9;5;1;6;1993;52;1;4;4;1;1;5111801;2022-08-19;-2;
2;4;6;74;2;2;7;5;1;4;1974;80;2;3;3;1;1;5111903;2022-08-16;-6;
3;5;5;61;1;1;7;5;1;4;1990;58;1;4;4;1;1;5111904;2022-09-02;3;
3;7;3;50;2;2;9;5;1;5;2022;64;1;1;1;1;1;5112101;2022-08-30;-14;
2;3;7;45;2;2;9;5;1;2;2019;50;2;3;3;1;1;5112107;2022-09-08;-5;
3;6;6;65;2;2;9;5;1;4;1984;72;2;4;4;1;1;5112206;2022-10-18;-7;
3;3;5;79;1;1;6;5;1;5;1970;72;2;1;2;1;1;5112207;2022-10-18;7;
1;6;6;58;2;2;9;5;1;2;1992;59;1;4;4;1;1;5112208;2022-10-18;-1;
3;5;7;31;2;2;11;5;2;5;2015;36;1;5;4;1;1;5112401;2022-09-24;-5;
1;7;6;56;2;2;8;5;1;1;1991;58;1;5;3;1;1;5112404;2022-09-26;-2;
3;2;5;60;2;2;8;5;2;;2012;63;2;3;3;1;1;5112406;2022-09-30;-3;
1;5;5;68;2;2;9;5;1;6;1975;69;1;;4;1;1;5112506;2022-10-20;-1;
3;6;5;50;1;1;13;5;1;5;2010;48;1;5;5;1;1;5112507;2022-10-20;2;
1;7;7;30;2;2;15;5;1;4;2015;30;1;5;5;1;1;5112602;2022-09-09;0;
3;2;5;39;1;1;9;5;1;4;2001;36;1;4;4;1;1;5112610;2022-10-03;3;
3;7;5;37;1;1;9;5;2;3;2019;30;1;5;4;1;1;5112701;2022-09-22;7;
3;6;7;58;1;1;9;5;1;4;1992;55;1;5;4;1;1;5112710;2022-09-22;3;
3;1;5;45;2;2;13;5;1;2;2019;50;;3;3;1;1;5112803;2022-10-26;-5;
3;1;5;45;2;2;13;5;1;2;2019;50;2;3;3;1;1;5112805;2022-10-26;-5;
3;3;5;36;2;2;14;5;2;2;2015;51;1;4;4;1;1;5112807;2022-10-26;-15;
3;;6;36;2;2;14;5;2;2;2015;51;;4;4;1;1;5112808;2022-10-26;-15;
3;2;6;77;1;1;8;5;1;3;1969;79;2;3;4;1;1;5112810;2022-10-25;-2;
3;4;6;58;2;2;15;5;1;2;1985;58;1;4;5;1;1;5112905;2022-09-23;0;
3;6;6;69;1;1;17;5;1;1;1982;62;2;4;4;1;1;5112906;2022-09-23;7;
2;1;4;72;2;2;8;5;1;;1971;75;1;3;4;1;1;5113102;2022-10-06;-3;
3;6;7;32;2;2;15;5;1;2;2011;36;1;4;4;1;1;5113103;2022-10-06;-4;
2;6;6;33;2;2;15;5;8;5;2011;34;1;4;3;1;1;5113104;2022-10-06;-1;
1;4;7;69;2;2;8;5;1;2;1983;62;1;4;3;1;1;5113105;2022-10-06;7;
2;;5;67;2;2;6;5;1;2;1974;81;1;2;3;1;1;5113106;2022-10-06;-14;
1;7;7;50;2;2;7;5;1;4;1993;53;1;3;4;1;1;5113110;2022-10-06;-3;
3;6;4;39;2;2;9;5;2;3;2010;39;1;4;3;1;1;5113203;2022-10-21;0;
3;7;6;45;1;1;9;5;1;5;2002;45;1;5;5;1;1;5113204;2022-10-21;0;
1;3;6;58;2;2;7;5;1;6;1996;60;1;4;4;1;1;5113208;2022-10-21;-2;
1;6;6;55;2;2;9;5;1;6;2000;55;1;5;4;1;1;5113210;2022-10-21;0;
1;7;6;42;2;2;9;5;2;6;2021;40;1;5;4;1;1;5113504;2022-10-21;2;
1;7;6;28;2;2;9;5;2;6;2022;28;1;5;4;1;1;5113505;2022-10-21;0;
1;1;5;69;2;2;7;5;1;6;1973;73;2;3;3;1;1;5113506;2022-10-21;-4;
3;2;7;65;1;1;7;5;1;4;2004;73;2;3;3;1;1;5113510;2022-10-21;-8;
1;5;7;66;2;2;7;5;1;1;1975;71;1;1;3;1;1;5113602;2022-09-28;-5;
3;7;7;54;1;1;13;5;1;3;2002;49;1;3;4;1;1;5113603;2022-09-28;5;
3;6;6;26;2;2;15;5;8;3;2018;36;1;3;4;1;1;5113604;2022-09-28;-10;
1;4;3;57;2;2;9;5;1;4;1985;57;2;3;3;1;1;5113606;2022-10-09;0;
3;5;6;40;1;1;9;5;1;3;2003;38;1;4;4;1;1;5113607;2022-10-09;2;
2;5;6;78;2;2;8;5;1;3;1969;82;2;4;4;1;1;5113801;2022-10-21;-4;
2;4;6;41;2;2;7;5;1;2;2008;58;2;3;3;1;1;5113802;2022-10-21;-17;
1;7;7;54;2;2;9;5;1;2;1988;59;;4;4;1;1;5113805;2022-10-21;-5;
1;7;1;30;2;2;9;5;2;6;2014;39;1;2;2;1;1;5113806;2022-10-21;-9;
2;4;7;70;2;2;8;5;1;3;1985;75;2;4;4;1;1;5114001;2022-10-06;-5;
1;5;5;50;2;2;7;5;2;6;1992;52;1;3;3;1;1;5114002;2022-10-06;-2;
1;6;6;50;2;2;7;5;1;6;1997;52;1;4;4;1;1;5114003;2022-10-06;-2;
3;6;5;30;2;2;15;5;8;1;2021;27;1;3;4;1;1;5114101;2022-08-30;3;
3;5;5;45;2;2;13;5;1;2;2014;50;1;4;4;1;1;5114201;2022-10-09;-5;
1;6;6;78;2;2;7;5;1;2;1970;72;2;3;5;1;1;5114203;2022-09-28;6;
3;7;5;33;2;2;9;5;8;5;2018;33;1;2;3;1;1;5114206;2022-09-28;0;
1;7;7;37;2;2;9;5;1;6;2007;40;1;4;4;1;1;5114208;2022-09-28;-3;
1;;6;73;2;2;7;5;1;6;1980;78;;3;4;1;1;5114209;2022-09-28;-5;
3;7;7;32;2;2;9;5;2;3;2005;34;1;5;3;1;1;5114210;2022-09-28;-2;
2;6;6;65;1;1;6;5;1;3;1984;63;1;4;3;1;1;5114301;2022-09-28;2;
1;6;6;65;2;2;7;5;1;6;1973;67;1;3;3;1;1;5114302;2022-09-28;-2;
1;6;7;53;2;2;7;5;1;6;1992;53;2;4;3;1;1;5114306;2022-09-28;0;
3;7;7;42;2;2;15;5;8;3;2001;43;1;4;4;1;1;5114309;2022-09-28;-1;
1;7;7;63;2;2;1;5;1;1;1960;68;2;1;3;1;1;5114401;2022-08-30;-5;
1;7;2;52;2;2;7;5;2;6;2005;55;1;3;3;1;1;5114406;2022-08-30;-3;
1;7;7;55;2;2;9;5;2;6;2018;53;1;3;5;1;1;5114410;2022-08-30;2;
1;7;7;43;2;2;15;5;3;6;2001;53;1;4;4;1;1;5114503;2022-09-28;-10;
1;6;6;53;2;2;14;5;1;6;2006;45;1;1;3;1;1;5114504;2022-09-28;8;
3;7;7;65;1;1;15;5;1;4;1980;55;1;4;4;1;1;5114510;2022-09-28;10;
2;6;4;32;2;2;11;5;1;1;2009;40;1;3;4;1;1;5114602;2022-08-30;-8;
1;6;3;55;2;2;9;5;1;6;1993;55;1;3;4;1;1;5114610;2022-08-30;0;
1;7;7;38;2;2;9;5;1;6;2006;41;1;4;4;1;1;5114701;2022-10-06;-3;
1;4;4;62;2;2;9;5;2;6;2010;67;2;3;3;1;1;5114703;2022-10-06;-5;
1;5;6;50;2;2;9;5;1;6;1994;50;1;4;4;1;1;5114705;2022-10-06;0;
3;7;7;29;1;1;9;5;2;4;2017;28;1;5;5;1;1;5114707;2022-10-06;1;
3;6;6;30;1;1;13;5;2;3;2018;30;1;5;4;1;1;5114708;2022-10-06;0;
2;5;7;57;2;2;9;5;1;3;1989;56;1;4;4;1;1;5114802;2022-10-21;1;
3;7;6;58;2;2;13;5;8;2;2022;54;1;4;4;1;1;5114804;2022-10-21;4;
2;7;7;52;2;2;15;5;1;2;1999;60;;4;4;1;1;5114807;2022-10-21;-8;
1;7;7;40;2;2;15;5;1;6;2006;46;1;4;5;1;1;5114903;2022-08-30;-6;
3;7;7;44;2;2;9;5;2;3;2002;48;1;4;4;1;1;5115001;2022-10-06;-4;
2;7;5;21;2;2;14;5;8;6;2021;24;1;3;4;1;1;5115102;2022-08-30;-3;
3;7;7;33;2;2;9;5;8;3;2012;39;1;4;4;1;1;5115202;2022-10-21;-6;
3;7;7;22;1;1;9;5;8;3;2020;21;;3;3;1;1;5115203;2022-10-21;1;
1;7;6;56;2;2;9;5;1;;1989;56;1;4;4;1;1;5115505;2022-10-29;0;
3;4;7;64;2;2;15;5;1;5;1977;65;;3;5;1;1;5115508;2022-10-29;-1;
1;6;6;28;2;2;9;5;2;2;2021;45;1;3;4;1;1;5115510;2022-10-29;-17;
3;6;5;31;1;1;9;5;2;4;2016;25;1;3;4;1;1;5115601;2022-10-29;6;
3;7;7;54;1;1;15;5;1;4;1995;50;1;3;4;1;1;5115604;2022-10-29;4;
3;5;6;63;1;1;13;5;1;4;1996;56;1;5;4;1;1;5115605;2022-10-29;7;
3;7;5;28;1;1;13;5;2;4;2021;29;1;4;5;1;1;5115702;2022-10-22;-1;
2;7;6;34;2;2;13;5;2;2;2011;38;1;4;4;1;1;5115706;2022-10-22;-4;
1;6;7;47;2;2;9;5;1;1;1996;48;1;4;4;1;1;5115707;2022-10-22;-1;
2;5;4;53;2;2;7;5;1;2;1983;62;2;4;3;1;1;5115709;2022-10-22;-9;
1;5;5;53;2;2;9;5;1;6;1987;56;1;3;3;1;1;5115807;2022-10-01;-3;
3;5;4;21;1;1;9;5;2;4;2020;25;1;2;4;1;1;5115810;2022-10-01;-4;
3;4;6;76;1;1;7;5;1;3;1970;76;2;4;3;1;1;5115903;2022-10-29;0;
2;6;6;63;2;2;9;5;6;2;2009;65;1;4;4;1;1;5115906;2022-10-29;-2;
3;7;7;67;1;1;9;5;1;4;1978;67;1;5;4;1;1;5115907;2022-10-29;0;
2;6;6;58;2;2;13;5;1;2;1993;58;1;4;4;1;1;5116001;2022-09-01;0;
2;5;6;40;2;2;15;5;2;2;2021;43;1;4;4;1;1;5116004;2022-09-01;-3;
1;2;4;63;2;2;9;5;1;6;1980;63;2;3;3;1;1;5116101;2022-10-01;0;
3;7;7;69;1;1;9;5;1;5;1972;68;1;3;3;1;1;5116104;2022-10-01;1;
2;6;7;58;2;2;15;5;1;4;1991;58;1;4;4;1;1;5116105;2022-10-01;0;
3;;6;65;2;2;17;5;1;3;1978;67;2;4;4;1;1;5116108;2022-10-01;-2;
1;6;6;46;2;2;13;5;1;6;1998;52;1;4;4;1;1;5116206;2022-09-05;-6;
1;6;6;61;2;2;13;5;1;6;1981;65;2;5;4;1;1;5116207;2022-09-05;-4;
1;7;7;18;2;2;9;5;2;6;2020;20;1;5;4;1;1;5116209;2022-09-05;-2;
1;7;6;50;2;2;9;5;1;5;1993;54;1;4;4;1;1;5116303;2022-10-21;-4;
3;7;7;48;1;1;13;5;1;4;2004;40;1;5;4;1;1;5116305;2022-10-21;8;
3;5;5;23;2;2;9;5;1;3;2018;25;1;4;3;1;1;5116410;2022-09-01;-2;
2;5;5;57;2;2;9;5;1;1;1988;57;1;3;3;1;1;5116505;2022-09-01;0;
2;7;6;63;1;1;9;5;1;2;1981;62;1;4;3;1;1;5116506;2022-09-01;1;
1;7;7;66;2;2;9;5;1;6;1982;66;1;4;4;1;1;5116507;2022-09-01;0;
3;7;5;29;2;2;13;5;8;3;2011;34;;4;4;1;1;5116608;2022-10-29;-5;
3;7;7;30;1;1;9;5;2;5;2021;24;1;4;4;1;1;5116702;2022-10-21;6;
3;5;5;70;2;2;7;5;1;4;1970;71;2;3;4;1;1;5116705;2022-10-21;-1;
1;5;5;49;2;2;9;5;2;6;2000;53;1;3;3;1;1;5116801;2022-10-28;-4;
3;5;3;75;2;2;8;5;1;3;1990;74;1;3;4;1;1;5116802;2022-10-28;1;
3;4;4;37;2;2;9;5;2;3;2011;45;;3;2;1;1;5116803;2022-10-28;-8;
2;7;7;61;2;2;9;5;1;2;1993;71;1;4;4;1;1;5116804;2022-10-28;-10;
3;6;6;85;1;1;8;5;1;2;1982;84;2;3;4;1;1;5116806;2022-10-28;1;
2;5;7;63;2;2;15;5;1;2;1998;53;2;4;4;1;1;5116808;2022-10-28;10;
3;7;7;46;1;1;14;5;2;5;2014;39;1;4;5;1;1;5116810;2022-10-28;7;
1;7;5;30;2;2;13;5;1;6;2016;43;1;4;3;1;1;5116902;2022-09-01;-13;
3;7;6;36;1;1;13;5;1;5;2012;30;1;4;4;1;1;5116910;2022-09-01;6;
1;7;3;23;2;2;9;5;2;6;2020;25;1;3;4;1;1;5117006;2022-10-01;-2;
3;6;6;64;1;1;1;5;2;5;1980;58;1;3;3;1;1;5117009;2022-10-01;6;
3;2;1;61;2;2;15;5;1;3;1985;64;1;3;4;1;1;5117201;2022-10-17;-3;
2;7;7;29;2;2;9;5;1;5;2013;30;1;3;4;1;1;5117202;2022-10-17;-1;
3;6;6;27;2;2;15;5;1;3;2015;35;1;4;4;1;1;5117203;2022-10-10;-8;
3;6;7;55;2;2;9;5;1;3;2018;61;1;3;3;1;1;5117210;2022-10-22;-6;
2;7;7;53;2;2;13;5;1;2;2001;52;1;3;5;1;1;5117305;2022-10-28;1;
2;;6;80;2;2;7;5;1;2;1963;81;2;3;3;1;1;5117309;2022-10-28;-1;
3;6;6;29;2;2;9;5;2;2;2013;29;1;4;4;1;1;5117310;2022-10-28;0;
3;6;;72;2;2;15;5;1;4;1991;75;2;3;4;1;1;5117401;2022-10-29;-3;
3;7;5;25;2;2;14;5;2;3;2022;26;1;4;4;1;1;5117504;2022-10-22;-1;
2;7;6;30;1;1;9;5;8;3;2022;29;1;4;4;1;1;5117505;2022-10-22;1;
2;4;6;61;2;2;11;5;1;2;1990;59;2;3;4;1;1;5117506;2022-10-22;2;
1;5;7;55;1;1;9;5;5;6;2002;50;1;5;3;1;1;5117510;2022-10-22;5;
3;6;6;55;1;1;13;5;1;4;1991;53;1;4;4;1;1;5117604;2022-10-29;2;
2;2;7;72;2;2;6;5;1;2;1989;70;2;5;4;1;1;5117609;2022-10-29;2;
1;7;7;59;2;2;9;5;2;1;2001;58;1;5;4;1;1;5117701;2022-10-20;1;
2;5;6;62;2;2;13;5;1;4;1986;61;1;3;4;1;1;5117704;2022-10-20;1;
3;7;5;44;1;1;9;5;2;3;2018;31;1;4;3;1;1;5117806;2022-10-29;13;
2;6;6;48;1;1;13;5;5;2;2016;28;1;4;4;1;1;5117807;2022-10-20;20;
3;1;5;74;2;2;11;5;1;2;1967;52;2;4;4;1;1;5117901;2022-10-28;22;
2;1;7;79;2;2;6;5;1;3;1960;83;2;3;5;1;1;5117908;2022-10-28;-4;
3;6;5;57;2;2;9;5;1;4;1997;54;1;3;5;1;1;5117909;2022-10-28;3;
1;6;4;44;2;2;11;5;2;1;1998;45;1;3;4;1;1;5118001;2022-10-20;-1;
3;7;6;75;1;1;9;5;1;4;1992;75;1;3;4;1;1;5118004;2022-10-20;0;
1;1;7;70;2;2;8;5;1;6;1979;76;2;3;3;1;1;5118007;2022-10-20;-6;
3;5;5;60;1;1;9;5;2;2;2002;65;1;5;4;1;1;5118008;2022-10-20;-5;
2;1;5;60;2;2;9;5;2;2;1997;57;2;3;3;1;1;5118010;2022-10-20;3;
3;7;7;57;1;1;13;5;1;5;1980;60;1;4;4;1;1;5118104;2022-10-20;-3;
3;7;7;77;2;2;6;5;1;4;1964;81;2;4;4;1;1;5118107;2022-10-20;-4;
3;7;7;42;1;1;9;5;2;4;2010;33;1;4;4;1;1;5118109;2022-10-28;9;
3;4;3;57;2;2;13;5;1;2;1992;60;2;4;4;1;1;5118210;2022-09-05;-3;
3;7;7;26;2;2;15;5;2;3;2021;27;1;4;4;1;1;5118302;2022-09-01;-1;
2;3;5;68;2;2;6;5;1;3;1979;79;2;3;3;1;1;5118307;2022-09-01;-11;
2;5;5;68;2;2;6;5;1;2;1986;58;1;3;3;1;1;5118309;2022-09-01;10;
2;1;5;78;2;2;8;5;1;2;1973;77;;4;5;1;1;5118404;2022-10-29;1;
2;6;6;65;2;2;12;5;1;2;1980;61;1;3;3;1;1;5118501;2022-09-05;4;
2;7;7;27;2;2;13;5;2;2;2020;25;1;4;5;1;1;5118505;2022-09-05;2;
2;7;7;29;2;2;9;5;2;2;2019;31;1;4;4;1;1;5118507;2022-09-05;-2;
1;7;7;67;2;2;10;5;1;1;1987;76;1;4;5;1;1;5118606;2022-10-08;-9;
1;7;7;62;2;2;13;5;1;6;1992;54;2;5;5;1;1;5118609;2022-10-08;8;
1;7;7;27;2;2;13;5;1;1;2017;38;1;5;5;1;1;5118610;2022-10-08;-11;
3;5;7;66;2;2;7;5;1;4;1974;71;1;3;3;1;1;5118702;2022-10-17;-5;
2;7;7;34;2;2;7;5;8;2;2008;42;1;4;4;1;1;5118704;2022-10-21;-8;
3;4;5;34;2;2;15;5;1;3;2016;44;1;3;4;1;1;5118706;2022-10-17;-10;
3;7;7;51;1;1;15;5;1;4;1991;50;1;4;5;1;1;5118708;2022-10-21;1;
3;7;7;55;1;1;12;5;1;5;2018;49;1;4;4;1;1;5118803;2022-10-29;6;
3;6;4;29;1;1;9;5;2;5;1999;31;1;4;4;1;1;5118805;2022-10-29;-2;
1;7;6;37;2;2;11;5;2;5;2004;39;1;5;4;1;1;5118809;2022-10-28;-2;
3;7;7;48;1;1;9;5;1;4;2012;28;1;4;4;1;1;5118901;2022-09-08;20;
3;5;5;56;1;1;9;5;1;5;1988;53;2;3;2;1;1;5118908;2022-09-08;3;
3;6;6;75;1;1;7;5;1;4;1968;73;1;4;3;1;1;5119004;2022-09-08;2;
2;5;6;33;1;1;14;5;2;4;2015;26;1;4;3;1;1;5119006;2022-09-08;7;
3;6;6;35;1;1;15;5;2;4;2016;34;1;4;4;1;1;5119007;2022-09-08;1;
2;7;6;35;1;1;11;5;2;3;2011;38;1;4;4;1;1;5119008;2022-09-08;-3;
1;7;7;80;2;2;7;5;1;2;1967;88;2;3;4;1;1;5119103;2022-10-08;-8;
1;7;7;60;2;2;9;5;1;6;1985;59;1;3;4;1;1;5119108;2022-10-08;1;
2;7;5;38;1;1;9;5;2;4;2015;40;1;3;4;1;1;5119203;2022-10-28;-2;
2;5;5;48;2;2;9;5;2;2;1997;49;1;3;4;1;1;5119204;2022-10-29;-1;
2;;4;75;2;2;7;5;1;3;2008;74;2;3;4;1;1;5119206;2022-10-28;1;
3;3;7;63;2;2;15;5;1;3;1984;67;2;4;4;1;1;5119207;2022-10-29;-4;
3;7;7;50;1;1;9;5;1;5;1990;52;1;4;4;1;1;5119301;2022-09-08;-2;
2;6;6;23;2;2;9;5;2;1;2020;33;1;3;4;1;1;5119304;2022-09-08;-10;
3;6;6;50;1;1;7;5;1;4;1996;47;1;3;3;1;1;5119306;2022-09-08;3;
3;7;7;53;1;1;7;5;1;5;1988;54;1;5;5;1;1;5119308;2022-09-08;-1;
3;7;7;57;1;1;9;5;1;4;1984;52;1;3;4;1;1;5119310;2022-09-05;5;
3;5;7;38;2;2;9;5;8;2;2015;50;1;4;4;1;1;5119505;2022-10-29;-12;
3;7;7;70;2;2;10;5;2;4;2017;67;1;4;4;1;1;5119601;2022-10-09;3;
3;7;5;60;2;2;12;5;1;3;2008;70;1;3;4;1;1;5119606;2022-10-10;-10;
2;5;5;60;2;2;15;5;1;3;1988;64;1;3;3;1;1;5119701;2022-10-28;-4;
2;5;7;67;2;2;7;5;1;3;1973;72;1;3;4;1;1;5119703;2022-10-28;-5;
2;6;6;43;2;2;7;5;2;4;2003;50;1;4;4;1;1;5119706;2022-10-28;-7;
3;7;7;49;1;1;9;5;1;5;2002;47;1;4;4;1;1;5119707;2022-10-29;2;
3;6;7;70;2;2;9;5;1;6;1982;68;1;4;4;1;1;5119803;2022-10-22;2;
1;;4;86;2;2;6;5;1;2;1953;88;;3;2;1;1;5120001;2022-10-29;-2;
1;6;6;54;2;2;9;5;1;1;1987;59;;5;4;1;1;5120002;2022-10-29;-5;
3;7;7;52;1;1;10;5;5;4;2007;36;1;4;4;1;1;5120101;2022-10-22;16;
3;6;6;28;1;1;13;5;2;4;2018;28;1;5;4;1;1;5120107;2022-10-23;0;
3;1;5;42;2;2;13;5;2;4;2008;38;2;3;3;1;1;5120401;2022-10-21;4;
2;5;6;65;2;2;14;5;1;3;1981;68;1;3;3;1;1;5120407;2022-10-21;-3;
3;7;7;74;1;1;9;5;1;3;1984;67;1;5;5;1;1;5120410;2022-10-21;7;
1;7;7;38;2;2;9;5;1;6;2012;41;1;4;3;1;1;5120605;2022-10-29;-3;
1;5;6;41;2;2;9;5;1;6;2006;41;1;4;4;1;1;5120609;2022-10-29;0;
3;6;4;72;2;2;7;5;1;4;1990;65;1;5;3;1;1;5120610;2022-10-08;7;
3;4;7;94;1;1;6;5;1;3;1968;88;2;3;3;1;1;5120704;2022-10-06;6;
3;3;6;86;1;1;1;5;1;4;1960;77;2;5;3;1;1;5120705;2022-10-06;9;
3;7;7;34;2;2;14;5;8;4;2020;36;1;4;4;1;1;5120706;2022-10-06;-2;
2;6;7;56;2;2;9;5;1;2;1987;58;2;3;4;1;1;5120707;2022-10-06;-2;
1;7;6;36;2;2;7;5;2;6;2013;40;1;3;4;1;1;5120709;2022-10-06;-4;
3;6;6;69;1;1;9;5;1;4;1981;63;1;4;4;1;1;5120710;2022-10-06;6;
2;5;6;65;2;2;15;5;1;3;1994;88;1;3;4;1;1;5120801;2022-10-08;-23;
2;5;7;60;1;1;7;5;6;5;2007;55;2;4;5;1;1;5120802;2022-10-08;5;
1;7;6;32;2;2;15;5;2;6;2013;33;1;5;5;1;1;5120805;2022-10-08;-1;
3;6;7;42;1;1;15;5;1;3;2017;38;1;4;4;1;1;5120806;2022-10-08;4;
1;7;7;35;2;2;15;5;1;6;2012;38;1;5;4;1;1;5120810;2022-10-08;-3;
2;6;6;59;2;2;13;5;1;2;1989;61;1;4;4;1;1;5120901;2022-10-06;-2;
3;7;7;47;1;1;15;5;2;5;2001;48;2;3;4;1;1;5120903;2022-10-06;-1;
1;7;7;42;2;2;17;5;1;6;2019;33;1;4;4;1;1;5121001;2022-10-06;9;
1;7;7;66;2;2;15;5;1;1;1978;70;1;5;5;1;1;5121006;2022-10-06;-4;
3;7;7;44;2;2;15;5;6;3;2015;30;1;3;4;1;1;5121010;2022-10-06;14;
3;7;1;34;2;2;9;5;1;4;2011;36;1;3;3;1;1;5121108;2022-10-06;-2;
2;7;7;38;1;1;13;5;2;3;2016;36;1;4;4;1;1;5121201;2022-10-08;2;
1;1;4;53;2;2;9;5;1;6;1991;58;2;3;4;1;1;5121202;2022-10-08;-5;
3;7;6;39;1;1;15;5;1;3;2009;38;1;5;4;1;1;5121204;2022-10-08;1;
2;7;7;43;1;1;15;5;2;3;2010;41;1;4;5;1;1;5121205;2022-10-07;2;
3;7;7;51;1;1;13;5;1;5;2000;44;1;4;4;1;1;5121206;2022-10-08;7;
1;5;5;38;2;2;11;5;1;3;2004;38;1;4;3;1;1;5121208;2022-10-08;0;
3;6;7;59;1;1;15;5;2;4;2012;54;1;4;4;1;1;5121404;2022-08-12;5;
3;6;6;36;1;1;15;5;1;3;2017;35;1;5;4;1;1;5121603;2022-10-23;1;
3;3;4;60;1;1;9;5;1;5;1989;57;1;3;3;1;1;5121605;2022-10-22;3;
2;7;7;45;1;1;9;5;8;2;2009;43;1;4;4;1;1;5121608;2022-10-23;2;
3;7;4;38;1;1;15;5;1;5;1995;38;1;4;4;1;1;5121609;2022-10-22;0;
3;7;7;53;2;2;15;5;1;3;2016;56;1;5;4;1;1;5121801;2022-10-06;-3;
3;1;7;76;1;1;14;5;1;5;1970;76;2;3;4;1;1;5121802;2022-10-03;0;
2;7;6;35;2;2;9;5;1;2;2010;37;1;4;4;1;1;5121807;2022-10-03;-2;
2;6;6;53;2;2;9;5;1;3;1989;56;2;3;4;1;1;5121808;2022-10-06;-3;
2;6;6;48;1;1;9;5;1;3;2011;38;1;4;4;1;1;5121809;2022-10-06;10;
2;5;5;36;2;2;9;5;2;3;2012;36;1;4;4;1;1;5121810;2022-10-07;0;
1;6;7;38;2;2;15;5;2;2;2009;37;1;5;4;1;1;5121910;2022-10-10;1;
3;7;7;46;2;2;9;5;1;3;2018;47;1;4;4;1;1;5122103;2022-08-08;-1;
3;7;7;27;2;2;13;5;2;3;2018;29;1;4;4;1;1;5122108;2022-08-08;-2;
2;7;7;52;1;1;13;5;1;4;2012;56;1;4;4;1;1;5122109;2022-10-09;-4;
2;4;7;78;2;2;6;5;1;2;1966;86;2;3;3;1;1;5122110;2022-08-08;-8;
3;7;5;25;2;2;13;5;2;3;2020;30;1;4;4;1;1;5122202;2022-08-09;-5;
3;7;7;52;1;1;9;5;1;3;2000;50;1;4;4;1;1;5122205;2022-08-09;2;
3;5;5;50;2;2;15;5;1;5;1999;52;1;4;3;1;1;5122504;2022-10-20;-2;
3;4;5;77;2;2;7;5;1;3;1966;80;2;3;3;1;1;5122505;2022-10-20;-3;
2;7;7;27;2;2;14;5;8;2;2019;30;1;4;4;1;1;5122507;2022-10-20;-3;
2;7;7;37;2;2;13;5;8;4;2017;40;1;4;4;1;1;5122508;2022-10-20;-3;
3;3;7;65;1;1;14;5;1;3;1982;62;1;4;4;1;1;5122902;2022-10-25;3;
3;7;7;31;2;2;11;5;2;3;2021;34;1;5;5;1;1;5122904;2022-10-25;-3;
3;7;7;41;2;2;9;5;8;3;2014;42;1;4;4;1;1;5122909;2022-10-25;-1;
3;7;7;40;1;1;9;5;2;4;2015;37;1;4;4;1;1;5122910;2022-10-25;3;
3;6;5;54;1;1;15;5;1;3;1996;52;1;5;4;1;1;5123001;2022-10-21;2;
1;7;5;41;2;2;13;5;1;6;2001;47;1;3;3;1;1;5123105;2022-08-20;-6;
2;7;5;69;2;2;6;5;1;2;1968;76;1;4;3;1;1;5123108;2022-08-26;-7;
3;5;4;50;1;1;9;5;1;3;2005;47;1;3;3;1;1;5123304;2022-09-28;3;
2;7;6;23;1;1;13;5;1;4;2020;23;1;4;4;1;1;5123305;2022-09-28;0;
3;5;7;36;1;1;15;5;1;5;2011;33;1;4;5;1;1;5123306;2022-09-28;3;
3;7;7;45;2;2;13;5;1;4;2012;49;1;4;4;1;1;5123307;2022-09-28;-4;
3;7;5;25;2;2;17;5;2;4;2019;33;1;4;4;1;1;5123308;2022-09-28;-8;
3;7;5;37;1;1;12;5;8;4;2020;44;1;3;4;1;1;5123601;2022-10-31;-7;
3;6;5;34;1;1;11;5;2;5;2012;32;1;4;3;1;1;5123702;2022-10-21;2;
2;4;7;49;2;2;12;5;1;2;1998;50;1;4;4;1;1;5123703;2022-10-21;-1;
3;7;7;42;1;1;15;5;1;3;2001;37;1;4;4;1;1;5123706;2022-10-21;5;
1;7;7;28;2;2;9;5;2;6;2017;30;1;4;4;1;1;5123710;2022-10-21;-2;
2;6;4;31;2;2;9;5;8;2;2017;35;1;4;4;1;1;5123801;2022-10-27;-4;
1;5;5;58;2;2;9;5;1;1;1992;60;1;4;4;1;1;5123901;2022-09-09;-2;
2;5;7;47;2;2;13;5;1;3;2008;48;1;5;5;1;1;5123902;2022-09-13;-1;
3;7;7;38;1;1;15;5;1;4;2009;35;1;4;4;1;1;5123904;2022-09-09;3;
3;7;7;46;1;1;14;5;8;3;2015;43;1;3;4;1;1;5123906;2022-09-09;3;
2;7;7;36;2;2;13;5;1;3;2005;39;1;4;5;1;1;5123908;2022-09-09;-3;
2;4;3;33;2;2;12;5;2;2;2012;34;1;3;4;1;1;5123910;2022-09-09;-1;
3;6;6;50;1;1;13;5;1;3;2022;50;1;4;4;1;1;5124104;2022-09-07;0;
3;5;7;41;1;1;15;5;8;3;2018;43;1;4;4;1;1;5124105;2022-09-07;-2;
3;7;7;51;2;2;15;5;1;3;1998;54;1;4;4;1;1;5124109;2022-09-07;-3;
2;7;6;39;2;2;15;5;8;4;2010;39;1;4;4;1;1;5124205;2022-09-30;0;
3;5;7;55;1;1;15;5;1;4;1995;53;1;4;4;1;1;5124302;2022-09-14;2;
3;7;7;25;2;2;15;5;2;3;2020;25;1;4;4;1;1;5124303;2022-09-15;0;
3;7;7;34;2;2;13;5;2;3;2011;33;1;5;5;1;1;5124401;2022-09-06;1;
3;7;7;47;1;1;13;5;1;3;2019;42;1;3;5;1;1;5124404;2022-09-05;5;
2;7;7;35;2;2;9;5;1;2;2006;38;1;4;4;1;1;5124501;2022-09-02;-3;
1;4;4;32;2;2;15;5;1;6;2019;42;1;4;4;1;1;5124503;2022-08-02;-10;
3;7;1;32;2;2;13;5;2;2;2020;32;1;4;4;1;1;5124508;2022-08-26;0;
3;7;7;48;2;2;13;5;1;2;1994;47;1;4;4;1;1;5124510;2022-09-02;1;
1;7;7;46;2;2;9;5;1;2;2002;49;1;4;5;1;1;5124602;2022-08-08;-3;
3;6;7;70;1;1;9;5;1;4;1983;65;1;4;4;1;1;5124605;2022-08-08;5;
3;6;6;38;1;1;14;5;2;5;2010;45;1;4;4;1;1;5124606;2022-08-08;-7;
3;5;7;36;2;2;11;5;1;3;2014;44;1;4;4;1;1;5124701;2022-09-23;-8;
2;5;6;41;2;2;9;5;1;3;2009;51;1;3;4;1;1;5124703;2022-09-23;-10;
3;7;7;38;2;2;15;5;1;3;2015;40;1;3;4;1;1;5124704;2022-09-23;-2;
1;6;6;41;2;2;13;5;1;1;2006;42;1;4;4;1;1;5124802;2022-09-30;-1;
3;7;7;45;1;1;9;5;8;3;2010;41;1;3;3;1;1;5124803;2022-09-30;4;
3;4;6;39;2;2;15;5;1;3;2009;41;1;4;4;1;1;5124805;2022-10-08;-2;
1;6;6;40;2;2;15;5;2;6;2009;40;1;4;5;1;1;5124806;2022-10-07;0;
3;6;4;31;2;2;15;5;2;3;2021;33;1;3;3;1;1;5124808;2022-10-08;-2;
1;7;7;71;2;2;7;5;1;6;1972;73;1;3;5;1;1;5124902;2022-09-06;-2;
1;7;6;58;2;2;14;5;1;6;1976;58;1;5;5;1;1;5124908;2022-09-06;0;
1;4;5;27;2;2;9;5;2;1;2018;29;1;4;3;1;1;5125002;2022-10-09;-2;
3;7;7;38;1;1;9;5;1;3;2017;35;1;4;4;1;1;5125005;2022-10-09;3;
3;3;5;50;1;1;13;5;1;3;1994;47;1;3;4;1;1;5125008;2022-10-09;3;
3;7;6;34;2;2;11;5;8;3;2017;38;1;4;3;1;1;5125102;2022-10-07;-4;
1;7;5;42;2;2;9;5;1;6;1999;45;1;4;4;1;1;5125103;2022-10-07;-3;
3;6;5;57;2;2;13;5;1;3;1985;60;1;4;4;1;1;5125105;2022-10-07;-3;
1;4;7;50;2;2;9;5;1;6;1995;52;1;3;3;1;1;5125106;2022-10-07;-2;
1;7;7;34;2;2;10;5;1;6;2006;34;1;4;4;1;1;5125107;2022-10-07;0;
2;6;6;35;2;2;9;5;8;2;1995;37;1;4;4;1;1;5125201;2022-09-30;-2;
3;4;5;50;1;1;14;5;1;5;2000;48;1;3;4;1;1;5125204;2022-09-30;2;
2;6;6;32;2;2;10;5;2;1;2020;42;1;3;4;1;1;5125209;2022-08-16;-10;
3;5;6;47;1;1;13;5;8;3;2000;47;1;3;4;1;1;5125301;2022-09-14;0;
3;5;6;48;1;1;15;5;2;5;2021;46;1;4;4;1;1;5125305;2022-10-09;2;
2;7;7;29;2;2;12;5;8;2;2005;32;1;4;4;1;1;5125307;2022-09-14;-3;
1;6;4;33;2;2;11;5;2;1;2015;33;1;5;4;1;1;5125309;2022-10-25;0;
3;4;7;65;2;2;7;5;1;3;1985;70;2;3;3;1;1;5125310;2022-10-25;-5;
3;4;4;53;1;1;14;5;1;3;2002;50;1;4;4;1;1;5125401;2022-10-24;3;
2;7;6;35;2;2;12;5;8;2;2011;38;1;4;4;1;1;5125404;2022-10-24;-3;
1;7;7;55;2;2;9;5;1;1;1996;59;1;3;4;1;1;5125405;2022-10-25;-4;
3;6;6;68;2;2;7;5;1;3;1990;71;2;3;4;1;1;5125502;2022-08-16;-3;
3;1;6;60;2;2;7;5;1;3;1980;78;2;3;3;1;1;5125505;2022-08-16;-18;
3;5;7;53;2;2;9;5;1;2;1985;55;1;3;5;1;1;5125602;2022-08-08;-2;
1;4;4;30;2;2;11;5;2;6;2018;26;1;3;3;1;1;5125610;2022-08-09;4;
2;4;5;42;1;1;9;5;8;2;2000;42;1;4;3;1;1;5125702;2022-09-29;0;
2;4;3;34;2;2;13;5;8;1;2012;32;1;4;4;1;1;5125704;2022-09-29;2;
2;4;4;39;2;2;9;5;8;1;2009;39;1;3;3;1;1;5125705;2022-09-29;0;
3;7;6;27;1;1;9;5;8;3;2020;25;1;4;4;1;1;5125708;2022-09-29;2;
1;4;4;65;2;2;9;5;1;6;1978;68;1;3;4;1;1;5125709;2022-09-29;-3;
2;7;7;64;1;1;7;5;1;4;1985;79;1;4;4;1;1;5125801;2022-08-10;-15;
2;7;7;36;2;2;14;5;1;2;2002;38;1;4;4;1;1;5125803;2022-08-10;-2;
1;7;6;43;2;2;11;5;1;1;2006;44;1;4;4;1;1;5125808;2022-08-10;-1;
3;3;6;53;2;2;17;5;6;2;2020;61;1;5;5;1;1;5125909;2022-08-10;-8;
2;6;6;62;1;1;9;5;1;2;1978;61;1;4;4;1;1;5126001;2022-09-05;1;
3;7;7;30;1;1;13;5;2;5;2018;26;1;4;4;1;1;5126002;2022-09-05;4;
3;5;5;22;1;1;9;5;8;3;2014;23;1;4;4;1;1;5126004;2022-08-29;-1;
2;4;4;34;2;2;15;5;2;1;2012;32;1;4;5;1;1;5126007;2022-08-29;2;
3;7;7;44;1;1;14;5;8;3;2014;41;1;4;4;1;1;5126010;2022-09-05;3;
1;7;6;35;2;2;12;5;8;6;2017;37;1;4;4;1;1;5126101;2022-10-04;-2;
3;6;6;65;2;2;9;5;5;3;2014;70;1;4;4;1;1;5126102;2022-10-04;-5;
3;7;7;26;2;2;15;5;8;2;2018;27;1;5;4;1;1;5126104;2022-10-04;-1;
2;7;5;31;2;2;9;5;1;2;2014;27;1;3;4;1;1;5126105;2022-10-04;4;
1;7;7;38;2;2;11;5;1;1;2003;39;1;4;4;1;1;5126107;2022-10-04;-1;
3;7;4;33;1;1;9;5;8;5;2014;25;1;3;3;1;1;5126108;2022-10-04;8;
3;3;6;55;1;1;9;5;3;4;1996;54;2;3;4;1;1;5126208;2022-08-11;1;
2;6;6;41;2;2;11;5;8;3;2013;45;1;4;4;1;1;5126310;2022-10-27;-4;
3;7;7;40;1;1;9;5;1;4;2014;35;1;4;4;1;1;5126401;2022-10-31;5;
2;5;6;45;2;2;9;5;2;2;2000;47;1;4;4;1;1;5126501;2022-08-26;-2;
3;5;5;50;2;2;13;5;1;3;1984;58;1;4;3;1;1;5126503;2022-08-26;-8;
1;1;3;76;2;2;9;5;1;6;1965;78;2;3;4;1;1;5126602;2022-10-27;-2;
2;7;7;43;1;1;9;5;2;4;2006;43;1;4;4;1;1;5126607;2022-10-27;0;
2;5;4;29;2;2;13;5;1;2;2005;31;1;4;4;1;1;5126701;2022-10-26;-2;
2;5;7;62;2;2;9;5;2;4;2008;68;1;3;4;1;1;5126702;2022-10-26;-6;
3;4;5;56;1;1;9;5;1;3;2014;56;1;4;3;1;1;5126707;2022-10-26;0;
1;1;5;70;2;2;11;5;1;6;1975;74;1;3;4;1;1;5126709;2022-10-26;-4;
2;7;7;33;1;1;9;5;8;3;2018;33;1;4;4;1;1;5126710;2022-10-26;0;
1;6;5;22;2;2;14;5;2;6;2019;29;1;4;4;1;1;5126901;2022-10-06;-7;
2;5;5;58;2;2;9;5;6;3;1991;59;1;3;4;1;1;5126902;2022-10-06;-1;
2;4;5;49;2;2;9;5;1;1;1996;52;1;3;3;1;1;5126903;2022-10-06;-3;
2;6;4;32;2;2;9;5;1;2;2010;35;1;4;3;1;1;5126904;2022-10-06;-3;
2;2;4;37;2;2;15;5;1;4;2007;36;1;4;3;1;1;5126907;2022-10-06;1;
1;3;5;28;2;2;9;5;2;1;2017;32;1;4;4;1;1;5126909;2022-10-06;-4;
2;7;7;32;2;2;9;5;8;3;2012;31;1;4;4;1;1;5127101;2022-09-23;1;
2;6;5;46;2;2;9;5;8;2;2001;47;1;4;4;1;1;5127102;2022-09-23;-1;
2;7;7;35;2;2;9;5;2;1;2018;35;1;5;4;1;1;5127103;2022-09-23;0;
2;;7;78;2;2;6;5;1;1;1966;83;2;3;3;1;1;5127104;2022-09-23;-5;
3;2;4;50;1;1;9;5;1;5;1991;46;1;3;3;1;1;5127107;2022-10-09;4;
3;7;7;28;2;2;9;5;8;3;2018;35;1;4;4;1;1;5127207;2022-10-25;-7;
3;7;5;33;1;1;13;5;2;5;2022;32;1;4;4;1;1;5127208;2022-10-24;1;
3;6;4;55;1;1;13;5;3;5;1999;52;1;4;4;1;1;5127209;2022-10-24;3;
3;6;5;58;2;2;15;5;1;3;1989;60;1;4;4;1;1;5127210;2022-10-24;-2;
3;6;5;49;1;1;15;5;1;4;2005;49;1;4;4;1;1;5127305;2022-10-26;0;
2;7;7;45;2;2;15;5;1;3;2005;45;1;4;4;1;1;5127401;2022-09-06;0;
1;7;7;32;2;2;9;5;2;1;2009;38;1;3;4;1;1;5127403;2022-09-06;-6;
2;7;7;21;2;2;7;5;8;3;2018;23;1;4;4;1;1;5127408;2022-09-06;-2;
3;7;7;60;1;2;7;5;2;5;2017;37;1;4;4;1;1;5127410;2022-09-06;23;
3;6;6;48;2;2;15;5;1;3;2000;50;1;4;4;1;1;5127601;2022-09-29;-2;
1;3;4;54;2;2;9;5;1;6;1990;58;1;3;3;1;1;5127604;2022-09-29;-4;
2;6;5;31;2;2;11;5;1;3;2014;33;1;4;4;1;1;5127607;2022-09-29;-2;
2;7;7;40;2;2;8;5;1;3;2008;35;1;3;2;1;1;5127701;2022-09-13;5;
1;5;4;55;2;2;11;5;1;2;2003;50;1;3;4;1;1;5127702;2022-09-13;5;
2;6;5;45;1;1;15;5;1;3;2012;40;1;4;4;1;1;5127708;2022-09-13;5;
3;6;7;38;1;1;13;5;8;4;2021;35;1;3;4;1;1;5127709;2022-09-13;3;
2;6;6;45;2;2;14;5;2;2;2010;52;1;4;4;1;1;5127801;2022-10-26;-7;
3;4;7;85;1;1;8;5;1;5;1962;84;2;4;5;1;1;5127802;2022-10-26;1;
2;7;7;72;2;2;7;5;1;2;1975;70;1;3;4;1;1;5127805;2022-10-26;2;
3;7;6;37;2;2;13;5;2;2;2009;38;1;4;4;1;1;5127806;2022-10-26;-1;
3;1;7;50;2;2;9;5;2;4;2013;52;1;2;3;1;1;5127807;2022-10-26;-2;
2;7;6;42;2;2;15;5;1;2;2007;48;1;4;5;1;1;5127808;2022-10-26;-6;
3;6;6;34;1;1;14;5;8;4;2019;31;1;4;4;1;1;5128002;2022-10-05;3;
3;6;6;66;1;1;7;5;1;5;2012;54;1;3;4;1;1;5128003;2022-10-05;12;
1;6;5;62;2;2;7;5;1;6;1985;59;1;4;4;1;1;5128004;2022-10-05;3;
2;7;7;47;2;2;7;5;1;4;1995;55;1;4;4;1;1;5128005;2022-10-05;-8;
1;6;5;27;2;2;9;5;2;6;2013;28;1;4;3;1;1;5128006;2022-10-05;-1;
1;7;6;34;2;2;9;5;1;6;2020;35;1;3;5;1;1;5128010;2022-10-05;-1;
3;7;7;35;1;1;9;5;1;5;2014;31;1;4;4;1;1;5128101;2022-09-22;4;
2;7;7;32;1;1;13;5;2;5;2021;28;1;4;3;1;1;5128102;2022-09-22;4;
2;3;5;49;1;1;7;5;1;2;2016;45;2;2;2;1;1;5128103;2022-09-22;4;
2;5;5;50;2;2;9;5;1;2;1999;49;1;4;4;1;1;5128104;2022-09-22;1;
1;5;5;63;2;2;9;5;1;6;1979;66;2;3;3;1;1;5128105;2022-09-22;-3;
2;6;6;62;2;2;9;5;1;3;1979;66;1;4;4;1;1;5128106;2022-09-22;-4;
1;6;7;56;2;2;9;5;1;6;1986;58;2;3;4;1;1;5128108;2022-09-22;-2;
1;6;3;46;2;2;7;5;1;6;1992;50;1;2;4;1;1;5128201;2022-09-23;-4;
1;7;6;45;2;2;13;5;1;2;1998;39;1;4;4;1;1;5128203;2022-09-23;6;
2;6;6;78;2;2;10;5;1;4;1975;77;2;3;4;1;1;5128204;2022-09-23;1;
1;5;6;60;2;2;9;5;1;6;1995;60;1;4;4;1;1;5128301;2022-09-20;0;
2;3;7;70;2;2;8;5;1;3;1977;85;2;4;5;1;1;5128303;2022-09-20;-15;
1;7;7;46;2;2;13;5;1;6;1998;45;1;5;5;1;1;5128304;2022-09-19;1;
3;7;6;43;2;2;15;5;1;3;1998;44;1;;5;1;1;5128307;2022-09-19;-1;
3;6;6;28;1;1;9;5;1;1;2020;25;1;5;4;1;1;5128401;2022-10-05;3;
3;6;6;28;1;1;13;5;1;1;2018;27;1;5;4;1;1;5128601;2022-09-30;1;
1;5;6;60;2;2;7;5;1;6;1983;65;1;5;4;1;1;5128603;2022-09-30;-5;
1;5;6;28;2;2;9;5;2;6;2020;30;1;4;3;1;1;5128604;2022-09-30;-2;
3;7;7;52;1;1;15;5;1;3;1992;52;1;5;4;1;1;5128605;2022-09-30;0;
1;6;6;25;2;2;13;5;2;6;2019;28;1;5;4;1;1;5128803;2022-09-30;-3;
3;1;6;80;1;1;6;5;1;4;1968;78;2;3;2;1;1;5128804;2022-09-30;2;
3;6;6;44;1;1;9;5;1;2;2017;44;1;4;3;1;1;5128808;2022-09-30;0;
2;7;6;47;2;2;9;5;2;2;2010;48;1;4;5;1;1;5128809;2022-09-30;-1;
1;6;6;22;2;2;12;5;2;6;2020;24;1;4;4;1;1;5128902;2022-10-05;-2;
3;6;6;30;1;1;9;5;1;3;2014;26;2;3;4;1;1;5128907;2022-10-05;4;
3;7;5;36;2;2;15;5;1;2;2018;36;1;4;4;1;1;5128910;2022-10-05;0;
2;6;6;35;2;2;9;5;2;4;2013;34;1;4;4;1;1;5129101;2022-09-27;1;
2;7;7;44;2;2;15;5;1;2;2000;43;1;4;4;1;1;5129102;2022-09-23;1;
1;7;7;68;2;2;9;5;1;6;1972;69;1;4;4;1;1;5129203;2022-08-23;-1;
3;6;7;48;1;1;9;5;1;4;1995;48;1;5;4;1;1;5129302;2022-08-29;0;
2;6;7;70;2;2;15;5;1;3;1979;70;2;4;3;1;1;5129306;2022-08-29;0;
2;6;7;51;2;2;13;5;2;2;1993;70;1;4;5;1;1;5129310;2022-08-29;-19;
1;6;6;42;2;2;9;5;2;6;2021;42;2;3;4;1;1;5129403;2022-09-02;0;
2;5;5;59;2;2;9;5;8;6;2014;58;2;3;4;1;1;5129406;2022-09-02;1;
3;7;7;55;1;1;9;5;2;4;2007;40;2;5;4;1;1;5129408;2022-09-02;15;
3;7;7;53;2;2;13;5;8;2;2015;60;1;4;4;1;1;5129409;2022-09-02;-7;
1;2;4;58;2;2;7;5;1;6;1980;64;1;4;3;1;1;5129501;2022-09-14;-6;
1;5;5;38;2;2;9;5;2;6;2012;38;1;4;4;1;1;5129502;2022-09-14;0;
2;6;4;61;2;2;7;5;1;1;1983;62;1;3;3;1;1;5129505;2022-09-14;-1;
1;4;2;59;2;2;9;5;1;6;1986;65;1;3;4;1;1;5129509;2022-09-20;-6;
2;1;6;72;2;2;7;5;1;2;1982;70;2;3;4;1;1;5129510;2022-09-20;2;
2;;6;80;2;2;8;5;1;3;1970;80;2;5;4;1;1;5129804;2022-10-01;0;
3;6;5;58;1;1;9;5;2;4;1985;62;2;5;4;1;1;5129805;2022-10-01;-4;
3;5;7;69;2;2;6;5;1;3;1982;69;1;4;4;1;1;5129806;2022-10-01;0;
1;6;7;43;2;2;9;5;1;6;2002;45;1;5;4;1;1;5129807;2022-10-01;-2;
3;6;6;28;2;2;9;5;2;3;2018;30;1;5;5;1;1;5129901;2022-09-12;-2;
3;3;4;70;1;1;10;5;1;3;1982;72;2;3;3;1;1;5129903;2022-09-12;-2;
3;6;6;84;1;1;8;5;1;4;1963;77;2;4;3;1;1;5130003;2022-09-12;7;
2;6;6;76;2;2;6;5;1;2;1962;83;1;4;4;1;1;5130006;2022-09-12;-7;
3;3;6;75;2;2;7;5;1;2;1960;78;2;4;4;1;1;5130009;2022-09-02;-3;
1;7;4;41;2;2;9;5;2;3;2010;50;1;3;4;1;1;5130010;2022-09-02;-9;
1;7;7;40;2;2;11;5;1;6;2006;40;1;5;5;1;1;5130101;2022-09-14;0;
1;7;6;47;2;2;9;5;1;6;2014;47;1;4;5;1;1;5130105;2022-09-14;0;
1;6;5;39;2;2;7;5;8;6;2006;34;1;3;3;1;1;5130407;2022-09-12;5;
1;6;6;28;2;2;9;5;2;6;2017;34;1;5;4;1;1;5130506;2022-10-03;-6;
3;4;6;80;1;1;6;5;1;5;2004;64;1;3;3;1;1;5130602;2022-08-29;16;
3;6;5;64;1;1;9;5;2;5;2002;63;2;3;2;1;1;5130604;2022-08-29;1;
2;7;4;58;2;2;13;5;2;2;2005;58;1;3;3;1;1;5130609;2022-08-29;0;
3;6;6;33;1;1;9;5;1;3;2012;30;1;5;4;1;1;5130701;2022-09-13;3;
3;5;6;65;1;1;9;5;1;5;1983;61;2;5;5;1;1;5130704;2022-09-13;4;
3;6;6;47;2;2;11;5;2;3;1997;54;1;3;4;1;1;5130707;2022-09-13;-7;
3;6;7;63;1;1;9;5;1;5;1984;60;1;4;4;1;1;5130807;2022-09-02;3;
2;7;7;77;2;2;7;5;1;2;1966;81;1;3;4;1;1;5130909;2022-09-20;-4;
1;5;6;30;2;2;9;5;2;6;2015;35;1;4;4;1;1;5130910;2022-09-20;-5;
2;6;6;42;2;2;9;5;2;2;2017;38;1;3;4;1;1;5131004;2022-09-22;4;
2;5;7;36;2;2;16;5;8;1;2021;48;2;5;5;1;1;5131101;2022-08-16;-12;
1;5;7;66;2;2;9;5;1;2;1981;69;1;5;4;1;1;5131205;2022-09-12;-3;
1;5;6;55;2;2;9;5;1;6;1997;60;1;4;4;1;1;5131206;2022-09-12;-5;
1;5;6;52;2;2;9;5;1;6;2000;62;1;4;4;1;1;5131301;2022-09-06;-10;
1;4;5;73;2;2;7;5;1;6;1962;76;2;3;3;1;1;5131401;2022-09-14;-3;
3;6;6;51;1;1;13;5;1;4;1994;52;1;4;4;1;1;5131403;2022-09-14;-1;
3;7;7;51;1;1;7;5;2;4;2017;51;1;4;4;1;1;5131404;2022-09-14;0;
3;5;6;76;2;2;8;5;2;3;2000;72;2;3;3;1;1;5131501;2022-09-07;4;
1;5;7;64;2;2;8;5;1;6;1984;68;1;4;4;1;1;5131503;2022-09-07;-4;
2;7;5;47;2;2;9;5;1;2;2015;48;1;4;4;1;1;5131505;2022-09-07;-1;
1;7;7;38;2;2;13;5;1;6;2013;38;1;5;5;1;1;5131508;2022-09-07;0;
3;5;5;48;1;1;9;5;1;4;2000;45;1;3;4;1;1;5131603;2022-10-03;3;
2;4;5;65;2;2;9;5;1;3;1990;69;2;5;4;1;1;5131606;2022-10-03;-4;
1;5;5;26;2;2;13;5;2;6;2020;30;1;4;4;1;1;5131703;2022-09-20;-4;
2;5;5;58;1;1;10;5;1;2;1985;62;2;3;3;1;1;5131706;2022-09-20;-4;
2;5;6;72;2;2;7;5;1;3;2015;76;2;3;4;1;1;5131707;2022-09-20;-4;
2;6;4;55;2;2;9;5;1;4;1998;57;1;4;4;1;1;5131806;2022-09-27;-2;
3;5;5;34;2;2;13;5;1;4;2013;42;1;4;4;1;1;5131810;2022-09-27;-8;
1;7;6;44;2;2;9;5;1;6;2000;50;1;4;4;1;1;5131902;2022-09-09;-6;
1;5;6;60;2;2;9;5;1;6;1985;60;1;4;4;1;1;5131907;2022-09-09;0;
3;6;6;52;2;2;7;5;1;3;1990;50;1;5;5;1;1;5131909;2022-09-09;2;
3;6;6;46;2;2;15;5;1;3;2012;46;1;5;5;1;1;5131910;2022-09-09;0;
3;5;4;69;1;1;9;5;1;5;1977;64;1;3;3;1;1;5132001;2022-09-27;5;
1;5;5;75;2;2;6;5;1;6;1960;73;2;1;3;1;1;5132008;2022-09-23;2;
3;4;7;65;1;1;9;5;1;4;1978;67;1;2;4;1;1;5132009;2022-09-23;-2;
3;6;6;40;1;1;9;5;3;1;2016;35;1;4;4;1;1;5132103;2022-09-09;5;
1;6;7;45;2;2;11;5;1;6;1998;46;1;5;5;1;1;5132104;2022-09-09;-1;
3;7;7;30;1;1;15;5;1;1;2012;30;1;5;5;1;1;5132107;2022-09-09;0;
1;6;6;50;2;2;9;5;2;6;2001;52;1;5;5;1;1;5132108;2022-09-09;-2;
3;4;7;67;2;2;9;5;1;1;1982;68;2;4;4;1;1;5132109;2022-09-09;-1;
2;6;6;30;2;2;14;5;2;2;2016;31;1;5;5;1;1;5132110;2022-09-09;-1;
3;7;7;37;1;1;15;5;1;5;2011;35;1;5;5;1;1;5132201;2022-10-04;2;
1;6;5;58;2;2;9;5;1;6;2000;58;1;5;4;1;1;5132203;2022-10-04;0;
1;6;7;46;2;2;9;5;2;6;2016;48;1;3;4;1;1;5132204;2022-10-04;-2;
1;6;6;40;2;2;9;5;1;6;2010;40;1;4;4;1;1;5132210;2022-10-04;0;
3;6;6;26;1;1;14;5;2;5;2012;26;1;4;4;1;1;5132301;2022-09-13;0;
1;6;7;40;2;2;9;5;1;2;2007;50;1;5;4;1;1;5132402;2022-09-05;-10;
2;1;5;82;2;2;6;5;1;2;1962;81;2;3;3;1;1;5132405;2022-09-05;1;
1;7;7;25;2;2;9;5;2;6;2019;28;1;5;4;1;1;5132407;2022-09-05;-3;
1;6;6;58;2;2;9;5;2;6;2002;63;1;5;4;1;1;5132506;2022-10-10;-5;
3;7;7;33;2;2;13;5;1;3;2016;35;1;5;4;1;1;5132601;2022-10-04;-2;
3;5;5;70;1;1;6;5;1;4;1977;72;2;4;3;1;1;5132604;2022-10-04;-2;
2;6;7;75;1;1;13;5;1;2;1975;71;2;3;5;1;1;5132701;2022-10-04;4;
3;6;6;80;1;1;8;5;1;4;1966;73;2;3;3;1;1;5132704;2022-10-04;7;
2;4;5;58;2;2;9;5;1;4;1985;58;1;4;3;1;1;5132705;2022-10-04;0;
1;7;5;50;2;2;7;5;2;6;2015;52;1;2;2;1;1;5132706;2022-10-04;-2;
2;7;5;73;1;1;7;5;2;4;1976;70;1;2;2;1;1;5132708;2022-10-04;3;
1;7;7;54;2;2;9;6;8;3;1998;43;1;5;4;1;1;6100101;2022-08-08;11;
1;3;7;47;2;2;13;6;1;6;2012;48;1;4;3;1;1;6100103;2022-08-22;-1;
1;7;7;55;2;2;11;6;2;;2021;50;2;4;3;1;1;6100104;2022-08-12;5;
1;7;7;48;2;2;12;6;5;3;2022;30;1;4;4;1;1;6100105;2022-08-18;18;
3;7;6;43;2;2;9;6;2;1;2009;47;1;4;4;1;1;6100108;2022-08-08;-4;
1;7;6;35;2;2;12;6;3;6;2005;38;1;4;4;1;1;6100204;2022-09-01;-3;
3;5;5;56;1;1;15;6;1;5;1982;50;1;4;4;1;1;6100208;2022-09-10;6;
3;6;6;34;2;2;13;6;2;3;2014;35;1;5;5;1;1;6100501;2022-09-10;-1;
3;7;6;37;2;2;15;6;1;3;2005;38;1;4;4;1;1;6100504;2022-09-10;-1;
3;7;6;55;1;1;14;6;1;4;1991;52;1;4;4;1;1;6100509;2022-09-14;3;
3;7;7;43;1;1;15;6;8;4;2017;43;1;5;5;1;1;6100804;2022-08-09;0;
3;5;5;29;1;1;15;6;8;3;2016;29;1;4;5;1;1;6100805;2022-08-09;0;
1;7;5;40;2;2;13;6;1;6;2012;42;1;3;5;1;1;6100807;2022-08-10;-2;
3;7;6;36;2;2;11;6;1;3;2002;38;1;5;5;1;1;6100810;2022-08-09;-2;
3;7;7;28;1;1;15;6;8;4;2021;41;1;4;4;1;1;6100901;2022-09-10;-13;
3;5;7;36;2;2;13;6;8;3;2020;27;1;5;5;1;1;6100903;2022-09-06;9;
2;5;4;54;2;2;15;6;1;3;1994;54;1;3;4;1;1;6100904;2022-09-06;0;
3;6;6;45;1;1;15;6;1;4;2000;42;1;5;5;1;1;6100910;2022-09-08;3;
1;7;7;49;2;2;15;6;1;6;2003;48;1;4;4;1;1;6101002;2022-09-10;1;
3;6;6;30;1;1;12;6;1;2;2018;28;1;4;4;1;1;6101010;2022-09-07;2;
1;6;4;44;2;2;9;6;1;4;1989;46;1;4;4;1;1;6101102;2022-08-31;-2;
2;4;5;74;2;2;8;6;2;4;1994;73;1;4;4;1;1;6101206;2022-08-11;1;
1;4;5;55;2;2;15;6;1;5;1996;56;2;4;4;1;1;6101207;2022-09-10;-1;
3;7;5;21;2;2;9;6;8;3;2017;25;1;3;4;1;1;6101208;2022-08-09;-4;
2;5;5;27;1;1;11;6;8;3;2016;26;1;3;3;1;1;6101210;2022-08-12;1;
3;7;7;28;2;;15;6;3;2;2018;53;1;5;5;1;1;6101308;2022-09-07;-25;
3;5;5;46;2;2;13;6;1;3;2015;48;1;5;4;1;1;6101309;2022-09-05;-2;
1;5;5;57;2;2;9;6;1;1;1984;57;2;4;4;1;1;6101310;2022-09-14;0;
1;6;7;62;2;2;8;6;1;5;1988;64;1;2;2;1;1;6101401;2022-09-14;-2;
1;4;5;53;2;2;5;6;1;2;1980;56;2;3;5;1;1;6101402;2022-10-17;-3;
1;7;7;50;2;2;9;6;6;5;2014;59;1;4;4;1;1;6101403;2022-09-14;-9;
3;7;6;55;2;2;13;6;2;5;2019;52;1;3;4;1;1;6101404;2022-10-17;3;
1;7;4;57;2;2;9;6;1;5;1985;56;1;3;4;1;1;6101410;2022-09-14;1;
3;7;7;22;1;1;8;6;1;4;2000;54;1;4;5;1;1;6101501;2022-08-29;-32;
3;7;6;42;1;1;10;6;6;5;2018;39;1;4;5;1;1;6101504;2022-09-11;3;
3;6;6;28;1;1;15;6;2;2;2021;26;1;5;5;1;1;6101509;2022-08-10;2;
1;4;3;52;2;2;7;6;1;6;1994;54;1;3;3;1;1;6101608;2022-08-19;-2;
1;4;4;52;2;2;8;6;1;6;1992;55;1;4;4;1;1;6101609;2022-08-22;-3;
2;7;7;38;2;2;9;6;1;4;2015;40;1;5;5;1;1;6101701;2022-08-28;-2;
2;4;3;27;2;2;9;6;8;2;2013;27;1;4;4;1;1;6101902;2022-09-27;0;
3;7;6;63;2;2;9;6;8;2;1999;61;1;4;4;1;1;6101903;2022-09-27;2;
3;7;7;58;1;1;7;6;1;3;1980;56;1;3;3;1;1;6101904;2022-09-27;2;
2;4;7;59;2;2;9;6;1;3;2004;54;2;2;3;1;1;6101905;2022-09-27;5;
3;2;4;33;2;2;15;6;1;4;2018;29;2;4;4;1;1;6101906;2022-09-27;4;
2;5;5;61;2;2;9;6;2;6;1995;62;1;2;4;1;1;6101907;2022-09-27;-1;
2;7;7;31;2;2;15;6;3;2;2013;32;1;4;4;1;1;6102005;2022-09-14;-1;
1;7;5;28;2;2;9;6;8;4;2010;28;1;4;4;1;1;6102105;2022-08-22;0;
3;6;6;40;2;2;9;6;1;3;1996;44;1;5;4;1;1;6102107;2022-08-25;-4;
1;6;5;60;2;2;9;6;1;6;1991;62;1;3;4;1;1;6102108;2022-08-25;-2;
1;7;7;75;2;2;7;6;1;6;1990;65;2;4;4;1;1;6102109;2022-08-22;10;
3;5;4;41;1;1;9;6;2;4;1997;34;1;4;4;1;1;6102201;2022-09-17;7;
3;7;7;48;1;1;9;6;1;3;1993;48;1;4;4;1;1;6102401;2022-08-21;0;
1;3;5;45;2;2;7;6;1;2;1994;48;1;3;4;1;1;6102403;2022-08-23;-3;
2;7;5;65;1;1;15;6;1;3;1996;66;1;5;4;1;1;6102410;2022-09-10;-1;
3;7;7;54;1;1;15;6;2;4;2015;67;1;4;3;1;1;6102503;2022-10-04;-13;
1;5;5;56;2;2;9;6;1;6;1988;55;2;3;3;1;1;6102504;2022-10-04;1;
3;7;6;72;1;1;7;6;1;4;1975;65;2;4;4;1;1;6102506;2022-10-04;7;
3;7;7;61;2;2;7;6;1;4;1979;73;1;3;3;1;1;6102601;2022-09-26;-12;
2;7;7;57;2;2;9;6;5;2;2008;99;1;5;5;1;1;6102602;2022-09-26;-42;
3;5;5;44;2;2;12;6;1;3;1998;52;1;1;3;1;1;6102603;2022-09-26;-8;
2;6;7;74;2;2;8;6;2;2;1974;70;1;1;3;1;1;6102604;2022-09-26;4;
2;5;5;47;2;2;7;6;5;2;2004;19;1;3;3;1;1;6102605;2022-09-26;28;
3;7;7;37;1;1;17;6;1;3;2010;42;1;5;4;1;1;6102606;2022-09-26;-5;
3;6;6;31;2;2;9;6;2;4;2019;30;1;4;3;1;1;6102609;2022-09-26;1;
1;7;5;27;2;2;13;6;2;6;2016;30;1;3;3;1;1;6102610;2022-09-26;-3;
2;6;4;60;2;2;15;6;1;3;1980;67;2;2;4;1;1;6102703;2022-10-04;-7;
3;7;7;50;2;2;9;6;2;5;2018;49;1;3;5;1;1;6102707;2022-10-06;1;
1;6;7;42;2;2;12;6;1;2;2018;30;1;3;5;1;1;6102709;2022-10-08;12;
3;6;6;46;1;1;13;6;1;4;2007;45;1;4;5;1;1;6102803;2022-09-09;1;
3;6;6;48;1;1;9;6;1;3;1997;45;1;3;4;1;1;6102805;2022-09-09;3;
3;6;6;38;2;2;12;6;2;3;2015;40;1;4;4;1;1;6102806;2022-09-09;-2;
3;6;5;40;1;1;13;6;8;3;2009;39;1;3;4;1;1;6102808;2022-09-10;1;
3;6;6;49;1;1;9;6;2;4;2010;52;1;4;4;1;1;6102810;2022-09-12;-3;
3;6;5;55;1;1;9;6;1;5;2021;45;1;4;3;1;1;6102903;2022-09-15;10;
3;5;4;32;1;1;9;6;8;3;2021;25;2;4;4;1;1;6103001;2022-09-12;7;
3;5;5;34;1;1;15;6;2;3;2010;34;2;5;4;1;1;6103004;2022-09-12;0;
3;4;6;30;1;1;9;6;1;3;2020;32;1;4;4;1;1;6103006;2022-09-12;-2;
1;6;6;63;1;1;14;6;1;5;1978;63;1;5;4;1;1;6103108;2022-09-09;0;
3;6;6;70;1;1;7;6;1;2;1989;60;1;4;4;1;1;6103203;2022-08-14;10;
3;6;5;28;2;2;7;6;1;3;2012;32;1;4;4;1;1;6103208;2022-08-24;-4;
3;5;5;32;1;1;15;6;1;3;2020;30;1;5;4;1;1;6103210;2022-08-14;2;
3;6;6;35;1;1;13;6;2;3;2017;34;1;4;4;1;1;6103301;2022-09-29;1;
2;6;6;58;2;2;13;6;1;5;2015;45;1;5;4;1;1;6103401;2022-09-10;13;
3;6;5;60;1;1;9;6;1;5;1992;58;1;4;5;1;1;6103404;2022-09-07;2;
3;5;7;52;1;1;9;6;1;5;1995;48;1;4;5;1;1;6103407;2022-09-13;4;
1;5;5;48;2;2;9;6;1;5;1995;45;1;5;5;1;1;6103409;2022-09-13;3;
3;7;7;44;1;1;9;6;1;5;2015;52;1;5;5;1;1;6103602;2022-08-08;-8;
2;5;5;58;2;2;7;6;1;2;1997;71;1;4;4;1;1;6103701;2022-08-23;-13;
3;5;5;32;2;2;15;6;8;3;2022;33;1;4;4;1;1;6103703;2022-08-23;-1;
2;7;7;40;2;2;13;6;1;4;2015;45;1;5;4;1;1;6103902;2022-10-03;-5;
3;6;5;52;2;2;13;6;1;3;1993;54;1;4;4;1;1;6103904;2022-10-04;-2;
1;7;6;50;2;2;13;6;1;4;1998;62;2;5;4;1;1;6103907;2022-10-05;-12;
3;7;6;52;1;1;9;6;2;1;1998;45;1;5;3;1;1;6104001;2022-08-16;7;
;7;7;50;2;2;14;6;2;3;1991;51;1;4;4;1;1;6104004;2022-08-23;-1;
3;7;7;45;1;1;11;6;2;5;2014;55;1;5;4;1;1;6104007;2022-08-14;-10;
3;7;7;51;2;2;9;6;1;1;2002;49;1;4;4;1;1;6104101;2022-09-21;2;
3;6;6;54;1;1;14;6;8;3;1999;47;1;3;3;1;1;6104103;2022-09-21;7;
1;4;4;76;2;2;9;6;1;;1966;81;;2;3;1;1;6104106;2022-09-21;-5;
3;7;7;72;2;2;7;6;2;2;1999;63;;5;5;1;1;6104301;2022-09-01;9;
2;6;2;36;2;2;11;6;1;2;2012;38;1;4;4;1;1;6104502;2022-09-09;-2;
3;6;5;33;2;2;15;6;2;3;2021;28;1;4;4;1;1;6104504;2022-09-09;5;
1;5;7;40;2;2;9;6;1;6;2001;46;1;4;5;1;1;6104505;2022-09-09;-6;
3;2;7;73;2;2;10;6;1;3;1980;69;2;1;2;1;1;6104702;2022-09-07;4;
1;7;5;29;2;2;12;6;2;3;2014;30;1;4;4;1;1;6104803;2022-08-23;-1;
3;7;7;23;1;1;12;6;8;3;2018;30;1;4;4;1;1;6104805;2022-08-23;-7;
;4;4;71;1;1;7;6;1;;1974;68;1;4;3;1;1;6104808;2022-08-19;3;
3;5;6;36;2;2;12;6;1;5;2017;42;1;2;4;1;1;6105103;2022-08-24;-6;
3;4;7;58;1;1;9;6;1;3;1997;45;1;3;4;1;1;6105301;2022-08-20;13;
3;6;6;25;2;2;11;6;5;3;2016;27;1;5;4;1;1;6105403;2022-09-04;-2;
3;7;7;25;1;1;14;6;5;3;2020;25;1;5;4;1;1;6105405;2022-09-11;0;
3;7;7;23;2;2;11;6;2;3;2016;25;1;5;4;1;1;6105407;2022-09-12;-2;
3;7;6;51;1;1;9;6;1;3;1990;50;1;4;4;1;1;6105408;2022-09-12;1;
3;7;7;51;1;1;9;6;1;3;2000;49;1;4;4;1;1;6105409;2022-09-13;2;
1;5;5;44;2;2;15;6;1;2;2003;49;1;3;4;1;1;6105601;2022-09-30;-5;
3;6;5;32;2;2;15;6;1;4;2012;35;1;5;4;1;1;6105602;2022-09-30;-3;
1;5;5;60;2;2;9;6;1;2;1977;60;2;2;3;1;1;6105603;2022-09-30;0;
2;5;7;47;2;2;14;6;1;2;2001;51;2;4;4;1;1;6105604;2022-09-30;-4;
2;5;7;57;2;2;13;6;1;2;1990;55;2;4;4;1;1;6105605;2022-09-30;2;
3;5;4;36;2;2;15;6;2;4;2016;33;1;3;4;1;1;6105607;2022-09-30;3;
3;7;3;50;1;1;11;6;2;4;1998;46;1;4;3;1;1;6105608;2022-09-30;4;
1;7;7;33;2;2;10;6;1;2;2007;32;1;4;4;1;1;6105610;2022-09-30;1;
3;7;7;47;1;1;15;6;1;5;1997;43;1;5;4;1;1;6105701;2022-09-21;4;
3;7;5;43;2;2;13;6;1;2;2004;55;2;2;4;1;1;6105703;2022-09-22;-12;
3;4;4;73;1;1;6;6;1;4;1968;73;1;3;3;1;1;6105704;2022-09-22;0;
1;7;7;19;2;1;7;6;2;6;2020;34;1;4;4;1;1;6105807;2022-08-19;-15;
3;5;7;65;1;1;8;6;5;4;2019;65;1;4;4;1;1;6106103;2022-09-25;0;
2;7;7;46;2;2;13;6;1;4;1998;46;1;2;4;1;1;6106106;2022-09-25;0;
3;7;4;59;1;1;10;6;1;4;1997;57;2;3;5;1;1;6106107;2022-09-25;2;
1;2;7;65;2;2;6;6;1;2;1987;68;2;4;4;1;1;6106108;2022-08-26;-3;
2;7;5;46;2;2;9;6;1;6;1995;49;1;5;4;1;1;6106109;2022-09-26;-3;
2;6;6;56;2;2;9;6;1;2;1987;60;1;4;4;1;1;6106201;2022-09-23;-4;
1;7;5;42;2;2;14;6;2;2;2009;37;1;3;4;1;1;6106204;2022-09-23;5;
1;7;5;30;2;2;9;6;2;6;2009;30;1;4;3;1;1;6106206;2022-09-23;0;
1;6;4;44;2;2;9;6;1;6;1999;57;1;4;4;1;1;6106301;2022-09-09;-13;
3;7;7;41;1;1;15;6;1;5;2000;40;1;5;5;1;1;6106406;2022-08-12;1;
1;7;6;47;2;2;12;6;1;3;2022;30;1;4;4;1;1;6106407;2022-08-26;17;
1;1;2;65;2;2;6;6;1;;1977;67;2;2;3;1;1;6106503;2022-08-16;-2;
3;7;4;28;2;2;12;6;2;2;2012;31;1;4;4;1;1;6106506;2022-08-16;-3;
3;7;7;28;2;2;15;6;2;2;2019;30;1;4;4;1;1;6106701;2022-08-25;-2;
3;7;7;28;1;1;15;6;8;4;2020;26;1;5;5;1;1;6106703;2022-08-28;2;
2;7;5;32;2;2;9;6;1;4;2016;30;1;5;4;1;1;6106704;2022-08-28;2;
3;7;7;40;2;2;15;6;2;2;2020;42;1;3;4;1;1;6106705;2022-08-25;-2;
1;7;7;49;2;2;9;6;1;;1998;53;1;4;4;1;1;6106706;2022-08-26;-4;
3;7;7;35;1;1;12;6;1;2;2014;32;1;4;4;1;1;6106707;2022-08-26;3;
3;5;4;47;2;2;13;6;2;3;2017;50;1;3;4;1;1;6106902;2022-09-23;-3;
3;7;2;35;1;1;7;6;1;4;2016;34;1;3;3;1;1;6106905;2022-09-23;1;
3;6;5;22;1;1;9;6;1;4;2021;21;1;3;4;1;1;6106906;2022-09-23;1;
3;5;7;42;1;1;7;6;1;3;2005;37;1;4;4;1;1;6106908;2022-09-23;5;
3;7;6;47;1;1;7;6;1;4;1991;43;1;3;3;1;1;6106910;2022-09-23;4;
3;7;7;22;2;2;12;6;1;;2016;99;1;4;4;1;1;6107001;2022-08-11;-77;
1;6;4;57;2;2;9;6;1;4;1990;55;1;3;4;1;1;6107103;2022-08-23;2;
1;7;7;65;2;2;9;6;1;2;1992;56;1;5;5;1;1;6107104;2022-08-23;9;
3;7;5;50;1;1;13;6;1;5;1988;49;1;3;4;1;1;6107106;2022-08-24;1;
1;4;4;63;2;2;7;6;1;2;1985;68;2;1;3;1;1;6107108;2022-08-24;-5;
3;7;7;29;1;1;9;6;1;2;2012;27;1;4;3;1;1;6107201;2022-08-28;2;
3;7;6;26;1;1;15;6;1;5;2021;26;1;4;4;1;1;6107202;2022-08-28;0;
3;6;6;52;2;2;9;6;8;3;2016;36;2;;4;1;1;6107204;2022-09-01;16;
1;7;7;52;2;2;6;6;1;6;2008;47;1;4;4;1;1;6107207;2022-09-05;5;
2;7;7;31;2;2;9;6;1;6;2009;39;1;4;4;1;1;6107208;2022-09-07;-8;
3;5;6;35;1;1;13;6;1;4;2014;35;1;4;4;1;1;6107209;2022-09-07;0;
2;7;7;30;2;2;9;6;8;1;2017;33;1;4;4;1;1;6107303;2022-08-18;-3;
2;6;7;52;2;2;13;6;1;5;2015;44;1;5;5;1;1;6107304;2022-08-18;8;
3;7;7;27;2;2;15;6;1;3;2019;27;1;4;4;1;1;6107309;2022-09-07;0;
3;1;7;31;1;1;15;6;8;3;2021;32;1;4;4;1;1;6107310;2022-09-13;-1;
3;;6;65;2;2;15;6;1;2;1976;68;2;4;4;1;1;6107501;2022-09-30;-3;
3;7;7;59;2;2;13;6;1;2;1991;60;1;3;4;1;1;6107502;2022-09-30;-1;
3;7;7;56;1;1;13;6;5;3;2022;56;1;3;3;1;1;6107503;2022-09-30;0;
1;7;7;68;2;2;8;6;1;2;1978;69;2;2;3;1;1;6107506;2022-09-30;-1;
1;4;6;78;2;2;7;6;1;2;1962;79;;2;3;1;1;6107508;2022-09-30;-1;
3;4;6;60;1;1;13;6;1;4;1989;61;1;3;3;1;1;6107509;2022-09-30;-1;
3;7;7;25;1;1;9;6;8;3;2022;22;1;4;4;1;1;6107510;2022-09-30;3;
3;6;6;42;2;2;13;6;1;3;2006;45;1;4;4;1;1;6107601;2022-08-30;-3;
3;7;7;45;2;2;15;6;2;6;2021;25;1;5;5;1;1;6107602;2022-08-30;20;
3;7;6;55;1;1;11;6;2;4;2007;35;1;4;4;1;1;6107603;2022-08-30;20;
3;7;6;50;1;1;9;6;3;4;2014;48;1;4;4;1;1;6107604;2022-08-31;2;
3;6;6;53;1;1;9;6;1;4;1994;52;1;4;3;1;1;6107605;2022-09-01;1;
3;7;6;35;1;1;13;6;2;3;2011;33;1;4;5;1;1;6107606;2022-09-01;2;
2;5;6;58;2;2;9;6;1;2;2005;62;1;4;5;1;1;6107609;2022-09-02;-4;
3;4;4;73;1;1;6;6;1;5;1975;69;2;3;3;1;1;6107702;2022-08-28;4;
1;4;4;70;2;2;6;6;1;1;1975;75;1;2;3;1;1;6107703;2022-08-28;-5;
1;;3;43;2;2;9;6;1;2;1999;48;2;4;4;1;1;6108105;2022-08-29;-5;
1;7;7;53;2;2;7;6;1;2;1988;59;1;3;4;1;1;6108107;2022-08-31;-6;
2;6;6;65;2;2;9;6;1;2;1979;67;1;4;4;1;1;6108202;2022-08-10;-2;
3;6;7;70;1;1;15;6;1;2;1975;63;1;4;4;1;1;6108205;2022-08-17;7;
2;7;7;46;2;2;11;6;1;2;2009;39;1;5;5;1;1;6108209;2022-08-11;7;
;7;7;33;1;1;12;6;2;3;2019;29;1;4;4;1;1;6108301;2022-08-27;4;
2;6;5;31;2;2;15;6;1;2;2009;34;1;3;4;1;1;6109001;2022-09-26;-3;
2;6;6;53;2;2;9;6;1;2;1994;56;1;4;4;1;1;6109002;2022-09-26;-3;
3;6;5;36;2;2;13;6;8;2;2005;43;1;4;4;1;1;6109201;2022-08-09;-7;
3;6;5;41;1;1;1;6;8;5;2007;36;1;3;3;1;1;6109202;2022-08-09;5;
1;7;7;65;2;2;9;6;1;1;1971;67;2;2;4;1;1;6109303;2022-09-23;-2;
1;7;2;39;2;2;9;6;1;6;2009;32;1;3;3;1;1;6109307;2022-09-23;7;
1;5;3;62;2;2;9;6;1;6;1978;71;1;2;4;1;1;6109309;2022-09-23;-9;
3;4;7;71;1;1;9;6;1;4;1972;75;2;2;4;1;1;6109310;2022-09-23;-4;
3;7;6;35;1;1;15;6;1;4;2015;37;1;4;4;1;1;6109707;2022-08-19;-2;
3;7;7;21;2;2;9;6;8;3;2020;28;1;4;5;1;1;6109803;2022-09-13;-7;
2;6;6;53;1;1;7;6;2;3;2006;34;1;1;2;1;1;6109808;2022-09-14;19;
3;5;6;57;1;1;15;6;1;1;1994;57;1;3;4;1;1;6109810;2022-09-14;0;
3;4;6;45;1;1;15;6;2;3;2013;45;1;5;5;1;1;6110108;2022-09-23;0;
3;4;5;35;1;1;14;6;2;4;2012;33;1;4;4;1;1;6110110;2022-09-23;2;
3;5;6;51;1;1;15;6;1;3;2019;48;1;4;4;1;1;6110201;2022-09-23;3;
1;4;5;30;2;2;13;6;8;6;2021;32;1;4;4;1;1;6110207;2022-09-24;-2;
3;5;6;49;1;1;14;6;1;2;2005;51;1;4;4;1;1;6110301;2022-09-21;-2;
2;6;6;42;2;2;9;6;1;4;2001;45;1;4;3;1;1;6110302;2022-09-21;-3;
3;1;5;71;1;1;8;6;1;3;1975;73;2;4;4;1;1;6110305;2022-09-22;-2;
3;6;7;34;1;1;9;6;2;3;2019;35;1;4;4;1;1;6110306;2022-09-22;-1;
3;6;6;33;2;2;15;6;2;4;2014;35;1;4;4;1;1;6110502;2022-09-25;-2;
1;5;5;51;2;2;9;6;2;6;2005;55;1;4;4;1;1;6110506;2022-09-25;-4;
2;6;6;36;2;2;11;6;2;2;2012;35;1;4;4;1;1;6110701;2022-09-14;1;
2;6;6;42;1;1;11;6;2;3;2015;42;1;4;4;1;1;6110706;2022-09-15;0;
1;6;6;45;2;1;15;6;1;6;1996;45;1;4;4;1;1;6110708;2022-09-15;0;
3;6;4;32;2;2;9;6;1;2;2010;37;1;3;4;1;1;6110801;2022-09-07;-5;
3;5;5;33;1;1;16;6;2;4;2018;32;1;4;4;1;1;6110806;2022-09-07;1;
3;1;3;23;2;2;9;6;2;1;2021;22;1;3;3;1;1;6110903;2022-08-30;1;
1;6;6;62;2;2;9;6;1;3;1978;66;1;3;4;1;1;6111001;2022-09-14;-4;
3;5;6;58;2;2;13;6;1;3;1986;58;1;3;5;1;1;6111003;2022-09-14;0;
3;6;6;40;1;1;9;6;2;3;2011;39;1;4;4;1;1;6111004;2022-09-14;1;
1;6;6;48;2;2;7;6;2;2;2016;50;1;4;3;1;1;6111101;2022-08-12;-2;
2;1;6;69;2;2;14;6;1;3;1990;73;1;3;4;1;1;6111205;2022-08-11;-4;
3;3;5;43;1;1;9;6;1;2;2003;42;1;3;4;1;1;6111306;2022-09-13;1;
3;5;5;34;1;1;11;6;3;3;2011;35;1;5;5;1;1;6111307;2022-09-12;-1;
3;5;6;71;1;1;10;6;1;3;1975;68;2;4;5;1;1;6111408;2022-08-23;3;
3;6;6;33;2;2;11;6;1;3;2008;36;1;3;4;1;1;6111502;2022-08-08;-3;
2;7;6;45;1;1;9;6;1;5;1996;45;1;4;4;1;1;6111505;2022-08-16;0;
;3;5;59;1;1;7;6;2;;1984;64;2;3;3;1;1;6111701;2022-09-13;-5;
;2;4;67;2;2;7;6;1;;1972;69;2;4;2;1;1;6111702;2022-09-13;-2;
1;5;5;63;2;2;7;6;1;6;1977;73;1;2;4;1;1;6111705;2022-09-14;-10;
3;6;6;49;1;1;9;6;2;4;2020;47;1;4;3;1;1;6111708;2022-09-15;2;
3;6;7;47;1;1;15;6;1;4;1995;47;1;4;4;1;1;6111801;2022-08-30;0;
1;6;5;45;2;2;9;6;1;6;2000;46;1;4;4;1;1;6111802;2022-09-12;-1;
2;6;6;46;2;2;12;6;1;2;2001;45;1;4;4;1;1;6111804;2022-08-24;1;
3;7;5;37;2;2;12;6;1;1;2006;37;1;4;4;1;1;6111806;2022-08-30;0;
2;6;7;42;2;2;12;6;1;4;2010;44;1;4;5;1;1;6111808;2022-08-31;-2;
2;7;6;29;2;2;15;6;2;2;2020;32;1;4;4;1;1;6111810;2022-08-24;-3;
3;7;5;29;1;1;11;6;2;5;2015;31;1;3;4;1;1;6111902;2022-08-12;-2;
1;7;6;42;2;2;13;6;2;6;2011;36;1;3;3;1;1;6111905;2022-08-17;6;
2;4;7;52;2;2;7;6;1;2;1990;49;1;3;3;1;1;6112001;2022-08-11;3;
3;6;5;36;2;2;9;6;8;4;2017;55;1;3;4;1;1;6112002;2022-08-11;-19;
1;7;7;42;1;1;7;6;1;2;1998;36;1;3;3;1;1;6112003;2022-08-11;6;
3;6;6;62;2;2;9;6;1;2;1975;66;2;2;4;1;1;6112101;2022-08-09;-4;
3;7;6;62;1;1;8;6;8;3;2002;52;1;4;4;1;1;6112102;2022-08-09;10;
3;6;6;46;1;1;9;6;1;2;2016;50;1;4;4;1;1;6112104;2022-08-10;-4;
1;6;3;63;2;2;9;6;2;4;2006;63;1;2;2;1;1;6112201;2022-08-15;0;
3;5;4;61;1;1;7;6;1;4;1994;53;1;3;3;1;1;6112202;2022-08-15;8;
1;4;5;47;2;2;9;6;1;3;2004;50;1;3;4;1;1;6112203;2022-08-16;-3;
1;4;4;66;2;2;7;6;1;3;1988;66;2;3;4;1;1;6112204;2022-08-16;0;
1;6;7;71;2;2;6;6;2;3;1972;76;1;2;5;1;1;6112205;2022-08-17;-5;
3;5;5;41;1;1;9;6;2;3;2009;34;1;4;4;1;1;6112302;2022-09-06;7;
3;5;6;32;2;2;15;6;2;4;2019;31;1;5;5;1;1;6112307;2022-09-05;1;
3;7;6;27;2;2;15;6;1;4;2022;29;1;5;4;1;1;6112309;2022-09-06;-2;
3;6;6;50;1;1;9;6;5;3;2012;45;1;4;4;1;1;6112310;2022-08-19;5;
1;6;6;29;1;1;15;6;2;2;2017;29;1;3;5;1;1;6112403;2022-08-23;0;
3;7;6;36;2;2;9;6;2;6;2014;37;1;4;4;1;1;6112408;2022-08-23;-1;
3;5;5;44;1;1;15;6;2;4;2012;45;1;4;5;1;1;6112507;2022-09-14;-1;
1;3;4;29;2;2;15;6;2;1;2017;28;1;4;5;1;1;6112509;2022-09-14;1;
1;2;4;56;2;2;9;6;1;2;1989;60;2;3;3;1;1;6112601;2022-08-10;-4;
1;6;6;54;2;2;11;6;7;3;2016;56;1;2;2;1;1;6112604;2022-08-11;-2;
3;7;7;43;2;2;15;6;1;3;2006;49;1;4;5;1;1;6112606;2022-08-13;-6;
3;7;7;50;2;2;15;6;6;3;2018;54;1;4;5;1;1;6112607;2022-08-15;-4;
2;7;1;20;2;2;9;6;8;2;2021;25;1;4;3;1;1;6112608;2022-08-21;-5;
3;7;6;30;2;2;15;6;2;4;2020;48;1;3;4;1;1;6112702;2022-08-18;-18;
2;5;7;52;1;1;9;6;1;2;2001;46;1;3;3;1;1;6112703;2022-08-18;6;
2;7;7;24;2;2;13;6;2;4;2013;26;1;4;4;1;1;6112705;2022-08-19;-2;
1;5;5;50;2;2;7;6;1;2;1989;58;1;3;3;1;1;6112802;2022-08-24;-8;
1;6;6;43;2;2;9;6;1;3;2006;42;1;5;5;1;1;6112803;2022-08-24;1;
1;6;4;48;2;2;9;6;1;2;1990;46;1;4;3;1;1;6112901;2022-08-26;2;
3;7;7;61;2;2;15;6;2;4;2019;59;1;4;4;1;1;6112902;2022-08-26;2;
2;6;5;55;2;2;8;6;1;3;1990;60;1;2;3;1;1;6113009;2022-09-10;-5;
2;6;6;49;2;2;12;6;2;2;2012;48;2;4;4;1;1;6113101;2022-08-25;1;
2;5;5;28;2;2;13;6;2;4;2018;29;1;4;5;1;1;6113103;2022-08-26;-1;
;6;6;53;1;1;10;6;8;;1993;56;1;4;4;1;1;6113303;2022-09-05;-3;
;5;5;40;2;2;14;6;1;;2002;40;1;4;4;1;1;6113304;2022-09-07;0;
1;7;;54;2;2;7;6;1;2;1978;56;;3;5;1;1;6113305;2022-09-02;-2;
;5;6;46;2;2;9;6;1;;1994;49;1;4;4;1;1;6113307;2022-09-08;-3;
2;5;5;50;2;2;9;6;2;1;2013;30;1;3;4;1;1;6113401;2022-08-18;20;
2;5;6;32;2;2;9;6;2;1;2016;34;1;4;4;1;1;6113403;2022-08-18;-2;
3;5;6;29;1;1;9;6;2;5;2011;50;1;3;4;1;1;6113405;2022-08-19;-21;
3;6;4;58;1;1;11;6;2;2;2008;48;1;3;5;1;1;6113502;2022-08-12;10;
1;5;4;82;2;2;7;6;1;2;1964;79;2;4;4;1;1;6113503;2022-08-13;3;
1;4;4;30;2;2;12;6;1;1;2005;31;1;3;4;1;1;6113504;2022-08-16;-1;
1;7;7;46;2;2;7;6;1;6;2008;43;1;3;3;1;1;6113705;2022-08-22;3;
2;7;5;34;2;2;9;6;2;2;2016;38;1;2;3;1;1;6113707;2022-08-22;-4;
2;1;3;75;2;2;1;6;1;2;1966;82;2;2;3;1;1;6113708;2022-08-22;-7;
1;6;6;34;2;2;9;6;2;6;2021;31;1;3;4;1;1;6113709;2022-08-22;3;
1;7;7;33;2;2;13;6;1;6;2006;41;;3;4;1;1;6113710;2022-08-22;-8;
3;7;7;65;1;1;7;6;1;1;1980;60;1;5;5;1;1;6113903;2022-08-23;5;
1;5;7;37;2;2;15;6;1;1;2015;40;1;4;4;1;1;6113907;2022-08-23;-3;
2;5;7;69;2;2;7;6;1;2;1974;69;;4;3;1;1;6113908;2022-08-23;0;
3;7;7;68;2;2;8;6;1;4;1972;78;2;4;4;1;1;6113909;2022-08-23;-10;
1;3;1;62;2;2;7;6;1;2;1975;72;2;2;2;1;1;6113910;2022-08-23;-10;
2;7;6;43;2;2;9;6;1;2;2021;42;1;4;3;1;1;6114102;2022-08-30;1;
2;7;5;62;2;2;8;6;1;3;1983;58;;3;3;1;1;6114103;2022-08-31;4;
2;1;5;69;2;2;9;6;1;2;1978;64;2;3;4;1;1;6114106;2022-08-31;5;
3;7;7;35;1;1;15;6;1;5;2010;43;1;3;5;1;1;6114107;2022-08-31;-8;
3;7;6;24;2;2;9;6;8;2;2019;29;1;3;4;1;1;6114108;2022-08-31;-5;
3;7;7;47;1;1;12;6;1;3;2007;40;1;4;4;1;1;6114109;2022-09-01;7;
2;5;5;41;2;2;13;6;1;3;2007;43;1;3;4;1;1;6114110;2022-09-01;-2;
3;5;4;57;1;1;9;6;1;3;1993;55;;5;5;1;1;6114501;2022-08-17;2;
3;7;6;69;1;1;9;6;1;4;1973;66;2;4;4;1;1;6114502;2022-08-15;3;
1;4;3;37;2;2;7;6;1;5;2016;43;1;3;4;1;1;6114506;2022-08-17;-6;
1;7;6;33;2;2;12;6;1;6;2009;34;1;4;5;1;1;6114609;2022-08-24;-1;
1;7;5;33;2;2;9;6;2;2;2016;34;1;3;4;1;1;6114701;2022-08-30;-1;
3;7;6;64;1;1;8;6;1;1;1975;74;;5;3;1;1;6114702;2022-08-30;-10;
2;6;5;32;1;1;14;6;8;3;2013;28;1;2;4;1;1;6114703;2022-08-30;4;
3;7;6;57;2;2;14;6;1;3;1995;58;1;4;4;1;1;6114706;2022-08-30;-1;
3;7;7;54;1;1;9;6;1;5;1998;54;;2;1;1;1;6114707;2022-08-30;0;
1;7;4;46;1;1;1;6;8;6;2006;37;1;3;3;1;1;6114710;2022-08-30;9;
1;5;6;66;1;2;7;6;1;5;1975;66;;4;4;1;1;6114802;2022-08-29;0;
3;6;7;49;1;1;15;6;1;5;1998;47;1;4;5;1;1;6114804;2022-08-29;2;
1;7;6;68;1;1;9;6;1;4;1984;60;1;3;4;1;1;6114806;2022-08-29;8;
1;5;4;55;2;2;7;6;1;2;1990;58;;3;3;1;1;6114807;2022-08-29;-3;
1;6;6;44;2;2;7;6;1;6;1992;48;1;3;4;1;1;6114810;2022-08-29;-4;
3;6;7;37;2;2;8;6;2;;2000;44;1;4;4;1;1;6114901;2022-09-02;-7;
3;6;4;39;1;1;15;6;5;4;2018;38;1;4;4;1;1;6114903;2022-09-02;1;
1;1;4;57;2;2;7;6;2;1;1989;54;2;3;3;1;1;6114904;2022-09-02;3;
2;6;6;32;2;2;13;6;2;6;2015;43;1;3;4;1;1;6114906;2022-09-02;-11;
2;5;7;69;2;2;7;6;1;2;1980;79;1;4;4;1;1;6114907;2022-09-02;-10;
3;7;7;50;1;1;7;6;1;;2021;51;1;3;3;1;1;6114910;2022-09-02;-1;
1;6;4;36;2;2;7;6;1;1;2010;99;1;4;4;1;1;6115004;2022-08-29;-63;
1;5;3;70;2;2;7;6;1;2;1992;60;1;3;3;1;1;6115005;2022-08-29;10;
1;7;7;44;2;2;7;6;1;6;2002;45;1;4;4;1;1;6115006;2022-08-29;-1;
1;7;6;35;2;2;9;6;2;1;2016;39;;4;4;1;1;6115008;2022-08-30;-4;
1;4;7;62;2;2;7;6;1;1;1982;61;;1;4;1;1;6115010;2022-08-30;1;
1;2;7;64;2;2;7;6;8;2;1997;65;2;2;2;1;1;6115103;2022-08-25;-1;
3;6;5;38;1;1;9;6;8;5;2018;29;1;4;4;1;1;6115108;2022-08-23;9;
1;7;7;54;2;2;9;6;1;1;1989;57;1;4;4;1;1;6115201;2022-09-09;-3;
2;7;6;34;2;2;14;6;8;1;2019;38;1;4;4;1;1;6115202;2022-09-09;-4;
1;5;6;57;2;2;12;6;1;2;1992;70;2;3;4;1;1;6115205;2022-09-10;-13;
2;6;7;49;2;2;9;6;1;2;2006;52;1;4;4;1;1;6115207;2022-09-10;-3;
3;7;6;38;1;1;13;6;1;5;2008;36;1;4;5;1;1;6115208;2022-09-10;2;
3;6;6;36;1;1;15;6;8;4;2014;29;1;4;4;1;1;6115301;2022-08-26;7;
2;7;6;29;2;2;9;6;2;6;2012;30;1;5;4;1;1;6115305;2022-08-10;-1;
2;5;3;28;2;2;12;6;1;2;2012;30;1;3;4;1;1;6115306;2022-08-12;-2;
2;6;5;28;2;2;11;6;1;2;2014;29;1;4;4;1;1;6115308;2022-09-07;-1;
3;5;5;32;2;2;9;6;2;2;2015;33;1;4;3;1;1;6115310;2022-08-11;-1;
3;6;4;29;1;1;16;6;8;4;2020;24;1;4;4;1;1;6115507;2022-09-09;5;
2;6;4;48;2;2;9;6;6;2;2004;56;1;1;4;1;1;6115508;2022-09-09;-8;
1;4;7;65;2;1;7;6;1;5;1988;36;1;3;3;1;1;6115601;2022-08-24;29;
1;6;5;32;2;2;8;6;1;1;2011;29;1;3;4;1;1;6115605;2022-08-24;3;
2;5;7;26;2;2;13;6;2;2;2021;28;1;5;5;1;1;6115607;2022-08-24;-2;
3;7;5;31;2;2;12;6;3;3;2019;38;1;4;4;1;1;6115701;2022-08-12;-7;
2;2;5;66;2;2;8;6;6;1;2018;48;1;3;4;1;1;6115803;2022-08-30;18;
1;7;5;36;2;2;9;6;1;1;2007;37;1;4;5;1;1;6115805;2022-09-06;-1;
2;7;7;43;2;2;9;6;1;3;1997;99;2;3;4;1;1;6115807;2022-08-26;-56;
3;5;5;35;1;1;9;6;8;5;2010;32;1;4;4;1;1;6115809;2022-09-06;3;
1;7;7;34;2;2;13;6;1;2;2010;36;1;4;5;1;1;6115810;2022-08-26;-2;
3;7;5;68;2;2;7;6;6;3;1972;68;2;1;5;1;1;6115909;2022-08-20;0;
;5;5;37;2;2;6;6;2;;2018;43;1;3;3;1;1;6116008;2022-09-02;-6;
2;5;5;32;2;2;15;6;2;1;2019;32;1;4;5;1;1;6116010;2022-09-02;0;
1;1;3;55;2;2;8;6;1;5;1992;54;1;1;3;1;1;6116101;2022-08-20;1;
3;4;4;36;2;2;9;6;8;3;2018;34;1;3;3;1;1;6116103;2022-08-20;2;
3;6;7;39;1;1;12;6;1;2;2005;37;1;4;4;1;1;6116104;2022-08-22;2;
2;5;4;57;1;1;7;6;7;2;2015;46;1;3;3;1;1;6116105;2022-08-20;11;
2;1;7;73;2;2;8;6;1;2;1964;80;2;2;3;1;1;6116106;2022-08-22;-7;
1;6;5;28;2;2;15;6;8;1;2016;38;1;5;3;1;1;6116108;2022-08-22;-10;
3;7;7;23;1;1;9;6;8;4;2020;21;1;4;4;1;1;6116301;2022-08-11;2;
3;7;5;34;2;2;12;6;1;3;2012;37;1;5;5;1;1;6116303;2022-09-02;-3;
3;7;7;66;1;1;7;6;8;2;1992;64;1;5;5;1;1;6116305;2022-08-12;2;
3;5;7;60;1;1;7;6;1;3;1987;57;1;5;4;1;1;6116306;2022-09-02;3;
1;4;7;41;2;2;8;6;1;2;2001;49;1;4;4;1;1;6116307;2022-09-02;-8;
3;1;5;56;2;2;9;6;7;2;2005;71;2;3;3;1;1;6116505;2022-08-24;-15;
1;6;1;24;2;2;9;6;8;2;2016;31;1;4;3;1;1;6116507;2022-08-25;-7;
3;1;5;79;1;1;8;6;1;3;1964;76;2;2;3;1;1;6116508;2022-08-25;3;
2;5;1;72;2;2;12;6;1;1;1969;70;1;3;4;1;1;6116510;2022-08-26;2;
3;6;3;33;2;2;11;6;8;4;2013;38;1;4;4;1;1;6116601;2022-09-09;-5;
1;1;5;75;2;2;7;6;1;3;1966;80;1;4;4;1;1;6116604;2022-08-23;-5;
2;6;5;33;2;2;9;6;8;2;2009;38;1;3;3;1;1;6116609;2022-08-17;-5;
3;7;7;21;1;1;9;6;8;3;2020;20;1;5;5;1;1;6116702;2022-08-29;1;
1;6;6;59;2;2;8;6;1;1;1987;69;1;3;4;1;1;6116704;2022-08-29;-10;
2;2;5;58;2;2;7;6;1;3;1987;59;2;3;4;1;1;6116705;2022-09-01;-1;
3;6;6;38;1;1;13;6;1;3;2010;33;1;4;4;1;1;6116706;2022-09-01;5;
2;5;7;43;2;2;12;6;1;3;2018;43;1;3;4;1;1;6116710;2022-08-30;0;
3;1;1;58;2;2;7;6;3;4;1980;60;1;3;1;1;1;6116803;2022-08-13;-2;
3;7;7;61;2;2;7;6;5;3;2021;57;1;3;3;1;1;6116805;2022-08-13;4;
3;6;6;71;1;1;9;6;1;3;1974;76;2;3;3;1;1;6116808;2022-08-13;-5;
3;7;7;74;1;1;9;6;2;5;2006;37;1;5;1;1;1;6116809;2022-08-15;37;
3;7;4;30;1;1;14;6;8;5;2006;31;1;4;4;1;1;6116810;2022-08-15;-1;
2;7;5;33;1;1;15;6;2;1;2013;31;1;4;4;1;1;6117002;2022-08-31;2;
1;2;6;23;2;2;10;6;8;6;2019;35;1;4;3;1;1;6117104;2022-08-11;-12;
3;6;5;47;2;2;7;6;2;2;2015;50;1;3;3;1;1;6117106;2022-08-11;-3;
1;5;6;50;2;2;7;6;2;6;2020;49;1;4;4;1;1;6117209;2022-08-10;1;
2;7;6;71;1;1;8;6;1;3;1976;71;2;4;4;1;1;6117301;2022-08-11;0;
1;7;1;57;2;2;7;6;1;6;1987;64;1;2;4;1;1;6117304;2022-08-12;-7;
2;6;6;33;2;2;9;6;1;1;2007;37;1;4;4;1;1;6117305;2022-09-06;-4;
1;1;4;59;2;2;11;6;1;6;1985;59;2;4;4;1;1;6117308;2022-08-23;0;
2;4;7;68;2;2;8;6;1;2;1990;59;1;3;5;1;1;6117502;2022-08-19;9;
1;7;1;24;2;2;9;6;8;5;2014;24;1;5;3;1;1;6117503;2022-08-19;0;
3;7;5;46;1;1;9;6;1;3;1992;54;1;3;4;1;1;6117504;2022-08-19;-8;
1;6;6;60;2;2;13;6;1;6;1990;65;1;3;3;1;1;6117601;2022-08-13;-5;
2;6;6;54;2;2;9;6;1;3;1990;59;1;3;4;1;1;6117604;2022-08-13;-5;
2;6;6;46;1;1;9;6;2;4;2005;41;1;3;4;1;1;6117605;2022-08-13;5;
3;4;4;31;1;2;12;6;2;4;2020;22;1;3;3;1;1;6117607;2022-08-13;9;
2;2;3;34;2;2;15;6;1;3;2019;30;2;4;4;1;1;6117609;2022-08-13;4;
2;;5;71;2;2;8;6;1;2;1971;85;2;3;3;1;1;6117701;2022-08-18;-14;
2;4;6;62;2;2;9;6;1;1;1981;61;1;4;4;1;1;6117703;2022-08-18;1;
3;6;5;33;1;1;15;6;2;3;2021;33;1;3;3;1;1;6117707;2022-08-19;0;
3;6;7;70;1;1;9;6;5;4;2018;70;1;1;4;1;1;6117802;2022-08-09;0;
2;3;5;64;1;1;10;6;1;1;1982;66;2;3;3;1;1;6117809;2022-08-12;-2;
;7;7;37;1;1;15;6;2;;2018;33;1;5;5;1;1;6117901;2022-08-15;4;
3;7;7;42;1;1;15;6;2;5;2010;40;2;4;4;1;1;6117904;2022-08-15;2;
3;;5;71;2;2;9;6;1;5;1969;72;2;3;3;1;1;6118001;2022-08-12;-1;
3;6;6;41;1;1;16;6;1;4;1998;42;1;4;5;1;1;6118002;2022-08-13;-1;
2;7;7;37;1;1;15;6;1;3;2014;34;1;4;4;1;1;6118005;2022-08-13;3;
1;5;6;43;2;2;9;6;2;2;2009;44;1;3;4;1;1;6118202;2022-08-12;-1;
2;7;6;76;2;2;6;6;1;3;1946;85;2;3;3;1;1;6118203;2022-08-12;-9;
1;6;4;59;2;2;11;6;1;1;1995;59;1;3;4;1;1;6118302;2022-08-13;0;
2;7;6;48;2;2;7;6;1;3;2003;44;1;4;4;1;1;6118401;2022-08-18;4;
1;1;1;28;2;2;10;6;2;1;2008;30;2;2;4;1;1;6118405;2022-08-15;-2;
3;7;7;31;1;1;15;6;2;5;2015;38;1;4;4;1;1;6118406;2022-08-15;-7;
;7;7;37;2;2;7;6;2;;2007;35;1;3;3;1;1;6118409;2022-09-02;2;
1;5;6;56;2;2;9;6;1;;1982;60;2;3;4;1;1;6118501;2022-08-15;-4;
2;7;6;51;2;2;13;6;1;1;2007;65;1;3;3;1;1;6118906;2022-08-11;-14;
2;3;5;83;2;2;7;6;1;2;1965;88;2;4;4;1;1;6119003;2022-08-10;-5;
2;5;4;62;2;2;7;6;1;1;1988;63;2;3;3;1;1;6119007;2022-08-08;-1;
3;7;5;44;1;1;15;6;1;4;2001;45;1;3;3;1;1;6119009;2022-08-10;-1;
3;1;4;75;1;1;7;6;1;4;1966;75;2;3;3;1;1;6119010;2022-08-08;0;
2;7;3;38;2;2;9;6;2;2;2002;38;1;3;4;1;1;6119101;2022-08-13;0;
3;4;7;76;1;1;7;6;1;1;1969;69;1;4;4;1;1;6119103;2022-08-12;7;
3;6;5;51;2;2;7;6;1;3;2000;61;1;4;4;1;1;6119105;2022-08-12;-10;
2;7;7;74;2;2;6;6;1;3;1973;80;2;4;3;1;1;6119106;2022-08-12;-6;
2;7;4;66;2;2;9;6;1;2;1974;82;2;4;4;1;1;6119107;2022-08-12;-16;
1;1;1;42;2;2;9;6;8;6;2011;52;2;4;4;1;1;6119205;2022-08-10;-10;
2;1;1;69;1;1;7;6;1;3;1975;69;2;4;1;1;1;6119303;2022-08-18;0;
1;6;1;54;2;2;1;6;1;5;2018;60;1;2;1;1;1;6119502;2022-08-19;-6;
3;7;7;77;1;1;15;6;1;3;1974;75;1;4;4;1;1;6119604;2022-08-23;2;
2;6;1;62;1;1;14;6;6;2;2010;62;2;1;1;1;1;6119606;2022-08-23;0;
3;7;7;21;2;2;10;6;8;3;2017;27;1;4;3;1;1;6119803;2022-08-30;-6;
1;7;2;45;2;2;1;6;2;6;2012;99;2;2;3;1;1;6119808;2022-08-30;-54;
2;7;5;41;2;2;15;6;3;2;2014;45;1;4;4;1;1;6119905;2022-08-12;-4;
1;5;3;65;1;1;13;6;1;5;1992;63;2;4;4;1;1;6120104;2022-08-08;2;
3;7;6;47;2;2;9;6;2;2;2018;48;1;2;4;1;1;6120107;2022-08-13;-1;
2;7;7;32;2;2;12;6;8;6;2017;29;1;3;5;1;1;6120109;2022-08-08;3;
2;4;5;65;2;2;13;6;1;2;1993;71;1;3;4;1;1;6120502;2022-08-26;-6;
3;7;5;71;2;2;8;6;1;4;1973;69;2;3;4;1;1;6120506;2022-08-27;2;
2;7;7;30;1;1;14;6;3;3;2022;37;1;4;4;1;1;6120507;2022-08-27;-7;
3;6;6;44;1;1;15;6;1;4;2001;42;1;4;4;1;1;6120509;2022-08-26;2;
3;7;3;33;2;2;10;6;1;5;2014;43;1;3;3;1;1;6120702;2022-09-13;-10;
1;6;5;45;2;2;15;6;1;4;2006;55;1;4;4;1;1;6120707;2022-09-13;-10;
3;7;7;28;1;1;13;6;8;4;2016;30;1;4;4;1;1;6120708;2022-09-13;-2;
3;7;7;29;2;2;14;6;8;3;2019;32;1;4;4;1;1;6120801;2022-09-14;-3;
3;6;6;71;1;1;8;6;1;2;1972;69;2;4;4;1;1;6120802;2022-09-14;2;
3;6;6;57;2;2;7;6;1;2;1990;65;1;4;4;1;1;6120803;2022-09-14;-8;
3;7;7;68;2;2;9;6;1;2;1980;64;1;5;5;1;1;6120804;2022-09-14;4;
3;5;6;63;1;1;7;6;6;4;2022;50;1;4;3;1;1;6120903;2022-09-02;13;
3;6;7;25;1;1;9;6;3;1;2017;26;1;4;4;1;1;6120904;2022-09-02;-1;
3;3;5;72;1;1;6;6;1;4;1970;75;1;3;3;1;1;6120905;2022-09-02;-3;
1;6;6;66;2;2;9;6;1;1;1974;77;2;4;4;1;1;6120908;2022-09-12;-11;
1;6;6;55;2;2;9;6;1;6;1990;54;1;3;5;1;1;6120910;2022-09-12;1;
3;6;4;46;2;2;14;6;1;3;2001;50;1;5;4;1;1;6121004;2022-09-05;-4;
1;7;6;41;2;2;7;6;1;6;2015;34;1;3;4;1;1;6121005;2022-08-20;7;
2;6;5;31;1;1;10;6;1;2;2015;29;1;4;3;1;1;6121006;2022-08-19;2;
1;5;6;77;2;2;7;6;1;1;1953;81;1;2;4;1;1;6121008;2022-09-05;-4;
3;7;7;48;1;1;14;6;1;5;1995;50;1;4;5;1;1;6121009;2022-08-19;-2;
3;7;6;52;1;1;9;6;2;5;2000;48;1;3;3;1;1;6121010;2022-09-06;4;
3;6;6;29;2;2;15;6;2;3;2021;32;1;4;5;1;1;6121101;2022-08-22;-3;
1;4;7;60;2;2;9;6;1;4;1995;60;1;3;4;1;1;6121104;2022-08-22;0;
3;1;5;47;2;2;9;6;1;3;1993;51;2;4;4;1;1;6121105;2022-09-05;-4;
3;7;5;46;2;2;9;6;1;2;1994;51;1;3;3;1;1;6121106;2022-09-05;-5;
1;6;6;63;2;2;7;6;1;5;1980;64;1;3;4;1;1;6121301;2022-09-14;-1;
3;6;7;32;2;2;9;6;8;2;2012;37;1;3;4;1;1;6121302;2022-09-14;-5;
3;7;5;21;1;1;9;6;8;5;2019;21;1;3;5;1;1;6121303;2022-09-14;0;
2;6;4;26;2;2;9;6;8;4;2015;33;1;2;3;1;1;6121304;2022-09-14;-7;
3;1;6;76;2;2;7;6;1;4;1967;85;2;3;2;1;1;6121503;2022-08-20;-9;
2;1;7;64;2;2;9;6;8;2;2019;64;2;3;3;1;1;6121505;2022-09-10;0;
1;6;4;67;2;2;7;6;1;2;1982;66;1;2;1;1;1;6121506;2022-09-09;1;
1;4;7;74;2;2;9;6;1;2;1968;73;2;2;4;1;1;6121507;2022-09-09;1;
3;5;5;36;2;2;9;6;8;5;2004;40;1;3;3;1;1;6121509;2022-09-09;-4;
3;7;7;41;1;1;15;6;8;4;2003;37;1;5;5;1;1;6121510;2022-09-12;4;
1;7;4;51;2;2;15;6;8;1;2011;59;1;2;4;1;1;6121601;2022-08-23;-8;
3;7;7;43;1;1;9;6;1;4;2000;42;1;3;4;1;1;6121603;2022-08-24;1;
3;3;6;83;1;1;6;6;1;3;1967;71;1;3;3;1;1;6121606;2022-08-23;12;
1;5;4;50;2;2;9;6;1;6;1999;51;1;2;3;1;1;6121607;2022-08-24;-1;
2;6;5;25;2;2;9;6;8;3;2019;31;1;5;3;1;1;6121608;2022-08-22;-6;
3;7;7;83;2;2;11;6;1;2;1975;75;1;5;5;1;1;6121701;2022-08-22;8;
3;;6;18;2;2;9;6;8;5;2019;19;1;3;4;1;1;6121702;2022-09-13;-1;
3;5;5;39;1;1;11;6;1;5;2012;36;1;4;4;1;1;6121703;2022-09-13;3;
3;5;5;47;1;1;17;6;1;5;2008;40;1;5;4;1;1;6121704;2022-08-22;7;
3;7;6;69;1;1;7;6;1;5;1977;61;1;4;3;1;1;6121707;2022-09-13;8;
1;5;6;56;2;2;9;6;1;5;1998;54;2;3;4;1;1;6121901;2022-09-12;2;
1;5;7;61;2;2;7;6;1;6;1984;61;1;3;4;1;1;6122202;2022-09-27;0;
3;1;5;65;2;2;7;6;1;2;1983;65;2;3;4;1;1;6122206;2022-09-28;0;
1;7;6;51;2;2;7;6;1;6;1994;58;1;4;4;1;1;6122207;2022-09-28;-7;
3;7;6;33;1;1;11;6;1;4;2011;35;1;4;4;1;1;6122209;2022-09-28;-2;
2;6;7;70;1;1;7;6;1;3;1986;63;1;4;3;1;1;6122210;2022-09-28;7;
3;7;7;55;2;2;7;6;1;2;1995;51;1;4;4;1;1;6122802;2022-09-15;4;
3;6;6;71;1;1;7;6;1;2;1977;69;1;2;3;1;1;6122803;2022-09-15;2;
2;7;6;47;2;2;7;6;1;3;1982;62;1;3;4;1;1;6122804;2022-09-15;-15;
3;4;7;62;1;1;9;6;1;5;1986;56;1;3;3;1;1;6122807;2022-09-15;6;
2;1;5;60;2;2;7;6;1;2;1987;68;1;2;3;1;1;6122808;2022-09-15;-8;
3;6;6;34;2;2;14;6;2;2;2015;48;1;3;4;1;1;6122809;2022-09-18;-14;
3;5;7;49;1;1;7;6;2;4;2004;51;2;4;3;1;1;6122910;2022-09-26;-2;
3;6;7;57;1;1;9;6;1;1;1990;56;1;3;3;1;1;6123002;2022-09-14;1;
3;7;7;40;2;2;12;6;1;3;2007;41;;4;4;1;1;6123005;2022-08-30;-1;
3;6;5;61;1;1;7;6;1;4;1990;53;1;4;3;1;1;6123009;2022-09-14;8;
2;4;5;67;2;2;7;6;1;3;1976;67;2;3;4;1;1;6123010;2022-09-14;0;
2;6;6;56;2;2;7;6;1;2;1987;59;1;3;3;1;1;6123101;2022-09-20;-3;
3;7;6;41;1;1;9;6;1;2;2014;35;1;4;4;1;1;6123102;2022-09-20;6;
2;7;7;36;2;2;9;6;2;6;2005;36;1;3;4;1;1;6123103;2022-09-20;0;
3;4;5;33;2;2;15;6;2;1;2012;32;1;4;4;1;1;6123105;2022-09-20;1;
3;5;5;32;2;2;9;6;2;3;2020;46;1;3;3;1;1;6123106;2022-09-21;-14;
2;7;6;32;2;2;12;6;1;2;2014;35;1;3;4;1;1;6123107;2022-09-21;-3;
2;4;6;72;1;1;7;6;2;2;2009;51;1;4;3;1;1;6123108;2022-09-21;21;
1;6;5;51;2;2;7;6;1;6;1990;54;1;3;3;1;1;6123109;2022-09-21;-3;
1;7;7;37;2;2;7;6;1;6;2002;38;1;3;4;1;1;6123204;2022-09-08;-1;
1;7;6;36;2;2;9;6;1;6;2007;37;1;3;4;1;1;6123205;2022-09-09;-1;
2;7;7;42;2;2;9;6;2;6;2007;40;1;5;4;1;1;6123206;2022-09-09;2;
1;5;4;56;2;2;7;6;1;6;1989;61;1;3;3;1;1;6123207;2022-09-09;-5;
1;2;6;44;2;2;7;6;2;1;2009;52;2;4;4;1;1;6123209;2022-08-10;-8;
3;7;6;29;2;2;9;6;1;3;2005;32;1;3;4;1;1;6123210;2022-09-09;-3;
2;5;1;24;2;2;9;6;1;6;2017;31;1;3;3;1;1;6123301;2022-08-29;-7;
3;7;7;35;1;1;7;6;1;4;2015;35;1;3;3;1;1;6123401;2022-09-02;0;
1;1;6;63;2;2;1;6;2;6;1987;58;2;2;3;1;1;6123403;2022-09-02;5;
3;7;7;31;1;1;9;6;2;2;2015;27;1;4;4;1;1;6123405;2022-09-02;4;
3;7;7;61;1;1;7;6;2;3;1995;58;1;4;3;1;1;6123406;2022-09-02;3;
3;7;7;48;1;1;9;6;1;4;1996;49;1;4;4;1;1;6123408;2022-09-18;-1;
1;7;6;49;2;2;9;6;1;2;1996;49;1;4;4;1;1;6123410;2022-09-18;0;
1;6;7;58;2;2;7;6;1;6;1986;61;1;4;4;1;1;6123506;2022-09-05;-3;
1;5;4;62;2;2;7;6;1;6;1982;65;1;3;3;1;1;6123507;2022-09-05;-3;
3;5;5;68;2;2;9;6;1;4;1983;68;2;2;4;1;1;6123602;2022-08-30;0;
2;7;7;76;2;2;9;6;1;1;1964;80;1;4;4;1;1;6123603;2022-08-30;-4;
2;5;1;49;2;2;16;6;1;1;2010;68;1;2;3;1;1;6123604;2022-08-30;-19;
3;3;5;51;2;1;9;6;1;3;2000;58;1;2;4;1;1;6123606;2022-08-30;-7;
1;5;6;69;2;2;1;6;1;6;1972;78;2;2;3;1;1;6123607;2022-08-30;-9;
1;4;7;43;2;2;9;6;2;6;1996;48;2;4;4;1;1;6123608;2022-08-29;-5;
2;5;7;60;2;2;9;6;1;2;1977;69;2;4;4;1;1;6123609;2022-08-29;-9;
1;7;7;61;2;2;7;6;1;6;1985;64;2;4;3;1;1;6123701;2022-08-29;-3;
1;7;5;59;2;2;9;6;1;6;1990;59;2;3;3;1;1;6123704;2022-08-30;0;
3;6;6;73;1;1;7;6;1;2;1976;69;2;3;3;1;1;6123707;2022-09-07;4;
1;7;4;26;2;2;7;6;1;6;2012;32;1;4;4;1;1;6123710;2022-09-07;-6;
1;7;7;19;2;2;9;6;2;6;2022;26;1;4;4;1;1;6123901;2022-09-28;-7;
2;7;7;27;2;2;9;6;2;2;2015;27;1;4;3;1;1;6123902;2022-09-28;0;
3;7;6;53;2;2;11;6;2;1;2015;63;1;3;3;1;1;6123904;2022-09-28;-10;
2;7;6;33;2;2;9;6;2;3;2011;34;1;3;3;1;1;6123905;2022-09-28;-1;
2;5;3;43;2;2;9;6;1;1;2007;35;1;3;3;1;1;6124102;2022-09-13;8;
3;7;6;22;2;2;9;6;1;2;2018;24;1;4;4;1;1;6124103;2022-09-09;-2;
1;7;5;54;2;2;7;6;3;6;2006;46;1;2;2;1;1;6124105;2022-09-13;8;
1;5;6;77;1;1;7;6;1;5;1991;60;2;4;4;1;1;6124201;2022-09-06;17;
1;7;7;42;2;2;7;6;1;2;1994;40;2;4;4;1;1;6124202;2022-09-06;2;
1;6;7;54;2;2;9;6;1;2;1998;47;2;4;5;1;1;6124205;2022-09-06;7;
2;6;6;68;2;2;7;6;1;2;1983;59;1;3;3;1;1;6124206;2022-09-06;9;
1;1;7;56;2;2;7;6;1;6;1982;67;2;2;2;1;1;6124208;2022-09-06;-11;
3;4;7;54;2;2;9;6;2;1;1991;77;2;3;4;1;1;6124209;2022-09-06;-23;
1;6;7;67;2;2;7;6;5;3;1975;77;1;3;4;1;1;6124302;2022-09-13;-10;
1;5;4;52;2;2;7;6;1;1;2007;62;2;2;4;1;1;6124305;2022-09-13;-10;
1;5;4;33;2;2;11;6;8;1;2015;28;;4;4;1;1;6124306;2022-09-13;5;
1;7;7;55;2;2;1;6;1;6;1984;64;2;3;3;1;1;6124307;2022-09-13;-9;
2;5;5;77;1;1;10;6;1;3;1977;84;1;2;3;1;1;6124309;2022-09-13;-7;
1;5;6;55;1;1;9;6;1;6;1995;54;1;3;4;1;1;6124310;2022-09-13;1;
3;7;7;38;2;2;13;6;6;;2022;35;1;4;4;1;1;6124401;2022-09-06;3;
2;4;7;74;2;2;1;6;1;1;2005;72;2;3;3;1;1;6124402;2022-09-06;2;
2;4;5;55;1;1;9;6;1;3;1988;53;1;2;2;1;1;6124408;2022-09-06;2;
;7;6;34;1;1;17;6;1;;2012;34;;4;4;1;1;6124502;2022-09-06;0;
2;6;6;76;2;2;1;6;3;3;2014;77;2;3;4;1;1;6124503;2022-09-06;-1;
3;2;4;72;1;1;7;6;7;;2001;99;2;3;4;1;1;6124504;2022-09-06;-27;
3;7;7;36;1;1;9;6;8;3;2010;26;1;4;4;1;1;6124509;2022-09-06;10;
1;7;4;24;2;2;7;6;3;3;2013;38;2;4;3;1;1;6124701;2022-09-13;-14;
3;6;6;27;1;1;9;6;8;5;2021;33;1;3;4;1;1;6124704;2022-09-13;-6;
1;3;6;56;2;2;9;6;1;1;1989;57;;3;4;1;1;6124705;2022-09-13;-1;
1;6;5;35;2;2;9;6;1;1;2001;42;1;2;3;1;1;6124706;2022-09-13;-7;
3;7;6;19;2;2;9;6;8;3;2020;20;1;3;4;1;1;6124707;2022-09-13;-1;
2;1;7;76;2;2;9;6;1;3;1971;80;2;4;3;1;1;6124708;2022-09-13;-4;
1;7;7;40;2;2;9;6;2;6;2016;40;1;4;4;1;1;6124902;2022-09-09;0;
1;6;4;49;2;2;9;6;1;1;1995;53;1;3;4;1;1;6124904;2022-09-09;-4;
1;1;4;63;2;2;7;6;1;1;1989;26;;3;4;1;1;6124907;2022-09-09;37;
1;5;7;67;2;2;9;6;1;4;1977;66;1;3;4;1;1;6125401;2022-09-30;1;
3;6;5;36;2;2;15;6;8;3;2012;36;1;5;4;1;1;6125406;2022-09-30;0;
1;7;6;30;2;2;13;6;8;6;2017;33;1;4;4;1;1;6125407;2022-09-30;-3;
3;5;6;61;2;2;13;6;1;3;1991;61;1;4;4;1;1;6125409;2022-10-03;0;
3;6;6;73;2;2;15;6;1;;1972;65;1;4;4;1;1;6126101;2022-09-02;8;
3;6;5;89;1;1;6;6;1;4;1960;83;2;4;4;1;1;6126102;2022-08-12;6;
3;6;7;68;1;1;15;6;1;4;1977;65;1;4;4;1;1;6126103;2022-09-02;3;
3;2;7;40;2;2;15;6;1;1;2011;52;2;4;4;1;1;6126104;2022-09-02;-12;
3;7;7;49;1;1;9;6;1;4;2020;49;1;4;4;1;1;6126105;2022-09-06;0;
3;5;5;48;2;2;9;6;2;2;2004;45;2;3;4;1;1;6126106;2022-09-02;3;
3;6;6;48;1;1;9;6;1;3;2007;35;1;4;4;1;1;6126109;2022-08-12;13;
2;6;6;55;2;2;9;6;2;4;2015;50;1;4;4;1;1;6126203;2022-09-28;5;
2;5;6;76;2;2;8;6;1;3;1967;76;1;3;3;1;1;6126205;2022-09-22;0;
1;4;5;53;2;2;15;6;1;4;1990;60;1;4;4;1;1;6126206;2022-09-22;-7;
2;7;7;55;2;2;15;6;1;4;2003;75;1;4;4;1;1;6126302;2022-09-20;-20;
3;5;6;78;1;1;10;6;1;4;1970;69;1;4;4;1;1;6126304;2022-09-20;9;
2;5;6;77;2;2;6;6;1;3;1972;77;;4;4;1;1;6126305;2022-09-20;0;
2;7;7;37;2;2;9;6;8;4;2000;57;1;4;4;1;1;6126308;2022-09-20;-20;
2;6;7;75;2;2;7;6;1;2;1977;80;;4;4;1;1;6126309;2022-09-20;-5;
2;6;5;50;2;2;9;6;8;4;1992;50;1;4;4;1;1;6126310;2022-09-20;0;
1;7;6;45;2;2;9;6;1;2;1995;49;1;4;4;1;1;6126401;2022-09-06;-4;
1;6;6;39;2;2;15;6;8;4;2016;34;1;4;4;1;1;6126402;2022-09-06;5;
3;7;7;27;2;2;13;6;2;1;2018;31;1;3;3;1;1;6126403;2022-08-26;-4;
3;7;7;44;1;1;9;6;1;4;2001;43;1;4;5;1;1;6126404;2022-09-06;1;
1;6;6;43;2;2;9;6;1;4;1998;50;1;4;4;1;1;6126405;2022-08-26;-7;
2;7;6;33;2;2;11;6;1;5;2013;30;1;5;5;1;1;6126406;2022-09-06;3;
1;6;6;55;2;2;14;6;1;4;1987;61;;4;4;1;1;6126407;2022-08-26;-6;
3;7;5;48;1;1;15;6;8;1;2012;43;1;4;4;1;1;6126501;2022-08-17;5;
1;6;6;31;2;2;9;6;8;4;2017;30;1;4;4;1;1;6126503;2022-09-13;1;
1;6;4;68;2;2;7;6;1;4;1972;79;2;2;3;1;1;6126507;2022-08-19;-11;
3;5;6;48;1;1;13;6;1;6;2000;46;2;3;3;1;1;6126602;2022-08-22;2;
1;6;3;51;2;2;7;6;1;4;1991;58;1;3;3;1;1;6126603;2022-09-12;-7;
3;7;4;55;1;1;9;6;1;5;1991;62;1;3;3;1;1;6126605;2022-08-24;-7;
1;6;6;38;2;2;9;6;1;4;2011;40;1;4;4;1;1;6126607;2022-09-12;-2;
3;6;6;63;2;2;9;6;1;4;1979;69;1;4;4;1;1;6126703;2022-09-09;-6;
1;5;5;50;2;2;7;6;1;4;1992;56;1;4;4;1;1;6126704;2022-08-24;-6;
3;7;7;69;1;1;9;6;1;3;1979;63;1;4;3;1;1;6126707;2022-08-22;6;
1;6;6;63;2;2;9;6;1;2;1987;60;1;4;4;1;1;6126710;2022-09-09;3;
1;5;5;51;2;2;9;6;1;4;1998;51;1;3;4;1;1;6126801;2022-08-31;0;
2;7;5;72;2;2;7;6;1;2;1972;72;;2;3;1;1;6126803;2022-09-26;0;
2;6;6;63;2;2;1;6;2;4;2013;58;1;3;3;1;1;6126805;2022-09-26;5;
2;7;1;35;2;2;9;6;8;4;2018;38;1;3;3;1;1;6126807;2022-09-26;-3;
3;5;6;52;1;1;9;6;2;3;2015;36;1;4;4;1;1;6126808;2022-09-26;16;
3;4;4;74;2;2;7;6;1;3;2020;66;;4;4;1;1;6126901;2022-09-28;8;
1;6;3;55;2;2;9;6;1;4;1985;60;1;3;3;1;1;6126902;2022-09-28;-5;
2;6;6;69;2;2;9;6;1;2;1971;74;1;3;3;1;1;6126904;2022-09-28;-5;
1;6;7;50;2;2;9;6;1;5;2017;49;1;3;3;1;1;6126905;2022-09-28;1;
3;7;7;75;1;1;15;6;1;3;1973;73;1;4;4;1;1;6126907;2022-10-03;2;
1;5;5;56;2;2;7;6;1;5;1983;62;1;4;5;1;1;6126909;2022-10-03;-6;
1;6;6;59;2;2;9;6;2;6;2015;69;1;4;4;1;1;6127001;2022-09-12;-10;
3;6;6;69;1;1;6;6;1;4;1972;62;1;4;4;1;1;6127002;2022-09-12;7;
3;7;7;48;1;1;9;6;1;3;2002;50;1;5;5;1;1;6127004;2022-08-12;-2;
3;5;6;63;1;1;7;6;1;4;1982;61;1;3;3;1;1;6127009;2022-09-21;2;
3;6;6;69;1;1;15;6;1;4;1977;69;1;4;4;1;1;6127010;2022-09-21;0;
3;6;7;69;1;1;15;6;7;4;2000;66;1;5;4;1;1;6127103;2022-08-19;3;
2;7;4;35;2;2;7;6;1;6;2002;50;1;4;4;1;1;6127107;2022-10-05;-15;
3;7;4;25;1;1;7;6;2;4;2021;19;1;3;4;1;1;6127108;2022-10-05;6;
3;7;6;61;1;1;7;6;1;5;1989;54;1;3;4;1;1;6127109;2022-10-05;7;
1;7;4;55;2;2;9;6;1;6;1989;61;1;4;4;1;1;6127110;2022-10-05;-6;
3;4;6;56;2;2;9;6;6;2;2000;43;1;3;3;1;1;6127201;2022-08-22;13;
3;5;6;56;2;2;7;6;1;3;1986;62;1;4;4;1;1;6127202;2022-08-22;-6;
2;7;6;23;2;2;13;6;2;6;2018;26;1;4;4;1;1;6127204;2022-10-03;-3;
2;7;7;25;2;2;9;6;2;4;2016;28;2;4;4;1;1;6127206;2022-10-03;-3;
2;6;6;24;2;2;15;6;2;6;2020;23;1;4;4;1;1;6127210;2022-10-05;1;
1;5;5;67;2;2;9;6;1;2;1973;72;1;3;3;1;1;6127301;2022-08-24;-5;
3;5;7;67;2;2;15;6;2;2;1982;67;1;4;4;1;1;6127302;2022-08-24;0;
3;7;5;20;2;2;11;6;2;4;2022;24;1;4;4;1;1;6127303;2022-08-25;-4;
2;4;6;28;2;2;11;6;2;6;2018;28;1;4;3;1;1;6127305;2022-10-03;0;
3;6;6;47;1;1;7;6;1;5;2000;42;1;3;4;1;1;6127306;2022-10-03;5;
3;3;6;35;2;2;9;6;1;2;2005;39;1;4;3;1;1;6127307;2022-10-03;-4;
2;5;6;36;2;2;7;6;2;6;2014;54;1;3;3;1;1;6127309;2022-10-03;-18;
1;5;6;67;2;2;15;6;1;2;1984;67;1;4;4;1;1;6127503;2022-09-09;0;
3;7;5;45;1;1;15;6;1;3;2003;45;1;3;4;1;1;6127701;2022-09-30;0;
1;7;7;40;2;2;15;6;8;5;2022;56;1;5;5;1;1;6127702;2022-09-30;-16;
3;6;7;53;1;1;15;6;1;4;2002;46;1;4;4;1;1;6127703;2022-09-30;7;
1;5;6;55;2;2;15;6;1;4;2005;58;1;3;3;1;1;6127704;2022-09-30;-3;
2;6;6;36;2;2;15;6;1;3;2015;36;1;5;4;1;1;6127705;2022-09-30;0;
3;6;5;49;2;2;15;6;1;2;1998;51;1;4;4;1;1;6127706;2022-09-30;-2;
2;1;1;33;2;2;9;6;8;;2020;42;1;3;2;1;1;6127901;2022-08-23;-9;
1;6;5;30;2;2;9;6;8;2;2012;42;1;4;2;1;1;6127902;2022-08-23;-12;
1;6;4;57;2;2;9;6;1;6;1987;60;1;2;4;1;1;6127903;2022-08-23;-3;
2;7;7;68;1;1;7;6;1;3;1998;55;1;4;5;1;1;6128004;2022-08-19;13;
3;5;6;84;1;1;6;6;7;;2020;72;2;3;4;1;1;6128005;2022-08-19;12;
2;5;5;29;2;2;10;6;2;1;2020;38;1;4;4;1;1;6128007;2022-08-20;-9;
2;6;4;36;2;2;11;6;1;2;2018;37;1;3;3;1;1;6128008;2022-08-20;-1;
3;4;5;61;1;1;14;7;1;4;1988;58;2;4;3;1;1;7100401;2022-09-06;3;
3;7;7;35;1;1;13;7;2;4;2018;32;1;5;4;1;1;7100404;2022-09-06;3;
1;7;7;51;2;2;11;7;1;6;1992;51;1;3;4;1;1;7100405;2022-09-06;0;
3;7;6;29;2;2;15;7;8;2;2017;41;1;4;4;1;1;7100406;2022-09-06;-12;
3;7;7;57;1;1;7;7;1;4;1998;45;1;3;4;1;1;7100410;2022-09-06;12;
3;6;6;67;1;1;13;7;1;4;1978;64;1;3;4;1;1;7100502;2022-10-15;3;
2;2;4;63;2;2;9;7;2;2;2015;64;2;2;3;1;1;7100504;2022-10-15;-1;
1;6;7;64;1;1;11;7;1;6;1978;64;1;4;4;1;1;7100505;2022-10-15;0;
3;7;6;30;2;2;15;7;1;4;2014;37;1;4;5;1;1;7100507;2022-10-15;-7;
3;7;7;40;2;2;15;7;8;4;2011;35;1;4;4;1;1;7100610;2022-10-15;5;
2;7;3;38;2;2;9;7;2;6;2008;47;1;4;4;1;1;7100801;2022-09-02;-9;
2;7;7;40;1;1;11;7;1;4;2004;41;1;4;4;1;1;7100804;2022-09-02;-1;
3;7;7;32;1;1;9;7;2;5;2016;29;1;4;4;1;1;7100805;2022-09-02;3;
1;7;7;42;2;2;9;7;1;6;2002;39;1;4;4;1;1;7100806;2022-09-02;3;
2;7;5;25;1;1;9;7;8;2;2022;24;1;3;3;1;1;7100807;2022-09-02;1;
2;1;5;74;2;2;7;7;8;2;1981;70;2;3;4;1;1;7100808;2022-09-02;4;
3;7;7;54;1;1;7;7;1;5;1989;49;1;4;3;1;1;7100809;2022-09-02;5;
3;5;5;36;2;2;7;7;2;4;2010;54;1;3;3;1;1;7100901;2022-08-23;-18;
1;4;4;26;2;2;9;7;2;6;2022;32;1;3;3;1;1;7100902;2022-08-23;-6;
2;7;1;23;2;2;9;7;2;6;2021;24;1;4;3;1;1;7100903;2022-08-25;-1;
1;7;5;29;2;2;14;7;2;6;2015;30;1;3;4;1;1;7100905;2022-08-25;-1;
3;1;6;72;1;1;7;7;1;3;1975;77;2;3;3;1;1;7100907;2022-08-23;-5;
1;4;5;30;2;2;8;7;8;6;2012;29;1;4;3;1;1;7100909;2022-08-23;1;
1;7;5;33;2;2;14;7;1;6;2016;35;1;5;4;1;1;7100910;2022-08-25;-2;
1;7;7;61;2;2;9;7;1;6;1994;72;2;3;4;1;1;7101402;2022-09-22;-11;
2;6;5;40;2;2;9;7;8;2;2012;36;1;4;4;1;1;7101403;2022-09-22;4;
3;5;6;65;1;1;9;7;1;4;1984;63;2;3;4;1;1;7101406;2022-09-22;2;
1;7;7;29;2;2;14;7;1;1;2016;33;1;5;4;1;1;7101409;2022-09-26;-4;
1;7;7;66;2;2;1;7;1;1;1978;63;1;4;4;1;1;7101410;2022-09-26;3;
3;6;6;69;2;2;9;7;1;3;1978;71;2;4;4;1;1;7101503;2022-08-22;-2;
3;6;6;27;2;2;13;7;8;2;2007;27;1;3;3;1;1;7101504;2022-08-22;0;
1;7;6;33;2;2;9;7;2;2;2011;33;1;3;3;1;1;7101505;2022-08-22;0;
1;7;6;56;2;2;9;7;1;6;1987;62;1;4;4;1;1;7101506;2022-08-18;-6;
2;7;5;37;2;2;13;7;1;1;2019;45;1;5;5;1;1;7101601;2022-09-02;-8;
3;5;5;30;2;2;13;7;2;3;2017;40;1;4;4;1;1;7101602;2022-09-02;-10;
3;5;5;28;2;2;15;7;1;2;2016;30;1;4;4;1;1;7101604;2022-09-02;-2;
3;7;5;32;2;2;15;7;8;3;2018;32;1;4;5;1;1;7101609;2022-09-05;0;
3;7;7;34;1;1;7;7;2;4;2013;34;1;3;3;1;1;7101701;2022-10-15;0;
2;;7;82;2;2;10;7;1;2;1964;82;2;3;4;1;1;7101703;2022-10-17;0;
1;7;7;71;2;2;8;7;5;6;2018;71;1;3;3;1;1;7101706;2022-10-15;0;
2;7;5;29;2;2;9;7;8;2;2014;47;1;3;3;1;1;7101708;2022-10-15;-18;
3;6;5;26;1;1;9;7;2;5;2016;25;1;3;4;1;1;7101801;2022-10-05;1;
3;6;7;64;1;1;7;7;1;6;1977;67;2;3;4;1;1;7101802;2022-10-05;-3;
2;7;7;26;2;2;12;7;2;1;2015;32;1;4;4;1;1;7101803;2022-10-05;-6;
1;5;3;45;2;2;7;7;1;6;1996;54;1;4;3;1;1;7101804;2022-10-05;-9;
3;7;7;51;1;1;9;7;8;2;1992;53;1;3;4;1;1;7101806;2022-10-05;-2;
1;7;7;46;2;2;9;7;1;2;1999;40;1;4;4;1;1;7101807;2022-10-05;6;
1;6;6;52;2;2;7;7;1;2;1991;53;1;3;4;1;1;7101808;2022-10-05;-1;
2;3;4;35;2;2;9;7;8;2;2012;43;1;3;4;1;1;7101809;2022-10-05;-8;
3;5;5;26;2;2;14;7;8;2;2015;28;1;3;3;1;1;7101810;2022-09-05;-2;
2;2;7;82;2;2;8;7;2;3;2007;79;2;3;3;1;1;7102001;2022-10-11;3;
1;7;7;34;2;2;7;7;1;6;2006;34;1;4;3;1;1;7102002;2022-10-11;0;
1;7;7;21;2;2;9;7;2;6;2019;28;1;4;4;1;1;7102003;2022-10-11;-7;
1;6;6;44;2;2;7;7;1;6;2015;59;1;4;3;1;1;7102004;2022-10-11;-15;
1;7;4;56;2;2;1;7;1;6;1979;59;1;2;3;1;1;7102006;2022-10-11;-3;
2;6;5;57;1;1;7;7;1;2;1986;60;1;3;3;1;1;7102301;2022-09-12;-3;
3;5;7;55;1;1;13;7;2;5;2017;66;;4;2;1;1;7102302;2022-09-12;-11;
1;7;4;42;2;2;11;7;1;6;2002;50;1;4;4;1;1;7102303;2022-09-12;-8;
2;3;7;56;2;2;9;7;1;1;1993;54;1;4;4;1;1;7102304;2022-09-12;2;
2;4;5;54;2;2;9;7;1;1;1990;55;1;3;4;1;1;7102305;2022-09-12;-1;
2;2;7;56;1;1;9;7;8;2;1993;67;2;4;4;1;1;7102308;2022-09-12;-11;
2;6;5;29;2;2;9;7;1;2;2012;28;1;3;3;1;1;7102309;2022-09-12;1;
3;2;5;46;1;1;7;7;1;5;2003;36;2;3;3;1;1;7102310;2022-09-12;10;
2;7;4;57;2;2;7;7;1;3;2000;45;1;4;4;1;1;7102501;2022-08-09;12;
2;7;7;59;2;2;9;7;1;1;1981;61;1;4;5;1;1;7102504;2022-08-10;-2;
3;7;7;65;1;1;7;7;1;3;1978;65;1;4;4;1;1;7102505;2022-08-15;0;
3;7;6;28;2;2;14;7;2;2;2012;28;1;4;4;1;1;7102507;2022-08-15;0;
3;6;6;28;1;1;13;7;2;4;2019;26;1;3;4;1;1;7102508;2022-08-15;2;
3;6;7;63;1;1;9;7;1;5;1980;63;1;4;3;1;1;7102509;2022-08-15;0;
3;7;6;55;1;1;9;7;1;3;1989;55;1;3;4;1;1;7102702;2022-10-13;0;
3;7;5;71;2;2;7;7;1;2;1969;75;1;3;3;1;1;7102706;2022-10-13;-4;
3;7;5;59;1;1;9;7;1;4;2000;56;2;3;4;1;1;7102708;2022-10-13;3;
3;6;6;42;1;1;15;7;8;2;2014;42;1;4;4;1;1;7102710;2022-10-13;0;
3;7;7;63;1;1;9;7;1;5;1978;63;1;4;4;1;1;7102801;2022-09-08;0;
3;6;7;67;1;1;14;7;1;5;1986;61;1;4;4;1;1;7102803;2022-09-08;6;
3;1;5;63;2;2;11;7;1;5;1982;66;2;3;3;1;1;7102804;2022-09-08;-3;
1;7;7;61;2;2;7;7;1;6;1982;65;1;3;3;1;1;7102807;2022-09-08;-4;
2;1;7;73;2;2;6;7;1;2;1967;79;2;3;3;1;1;7102809;2022-09-08;-6;
3;7;7;71;1;1;9;7;1;6;1980;66;1;4;3;1;1;7102810;2022-09-08;5;
2;7;7;69;2;2;8;7;1;2;1973;73;1;3;4;1;1;7102901;2022-10-13;-4;
2;6;6;67;2;2;8;7;1;2;1976;71;1;3;4;1;1;7102905;2022-10-14;-4;
3;7;7;80;1;1;7;7;1;2;1973;76;1;3;3;1;1;7102906;2022-10-13;4;
2;5;7;75;2;2;7;7;7;3;1974;64;2;2;3;1;1;7102908;2022-10-14;11;
2;4;7;72;2;2;7;7;1;2;1969;75;1;3;3;1;1;7102909;2022-10-14;-3;
3;4;5;75;1;1;8;7;1;2;1975;76;1;2;4;1;1;7103002;2022-09-23;-1;
1;5;7;72;2;2;6;7;1;2;1985;72;1;3;3;1;1;7103003;2022-09-23;0;
1;7;7;64;2;2;9;7;1;2;1980;71;1;3;3;1;1;7103004;2022-09-23;-7;
2;7;6;76;2;2;1;7;1;2;1966;77;1;2;4;1;1;7103007;2022-09-23;-1;
3;7;7;43;1;1;9;7;1;2;2012;44;1;4;4;1;1;7103008;2022-09-23;-1;
3;7;7;64;2;2;15;7;1;2;1985;68;1;4;5;1;1;7103010;2022-09-23;-4;
2;7;7;55;1;1;7;7;2;4;2017;66;1;3;4;1;1;7103101;2022-08-17;-11;
3;1;5;73;1;1;7;7;1;4;1980;70;2;2;5;1;1;7103104;2022-08-17;3;
3;5;5;26;2;2;9;7;2;5;2020;29;1;2;3;1;1;7103107;2022-08-17;-3;
3;4;6;73;1;2;7;7;1;5;1969;72;2;2;3;1;1;7103109;2022-08-18;1;
1;3;4;67;2;2;7;7;1;2;1979;68;2;3;3;1;1;7103110;2022-08-18;-1;
3;4;4;56;1;1;13;7;8;2;2020;40;1;3;3;1;1;7103301;2022-10-04;16;
2;5;5;45;2;2;9;7;1;3;1993;51;1;4;4;1;1;7103405;2022-09-03;-6;
3;1;4;60;2;2;7;7;1;4;1980;59;2;3;3;1;1;7103406;2022-09-05;1;
3;5;7;66;1;1;9;7;1;3;1977;66;2;3;3;1;1;7103407;2022-09-05;0;
3;7;7;70;1;1;6;7;6;2;2004;52;1;3;3;1;1;7103409;2022-09-20;18;
2;7;7;35;2;2;9;7;1;2;2020;35;1;4;5;1;1;7103410;2022-09-06;0;
2;4;5;27;2;2;13;7;2;6;2019;34;1;3;4;1;1;7103501;2022-10-14;-7;
1;1;1;61;2;2;12;7;1;6;1985;63;2;2;3;1;1;7103502;2022-10-19;-2;
3;7;6;34;2;2;15;7;1;2;2012;37;1;4;4;1;1;7103507;2022-10-19;-3;
3;7;7;38;2;2;9;7;1;2;2003;39;1;4;5;1;1;7103509;2022-10-19;-1;
2;7;5;49;2;2;13;7;1;1;1995;51;1;4;4;1;1;7103901;2022-09-13;-2;
2;6;7;69;2;2;9;7;1;3;1976;68;2;3;4;1;1;7103902;2022-09-13;1;
2;7;6;85;1;1;6;7;1;5;1961;82;1;3;3;1;1;7103903;2022-09-13;3;
3;6;5;30;2;2;13;7;2;1;2019;28;1;3;3;1;1;7103904;2022-09-14;2;
2;7;7;71;2;2;9;7;1;2;1977;73;1;3;4;1;1;7103907;2022-09-14;-2;
3;6;6;72;1;1;9;7;1;3;1984;70;1;4;3;1;1;7103910;2022-09-14;2;
3;5;7;30;2;2;16;7;8;3;2018;43;1;4;5;1;1;7104001;2022-09-05;-13;
3;6;6;28;2;2;15;7;8;5;2022;40;1;5;5;1;1;7104003;2022-09-05;-12;
3;7;7;31;2;2;15;7;8;3;2019;38;1;4;4;1;1;7104007;2022-09-06;-7;
1;5;3;39;2;2;11;7;7;1;2010;44;1;3;3;1;1;7104008;2022-09-06;-5;
1;6;7;46;2;2;11;7;1;6;2005;42;1;4;4;1;1;7104204;2022-09-10;4;
1;;5;45;2;2;9;7;6;2;2000;52;1;4;4;1;1;7104206;2022-09-09;-7;
2;5;6;41;2;2;13;7;1;2;2005;43;1;3;4;1;1;7104208;2022-09-09;-2;
1;7;6;59;2;2;9;7;1;6;1984;59;1;3;4;1;1;7104209;2022-09-09;0;
1;6;7;42;2;2;10;7;8;6;2005;32;1;3;4;1;1;7104210;2022-09-09;10;
2;1;7;72;2;2;7;7;1;6;1979;72;2;3;3;1;1;7104303;2022-09-01;0;
3;7;6;40;2;2;9;7;1;5;2007;47;1;4;4;1;1;7104304;2022-09-01;-7;
2;3;5;40;2;2;9;7;6;1;2011;44;1;4;4;1;1;7104305;2022-09-01;-4;
3;1;5;68;2;2;9;7;1;5;1996;60;2;2;2;1;1;7104310;2022-09-02;8;
3;6;6;53;1;1;9;7;2;5;1990;53;1;4;4;1;1;7104501;2022-08-25;0;
3;3;7;67;2;2;15;7;1;2;1976;67;2;4;4;1;1;7104502;2022-08-30;0;
3;7;6;72;2;2;7;7;2;4;1973;74;1;4;3;1;1;7104503;2022-08-30;-2;
3;7;7;50;2;2;9;7;1;2;1995;57;1;3;4;1;1;7104504;2022-08-30;-7;
1;5;6;57;2;2;9;7;1;2;2011;57;1;;3;1;1;7104505;2022-08-30;0;
2;6;4;43;1;1;9;7;1;4;2005;41;1;3;4;1;1;7104506;2022-08-25;2;
1;6;6;48;2;2;7;7;1;6;2003;45;1;3;4;1;1;7104507;2022-08-30;3;
2;7;4;47;2;2;9;7;1;1;1998;48;1;4;4;1;1;7104508;2022-08-30;-1;
2;7;6;43;2;2;13;7;2;4;2002;45;1;4;4;1;1;7104510;2022-08-30;-2;
1;4;4;25;2;2;13;7;8;1;2020;34;1;3;3;1;1;7104702;2022-09-09;-9;
3;5;5;38;1;1;11;7;1;2;2006;38;1;3;3;1;1;7104705;2022-09-13;0;
1;5;6;52;2;2;11;7;1;1;1993;52;1;4;4;1;1;7104707;2022-09-22;0;
3;7;7;24;2;2;13;7;2;2;2016;24;1;3;4;1;1;7104708;2022-09-22;0;
1;7;7;27;2;2;11;7;1;1;2012;29;1;3;5;1;1;7104710;2022-09-21;-2;
3;6;5;23;2;2;9;7;2;4;2021;24;2;3;4;1;1;7104902;2022-09-07;-1;
2;5;7;54;2;2;13;7;1;2;1994;54;1;4;5;1;1;7104903;2022-09-07;0;
1;5;6;35;2;2;12;7;1;1;2006;40;1;4;5;1;1;7104905;2022-09-07;-5;
3;4;5;24;2;2;14;7;2;3;2020;24;1;3;4;1;1;7104908;2022-09-08;0;
1;7;5;29;1;1;15;7;8;5;2021;36;1;4;3;1;1;7104909;2022-09-08;-7;
1;7;7;55;2;2;9;7;1;6;1992;57;1;3;3;1;1;7105003;2022-08-25;-2;
1;7;7;46;2;2;9;7;1;6;1994;49;1;4;4;1;1;7105004;2022-08-25;-3;
1;6;7;53;2;2;9;7;5;1;1987;55;1;3;3;1;1;7105005;2022-08-26;-2;
3;1;5;66;1;1;8;7;1;5;1992;61;2;3;3;1;1;7105006;2022-08-26;5;
1;7;7;29;2;2;12;7;8;6;2012;34;1;3;3;1;1;7105008;2022-08-26;-5;
3;1;7;49;2;2;9;7;1;5;1994;54;2;4;4;1;1;7105009;2022-08-26;-5;
2;5;5;76;2;2;6;7;1;3;1982;77;2;3;3;1;1;7105101;2022-10-03;-1;
1;5;6;64;2;2;11;7;1;2;1977;70;2;3;4;1;1;7105102;2022-10-03;-6;
2;7;7;70;1;1;7;7;1;3;1978;66;2;4;4;1;1;7105103;2022-10-03;4;
2;7;7;56;2;2;10;7;1;2;1993;64;1;3;4;1;1;7105106;2022-10-03;-8;
2;7;7;57;2;2;7;7;1;4;1988;58;2;3;3;1;1;7105108;2022-10-03;-1;
2;7;7;75;2;2;8;7;1;3;1981;83;2;4;4;1;1;7105110;2022-10-03;-8;
2;6;6;58;2;2;7;7;1;2;1988;69;1;2;2;1;1;7105201;2022-10-17;-11;
2;4;6;80;1;1;8;7;1;2;1968;74;1;3;3;1;1;7105204;2022-10-17;6;
2;1;7;78;2;2;8;7;7;4;2016;68;2;2;3;1;1;7105206;2022-10-17;10;
2;1;7;77;2;2;7;7;1;2;1963;82;2;4;4;1;1;7105208;2022-10-17;-5;
3;7;7;58;1;1;7;7;8;4;1995;60;1;3;3;1;1;7105209;2022-10-17;-2;
1;6;5;50;2;2;15;7;1;6;2005;50;1;4;4;1;1;7105301;2022-10-17;0;
1;6;7;37;2;2;12;7;1;6;2005;38;1;3;5;1;1;7105401;2022-10-12;-1;
1;6;5;26;2;2;7;7;1;6;2014;37;1;4;3;1;1;7105405;2022-10-12;-11;
2;7;7;21;2;2;12;7;8;6;2019;21;1;3;4;1;1;7105406;2022-10-12;0;
2;1;4;74;2;2;1;7;1;2;1969;74;2;2;3;1;1;7105501;2022-09-27;0;
3;1;6;76;2;2;6;7;1;2;1965;84;2;3;3;1;1;7105503;2022-09-28;-8;
1;5;6;65;2;2;7;7;1;2;1975;68;1;4;3;1;1;7105504;2022-09-28;-3;
2;6;5;45;2;2;9;7;1;2;2002;45;1;2;4;1;1;7105506;2022-09-27;0;
1;6;5;25;2;2;9;7;2;6;2015;26;1;4;4;1;1;7105507;2022-09-27;-1;
2;6;5;47;2;2;9;7;7;2;2013;65;1;;3;1;1;7105508;2022-09-27;-18;
1;7;7;50;1;1;9;7;1;6;1991;47;1;5;5;1;1;7105602;2022-09-23;3;
1;7;7;49;2;2;7;7;1;6;1989;56;1;4;4;1;1;7105604;2022-09-23;-7;
1;7;5;50;2;2;9;7;1;6;1987;59;1;3;5;1;1;7105605;2022-09-26;-9;
1;7;5;31;2;2;7;7;1;6;2005;37;1;3;4;1;1;7105606;2022-09-26;-6;
2;7;6;54;2;2;7;7;1;2;1986;57;1;3;4;1;1;7105609;2022-09-26;-3;
1;7;7;19;2;2;11;7;8;1;2021;23;1;2;4;1;1;7105802;2022-10-15;-4;
3;7;6;23;1;1;9;7;8;5;2021;19;1;4;4;1;1;7105803;2022-10-15;4;
2;5;5;23;2;2;9;7;8;1;2021;26;1;5;4;1;1;7105804;2022-10-15;-3;
2;7;6;69;2;2;7;7;7;6;1987;68;1;3;3;1;1;7105901;2022-09-28;1;
1;5;7;53;2;2;9;7;1;6;1987;57;1;4;4;1;1;7105902;2022-09-28;-4;
1;6;4;22;2;2;13;7;8;6;2022;31;1;4;4;1;1;7105904;2022-09-28;-9;
3;7;7;20;1;1;9;7;2;5;2022;19;1;5;5;1;1;7105905;2022-09-30;1;
1;7;3;59;2;2;9;7;1;6;2010;57;2;2;2;1;1;7105906;2022-09-30;2;
1;7;5;27;2;2;15;7;8;6;2014;30;1;3;4;1;1;7105910;2022-09-23;-3;
2;7;5;38;2;2;7;7;2;1;1998;40;1;4;4;1;1;7106101;2022-09-15;-2;
1;7;7;54;2;2;7;7;1;6;1997;49;1;3;4;1;1;7106104;2022-09-20;5;
2;7;1;50;2;2;7;7;8;3;2002;53;1;3;3;1;1;7106107;2022-09-15;-3;
1;7;4;32;2;2;14;7;1;6;2017;37;1;3;3;1;1;7106108;2022-09-15;-5;
1;4;4;51;2;2;9;7;2;6;2014;52;1;3;3;1;1;7106203;2022-09-20;-1;
1;5;2;44;2;2;9;7;1;6;2004;40;1;4;4;1;1;7106204;2022-09-06;4;
1;5;7;60;2;2;7;7;1;6;1983;62;1;3;3;1;1;7106206;2022-09-08;-2;
2;7;7;26;2;2;14;7;8;2;2021;25;1;4;4;1;1;7106209;2022-09-09;1;
1;6;6;44;2;2;9;7;1;6;1998;45;1;3;3;1;1;7106210;2022-09-09;-1;
1;6;7;63;2;2;7;7;1;6;1982;62;1;4;4;1;1;7106301;2022-09-20;1;
1;7;7;24;2;2;9;7;8;6;2013;30;1;3;3;1;1;7106302;2022-09-20;-6;
1;7;7;64;2;2;7;7;1;6;1980;67;2;3;3;1;1;7106303;2022-09-21;-3;
2;1;4;73;2;2;6;7;8;3;2000;72;2;3;3;1;1;7106304;2022-09-21;1;
3;7;6;24;2;2;13;7;8;4;2015;23;1;4;4;1;1;7106306;2022-09-21;1;
2;7;7;32;2;2;13;7;8;6;2009;35;;4;3;1;1;7106307;2022-09-21;-3;
1;7;7;36;2;2;9;7;8;6;2018;39;1;3;4;1;1;7106308;2022-09-21;-3;
1;1;5;49;2;2;7;7;1;6;1989;51;2;3;3;1;1;7106309;2022-09-23;-2;
1;3;7;74;2;2;6;7;1;2;1969;75;2;3;3;1;1;7106501;2022-10-06;-1;
1;6;7;72;2;2;8;7;1;2;1971;71;1;3;3;1;1;7106502;2022-10-06;1;
2;4;7;75;1;1;6;7;1;4;1970;78;1;3;3;1;1;7106504;2022-10-06;-3;
2;7;7;69;2;2;10;7;1;3;1974;72;1;4;4;1;1;7106506;2022-10-06;-3;
2;7;7;78;2;2;8;7;1;2;1973;76;2;4;3;1;1;7106507;2022-10-06;2;
3;6;4;43;2;2;13;7;1;3;1997;46;1;3;4;1;1;7106510;2022-10-06;-3;
3;7;5;78;2;2;15;7;1;5;1969;80;1;3;4;1;1;7106603;2022-09-29;-2;
2;4;5;80;2;2;6;7;1;3;2008;83;2;2;2;1;1;7106605;2022-09-29;-3;
3;5;7;63;1;1;8;7;1;5;1979;63;1;4;4;1;1;7106606;2022-09-29;0;
2;6;6;63;2;2;9;7;1;1;1981;65;1;3;3;1;1;7106608;2022-09-29;-2;
3;6;6;80;1;1;8;7;1;3;1962;80;2;2;4;1;1;7106609;2022-09-29;0;
3;7;5;28;2;2;15;7;8;4;2022;29;1;4;5;1;1;7106610;2022-09-29;-1;
1;5;7;67;2;2;7;7;1;2;1973;69;1;4;4;1;1;7106901;2022-09-09;-2;
2;1;3;68;2;2;7;7;1;3;1971;72;2;3;2;1;1;7106902;2022-09-09;-4;
1;6;5;43;2;2;7;7;1;6;2014;42;1;3;4;1;1;7106907;2022-10-11;1;
1;7;7;54;2;2;14;7;1;6;1987;59;2;4;5;1;1;7106909;2022-10-11;-5;
1;1;7;50;2;2;7;7;1;6;1988;65;2;3;3;1;1;7106910;2022-10-11;-15;
3;4;6;38;2;2;13;7;8;2;2018;36;1;5;4;1;1;7107002;2022-09-28;2;
3;4;6;33;1;1;11;7;5;5;2016;27;1;4;4;1;1;7107003;2022-09-28;6;
3;6;6;30;2;2;12;7;8;3;2014;31;1;3;4;1;1;7107004;2022-09-28;-1;
1;7;7;66;2;2;15;7;1;3;1998;99;;3;3;1;1;7107201;2022-08-19;-33;
1;7;7;39;2;2;9;7;8;6;2018;40;2;4;4;1;1;7107202;2022-08-19;-1;
1;7;5;45;2;2;12;7;8;6;2006;66;1;4;4;1;1;7107203;2022-08-19;-21;
3;6;7;59;2;2;7;7;1;2;1981;63;1;4;4;1;1;7107205;2022-09-14;-4;
2;7;7;34;2;2;9;7;8;6;2008;38;1;4;4;1;1;7107207;2022-09-15;-4;
3;1;7;71;1;1;6;7;1;4;1972;72;2;3;4;1;1;7107209;2022-09-15;-1;
3;7;6;60;1;1;9;7;2;4;2015;55;1;3;4;1;1;7107402;2022-09-21;5;
2;5;7;60;2;2;9;7;2;6;1975;64;2;3;3;1;1;7107403;2022-09-22;-4;
1;3;7;64;2;2;1;7;1;3;1974;65;2;3;4;1;1;7107405;2022-09-22;-1;
3;7;7;65;2;2;11;7;1;5;1985;62;1;3;4;1;1;7107407;2022-09-21;3;
3;7;7;70;1;1;15;7;1;5;1981;68;1;4;4;1;1;7107408;2022-09-21;2;
2;7;5;66;2;2;10;7;6;3;2022;63;1;2;3;1;1;7107409;2022-09-22;3;
1;6;7;28;2;2;15;7;1;1;2018;35;1;3;4;1;1;7107501;2022-10-09;-7;
1;7;7;55;2;2;7;7;1;6;1992;48;1;3;3;1;1;7107601;2022-10-13;7;
2;1;4;75;1;1;1;7;5;3;1998;66;2;3;4;1;1;7107602;2022-10-13;9;
3;1;7;69;2;2;7;7;1;4;1971;74;2;3;2;1;1;7107604;2022-10-13;-5;
2;4;4;69;2;1;7;7;1;3;1971;72;2;3;3;1;1;7107609;2022-10-14;-3;
1;1;4;48;2;2;7;7;1;6;2000;59;2;3;3;1;1;7109101;2022-10-21;-11;
3;7;7;29;2;2;13;7;5;2;2019;30;1;4;4;1;1;7109102;2022-10-21;-1;
1;7;7;25;2;2;9;7;1;6;2014;31;1;3;4;1;1;7109103;2022-10-21;-6;
1;7;7;63;2;2;9;7;1;6;1982;65;1;3;4;1;1;7109104;2022-10-21;-2;
1;7;7;34;2;2;9;7;8;6;2010;40;1;3;4;1;1;7109110;2022-10-21;-6;
3;1;4;81;1;1;6;7;1;6;1973;72;2;3;3;1;1;7109204;2022-09-13;9;
2;5;6;32;1;1;9;7;2;4;2004;32;1;3;3;1;1;7109205;2022-09-13;0;
1;7;5;25;2;2;9;7;8;6;2018;28;1;5;5;1;1;7109206;2022-09-14;-3;
2;1;7;57;2;2;7;7;1;6;1990;62;2;4;4;1;1;7109207;2022-09-14;-5;
1;6;6;33;2;2;9;7;8;6;2014;46;1;4;4;1;1;7109210;2022-09-14;-13;
1;7;5;32;2;2;12;7;8;6;2006;32;1;3;4;1;1;7109301;2022-09-05;0;
1;7;7;33;2;2;9;7;8;6;2008;33;1;4;4;1;1;7109303;2022-09-08;0;
1;4;3;39;2;2;9;7;2;1;2018;29;1;3;3;1;1;7109902;2022-10-06;10;
3;7;6;76;2;2;1;7;1;3;2018;65;1;2;2;1;1;7109907;2022-10-06;11;
2;7;6;57;2;2;9;7;1;3;1988;72;1;4;4;1;1;7109908;2022-10-06;-15;
2;1;5;64;2;2;9;7;1;6;2004;65;2;2;3;1;1;7110101;2022-10-04;-1;
2;6;5;42;2;2;9;7;8;6;1996;44;1;3;3;1;1;7110104;2022-10-04;-2;
2;5;6;27;2;2;9;7;8;2;2013;26;1;4;4;1;1;7110106;2022-10-05;1;
1;7;7;47;2;2;9;7;1;6;1993;47;1;4;4;1;1;7110108;2022-10-05;0;
2;6;7;47;1;1;7;7;1;2;2000;53;1;4;4;1;1;7110109;2022-10-05;-6;
3;6;6;34;2;2;9;7;8;2;2012;35;1;3;4;1;1;7110110;2022-10-05;-1;
3;7;7;24;2;2;12;7;2;3;2020;31;1;5;5;1;1;7110301;2022-10-15;-7;
1;6;6;28;2;2;11;7;8;1;2019;35;1;5;3;1;1;7110901;2022-09-22;-7;
3;7;6;33;1;1;15;7;8;4;2020;33;1;4;4;1;1;7110910;2022-09-23;0;
3;3;2;30;1;1;15;7;1;3;2016;28;1;5;4;1;1;7111101;2022-09-23;2;
1;7;6;31;2;2;12;7;2;2;2021;33;1;3;4;1;1;7111102;2022-09-24;-2;
3;7;7;44;2;1;15;7;1;5;1997;49;1;4;4;1;1;7111106;2022-09-27;-5;
1;7;7;29;2;2;9;7;8;5;2019;30;1;3;4;1;1;7111201;2022-08-10;-1;
1;6;7;29;2;2;12;7;1;6;2008;35;1;4;5;1;1;7111202;2022-08-10;-6;
1;5;7;30;2;2;12;7;2;6;2018;41;1;4;4;1;1;7111203;2022-08-11;-11;
1;7;1;54;2;2;7;7;1;6;1988;52;2;3;3;1;1;7111205;2022-08-17;2;
1;7;4;21;2;2;12;7;8;6;2019;20;1;3;3;1;1;7111206;2022-08-17;1;
1;7;7;23;2;2;7;7;8;6;2019;37;1;3;3;1;1;7111207;2022-08-17;-14;
3;7;7;35;1;1;15;7;8;4;2019;33;1;4;5;1;1;7111410;2022-09-23;2;
3;6;5;31;2;2;15;7;2;4;2018;33;1;4;4;1;1;7111504;2022-09-23;-2;
1;6;6;46;2;2;9;7;1;6;2005;44;1;4;4;1;1;7111601;2022-09-09;2;
1;5;5;45;2;2;15;7;1;1;2008;42;1;3;5;1;1;7111603;2022-10-04;3;
1;7;5;50;2;2;11;7;1;1;1993;54;1;3;5;1;1;7111604;2022-10-04;-4;
1;6;5;38;2;2;11;7;8;6;2001;38;1;3;3;1;1;7111605;2022-10-05;0;
1;7;5;44;2;2;7;7;1;1;2018;47;1;3;4;1;1;7111606;2022-10-05;-3;
3;7;7;74;2;2;11;7;8;3;1980;72;2;2;3;1;1;7111607;2022-10-05;2;
3;7;7;41;2;2;9;7;5;3;2011;52;1;5;4;1;1;7111608;2022-10-05;-11;
1;6;6;39;2;2;11;7;1;1;2003;41;1;3;4;1;1;7111609;2022-10-05;-2;
1;1;5;34;2;2;9;7;8;6;2005;38;1;4;3;1;1;7112102;2022-10-20;-4;
1;6;7;43;2;2;9;7;1;1;2004;42;1;3;4;1;1;7112103;2022-10-20;1;
3;7;7;49;2;2;7;7;1;;2000;51;1;3;3;1;1;7112104;2022-10-20;-2;
3;7;5;36;2;6;9;7;8;2;2022;24;1;3;4;1;1;7112105;2022-10-20;12;
1;7;5;36;2;2;11;7;1;6;2006;46;1;3;3;1;1;7112106;2022-10-20;-10;
2;1;7;66;2;2;7;7;6;3;1998;73;2;3;4;1;1;7112107;2022-10-20;-7;
1;7;7;44;2;2;9;7;8;6;2010;45;1;4;4;1;1;7112108;2022-10-21;-1;
2;6;6;25;2;2;9;7;8;2;2017;34;1;4;4;1;1;7112109;2022-10-21;-9;
3;7;7;32;2;2;9;7;1;3;2009;45;1;4;4;1;1;7112110;2022-10-21;-13;
3;3;7;73;1;1;7;7;1;4;1973;72;1;5;4;1;1;7112403;2022-10-18;1;
2;5;5;75;2;2;9;7;1;2;1967;80;1;4;4;1;1;7112404;2022-10-18;-5;
2;6;7;52;2;2;9;7;1;3;2000;51;1;4;4;1;1;7112405;2022-10-18;1;
1;7;7;63;2;2;8;7;1;6;1981;60;1;2;3;1;1;7112408;2022-10-18;3;
3;5;7;67;1;1;7;7;1;4;1975;61;1;3;3;1;1;7112409;2022-10-18;6;
2;7;7;65;2;2;9;7;1;3;1974;68;1;3;4;1;1;7112410;2022-10-18;-3;
2;5;7;62;1;1;7;7;1;4;1998;45;1;3;4;1;1;7112605;2022-10-23;17;
1;7;6;62;2;2;7;7;1;2;1979;63;1;3;4;1;1;7112607;2022-10-27;-1;
2;7;7;61;2;2;7;7;1;2;1990;66;1;4;4;1;1;7112608;2022-10-27;-5;
2;7;3;45;2;2;7;7;8;4;2008;42;1;2;4;1;1;7112609;2022-10-27;3;
1;7;5;21;2;2;9;7;8;2;2022;21;1;4;4;1;1;7112801;2022-09-30;0;
2;3;4;67;2;2;7;7;5;4;2003;53;1;2;4;1;1;7112804;2022-10-06;14;
3;1;7;72;2;2;9;7;8;3;2021;63;2;4;4;1;1;7112805;2022-10-06;9;
2;4;5;50;2;2;7;7;1;2;1989;67;2;4;4;1;1;7112806;2022-10-07;-17;
3;5;5;23;2;2;13;7;8;3;2019;28;1;4;4;1;1;7112807;2022-10-07;-5;
3;7;6;44;2;2;13;7;1;3;2002;43;1;4;4;1;1;7113001;2022-09-09;1;
2;2;4;44;2;2;15;7;5;3;2017;56;1;3;2;1;1;7113003;2022-09-10;-12;
1;6;4;59;2;2;7;7;8;6;2017;64;1;3;3;1;1;7113004;2022-09-15;-5;
3;5;5;75;2;2;6;7;1;4;1967;75;1;4;4;1;1;7113208;2022-09-28;0;
3;5;6;39;2;2;7;7;8;3;2006;49;1;3;4;1;1;7113301;2022-09-26;-10;
3;7;7;69;1;1;15;7;1;4;2010;64;1;4;5;1;1;7113303;2022-09-28;5;
3;6;5;67;2;2;14;7;1;3;2010;68;1;3;4;1;1;7113304;2022-09-28;-1;
2;6;6;42;2;2;9;7;8;4;2009;40;1;4;3;1;1;7113501;2022-10-17;2;
2;3;6;46;2;2;7;7;1;2;1992;52;1;3;4;1;1;7113502;2022-10-17;-6;
2;6;2;41;2;2;9;7;8;4;2010;54;1;4;5;1;1;7113504;2022-10-18;-13;
3;;6;69;2;2;7;7;7;4;2021;65;1;4;3;1;1;7113506;2022-10-18;4;
3;7;6;28;2;2;11;7;8;3;2020;33;1;3;4;1;1;7113701;2022-10-07;-5;
3;6;7;53;2;2;7;7;1;3;1991;59;1;4;4;1;1;7113702;2022-10-07;-6;
1;5;6;43;2;2;7;7;1;4;2005;48;1;4;4;1;1;7113703;2022-10-11;-5;
1;7;5;32;2;2;9;7;8;4;2013;37;1;4;4;1;1;7113704;2022-10-11;-5;
3;5;5;49;2;2;7;7;1;3;1995;62;;2;4;1;1;7113705;2022-10-12;-13;
1;6;5;37;2;2;9;7;8;1;1999;47;1;4;4;1;1;7113706;2022-10-14;-10;
1;3;4;64;2;2;9;7;1;4;1989;69;2;3;3;1;1;7113801;2022-10-20;-5;
3;4;4;34;1;1;9;7;8;3;2016;31;1;3;4;1;1;7113802;2022-10-20;3;
3;6;6;47;1;1;7;7;8;4;2019;33;1;3;4;1;1;7113804;2022-10-21;14;
2;4;4;36;2;2;9;7;1;5;2019;35;1;4;3;1;1;7113805;2022-10-21;1;
3;5;7;67;1;1;9;7;8;3;1989;72;1;4;3;1;1;7113806;2022-10-21;-5;
3;4;6;38;1;1;9;7;8;4;2012;31;2;4;4;1;1;7113807;2022-10-21;7;
3;4;5;66;2;2;9;7;1;3;1980;70;2;4;4;1;1;7113903;2022-09-26;-4;
3;5;6;44;1;1;11;7;1;4;2014;30;1;4;4;1;1;7113904;2022-10-23;14;
3;7;6;34;1;1;9;7;8;3;2019;25;1;4;4;1;1;7113905;2022-10-23;9;
1;4;5;63;2;2;7;7;1;2;1975;73;1;2;4;1;1;7113906;2022-10-23;-10;
3;4;5;22;2;2;14;7;8;3;2021;31;1;4;5;1;1;7114003;2022-09-19;-9;
3;5;3;31;1;1;14;7;2;5;2021;22;1;3;4;1;1;7114004;2022-09-19;9;
3;6;7;57;1;1;9;7;6;3;2012;49;1;3;3;1;1;7114107;2022-10-22;8;
3;7;7;36;2;2;9;7;1;3;2008;35;1;4;4;1;1;7114110;2022-10-22;1;
2;6;6;54;2;2;7;7;1;2;1989;57;2;3;3;1;1;7114506;2022-10-10;-3;
2;6;6;53;2;2;11;7;2;2;2022;53;2;2;4;1;1;7114604;2022-10-07;0;
1;7;7;45;2;2;7;7;1;2;1992;45;1;4;4;1;1;7114805;2022-08-30;0;
2;3;6;54;2;2;7;7;1;2;1996;48;1;4;4;1;1;7114807;2022-08-23;6;
1;6;7;52;2;2;9;7;1;2;1991;57;1;4;5;1;1;7114808;2022-10-20;-5;
2;2;7;67;2;2;7;7;5;2;1975;69;2;4;4;1;1;7114901;2022-08-31;-2;
2;6;7;38;2;2;9;7;2;2;2012;36;1;4;4;1;1;7115001;2022-09-28;2;
3;7;6;43;1;1;11;7;1;4;2003;43;1;4;4;1;1;7115003;2022-10-14;0;
1;7;6;44;2;2;7;7;1;2;2017;39;1;4;3;1;1;7115004;2022-09-28;5;
3;5;7;54;1;1;9;7;2;4;2021;44;1;4;4;1;1;7115007;2022-09-30;10;
2;7;7;36;2;2;7;7;2;2;2001;38;1;4;4;1;1;7115008;2022-09-29;-2;
1;6;5;33;2;2;11;7;1;2;2007;45;1;2;4;1;1;7115010;2022-09-29;-12;
3;7;6;20;1;1;9;7;8;2;2021;20;2;5;3;1;1;7115201;2022-09-26;0;
1;7;6;29;1;1;7;7;2;2;2019;44;1;4;3;1;1;7115202;2022-09-27;-15;
1;6;6;48;1;1;9;7;2;2;2017;48;1;4;4;1;1;7115203;2022-09-26;0;
3;5;7;65;1;1;9;7;1;4;1978;60;1;4;3;1;1;7115403;2022-09-23;5;
1;6;7;23;2;2;9;7;1;2;2019;39;1;4;4;1;1;7115404;2022-09-23;-16;
3;3;6;74;1;1;7;7;1;4;1972;67;2;2;3;1;1;7115407;2022-09-23;7;
2;6;7;57;2;2;7;7;1;2;1987;60;2;2;3;1;1;7115409;2022-10-12;-3;
3;5;7;75;1;1;15;7;1;4;1973;73;1;4;4;1;1;7115503;2022-10-09;2;
1;7;7;47;2;2;9;7;1;2;2003;46;1;5;5;1;1;7115507;2022-10-08;1;
3;6;6;55;2;2;9;7;1;3;1990;58;1;4;4;1;1;7115508;2022-10-09;-3;
1;3;5;61;1;1;7;7;1;2;1988;53;2;3;2;1;1;7115602;2022-10-21;8;
2;4;6;56;2;2;9;7;1;2;1986;57;1;4;4;1;1;7115604;2022-10-21;-1;
1;7;7;45;2;2;7;7;1;6;1993;57;1;3;4;1;1;7115605;2022-10-23;-12;
1;7;7;55;2;2;9;7;1;6;1998;62;1;4;4;1;1;7115607;2022-10-23;-7;
1;1;5;57;2;2;7;7;1;6;1992;67;2;1;4;1;1;7115608;2022-10-22;-10;
3;7;6;58;1;1;13;7;1;4;1994;53;1;4;4;1;1;7115609;2022-10-27;5;
1;6;5;51;2;2;7;7;1;6;1993;64;1;3;2;1;1;7115610;2022-10-23;-13;
1;7;7;62;2;2;1;7;2;2;2004;49;1;4;5;1;1;7115702;2022-10-06;13;
1;5;5;33;2;2;10;7;1;6;2011;44;1;4;4;1;1;7115705;2022-10-07;-11;
3;7;7;70;1;6;13;7;1;2;2010;29;1;5;4;1;1;7115707;2022-10-08;41;
3;6;6;47;2;2;15;7;1;3;1992;66;1;4;4;1;1;7115801;2022-10-15;-19;
3;7;5;30;2;2;13;7;8;2;2011;34;1;3;5;1;1;7115804;2022-10-18;-4;
3;6;6;42;2;2;15;7;2;3;2016;45;1;4;4;1;1;7115810;2022-10-18;-3;
3;7;7;42;2;2;13;7;2;4;2015;42;1;5;3;1;1;7115901;2022-10-18;0;
1;7;6;29;2;2;7;7;2;6;2013;30;1;4;3;1;1;7115902;2022-10-20;-1;
1;7;6;33;2;2;13;7;1;6;2014;31;1;4;4;1;1;7115906;2022-10-18;2;
1;4;5;46;2;2;13;7;1;6;1997;57;1;3;3;1;1;7115907;2022-10-19;-11;
3;7;7;66;1;1;9;7;1;4;1981;70;1;3;3;1;1;7115908;2022-10-19;-4;
3;7;7;41;1;1;11;7;2;3;2005;40;1;3;4;1;1;7116002;2022-10-01;1;
3;5;6;48;1;1;7;7;2;4;2001;40;1;4;4;1;1;7116003;2022-10-05;8;
2;6;5;23;1;1;14;7;8;2;2021;25;1;3;4;1;1;7116004;2022-10-01;-2;
2;6;6;40;2;2;7;7;1;2;1997;43;1;4;4;1;1;7116007;2022-10-01;-3;
2;6;5;69;2;2;8;7;1;2;1979;68;2;2;2;1;1;7116108;2022-10-22;1;
1;6;6;55;2;2;7;7;1;2;1989;61;2;3;4;1;1;7116202;2022-09-09;-6;
3;7;7;20;2;2;12;7;8;2;2021;28;1;4;4;1;1;7116205;2022-09-08;-8;
2;6;5;64;2;2;7;7;8;2;1990;57;1;3;3;1;1;7116210;2022-09-14;7;
2;6;7;28;2;2;11;7;8;2;2015;28;1;4;4;1;1;7116401;2022-08-19;0;
2;6;6;40;2;2;7;7;1;2;2000;45;1;4;4;1;1;7116407;2022-09-30;-5;
2;4;7;47;2;2;9;7;2;2;2019;46;1;3;4;1;1;7116502;2022-10-14;1;
2;4;6;65;2;2;7;7;2;2;2002;62;2;4;4;1;1;7116505;2022-10-15;3;
2;2;6;72;2;2;1;7;1;3;1970;84;1;3;3;1;1;7116507;2022-10-15;-12;
3;7;5;49;2;2;9;7;2;3;2016;51;1;4;4;1;1;7116603;2022-10-09;-2;
3;7;6;33;1;1;9;7;2;4;2012;31;1;3;4;1;1;7116610;2022-10-09;2;
1;4;6;64;2;2;7;7;1;2;1986;67;1;2;3;1;1;7116701;2022-09-13;-3;
2;6;6;49;2;2;7;7;2;2;2005;47;1;4;4;1;1;7116704;2022-09-12;2;
1;6;6;57;2;2;9;7;1;2;1985;56;1;4;4;1;1;7116707;2022-09-22;1;
3;3;6;77;1;1;8;7;1;4;1995;53;1;3;4;1;1;7116708;2022-09-26;24;
2;3;1;68;2;2;7;7;1;2;1970;73;2;2;3;1;1;7116802;2022-09-15;-5;
3;7;6;65;1;1;11;7;1;4;1982;60;1;4;4;1;1;7116809;2022-09-21;5;
2;3;6;85;2;2;6;7;1;3;2008;84;2;2;4;1;1;7116810;2022-09-21;1;
1;7;5;19;2;2;11;7;2;2;2017;20;1;3;3;1;1;7116902;2022-10-05;-1;
2;7;7;38;2;2;9;7;2;2;2003;40;1;4;4;1;1;7116903;2022-10-03;-2;
1;7;7;37;2;2;11;7;1;2;2006;37;1;3;4;1;1;7116904;2022-10-03;0;
1;7;4;48;2;2;11;7;8;2;1995;50;1;3;4;1;1;7116909;2022-10-06;-2;
3;5;7;50;2;2;9;7;7;3;2016;65;1;4;4;1;1;7117001;2022-08-12;-15;
1;7;7;24;2;2;13;7;2;2;2018;34;1;4;4;1;1;7117101;2022-10-03;-10;
1;6;6;40;2;2;7;7;1;4;2001;45;2;2;3;1;1;7117102;2022-10-03;-5;
1;7;7;23;2;2;11;7;2;2;2019;28;1;4;4;1;1;7117105;2022-10-06;-5;
2;7;7;24;2;2;9;7;2;2;2019;22;1;4;4;1;1;7117106;2022-10-05;2;
2;4;7;28;2;2;11;7;2;2;2012;32;1;3;4;1;1;7117107;2022-10-05;-4;
1;4;7;40;2;2;9;7;2;2;2011;38;1;4;4;1;1;7117109;2022-10-05;2;
1;7;3;31;2;2;11;7;1;2;2012;30;1;4;4;1;1;7117110;2022-10-05;1;
2;5;7;25;2;2;11;7;2;3;2021;23;1;4;4;1;1;7117301;2022-10-18;2;
2;7;7;66;2;2;7;7;1;3;1977;69;1;3;4;1;1;7117302;2022-10-18;-3;
2;1;5;71;2;2;6;7;1;4;1970;76;2;4;3;1;1;7117307;2022-10-19;-5;
3;6;6;53;1;1;7;7;2;4;2017;64;1;4;4;1;1;7117309;2022-10-20;-11;
2;5;7;60;2;2;9;7;1;2;1988;61;1;4;4;1;1;7117310;2022-10-20;-1;
2;1;6;66;2;2;9;7;1;2;1976;76;2;4;3;1;1;7117507;2022-10-17;-10;
2;4;5;66;1;1;7;7;1;2;2010;73;2;3;3;1;1;7117509;2022-10-17;-7;
3;5;5;53;1;1;7;7;1;4;2006;43;1;3;3;1;1;7119101;2022-10-20;10;
2;5;7;69;2;2;11;7;1;2;1999;68;1;4;3;1;1;7119103;2022-10-21;1;
1;7;7;45;2;2;7;7;1;4;1994;49;1;4;4;1;1;7119106;2022-10-21;-4;
1;3;6;76;2;2;7;7;1;3;1969;74;2;2;2;1;1;7119107;2022-10-21;2;
3;6;4;43;2;2;13;7;8;3;2019;57;1;4;4;1;1;7119501;2022-10-14;-14;
3;7;6;83;1;1;8;7;1;4;1967;79;2;2;3;1;1;7119502;2022-10-11;4;
1;6;7;52;2;2;9;7;1;6;2006;45;1;4;4;1;1;7119504;2022-10-10;7;
1;5;4;50;2;2;7;7;2;6;1986;57;1;3;3;1;1;7119505;2022-10-10;-7;
3;6;6;65;1;1;13;7;1;4;1980;65;1;4;4;1;1;7119506;2022-10-10;0;
1;5;6;62;2;2;10;7;1;6;1986;65;1;4;4;1;1;7119507;2022-10-14;-3;
2;4;6;85;1;1;6;7;1;2;1955;92;2;2;3;1;1;7119706;2022-09-06;-7;
2;6;6;74;2;2;7;7;1;1;1978;73;1;4;4;1;1;7119801;2022-10-12;1;
1;6;7;55;2;2;9;7;1;6;1997;59;2;2;3;1;1;7119807;2022-10-15;-4;
1;7;4;69;1;1;9;7;6;4;2020;65;1;4;2;1;1;7119808;2022-10-15;4;
2;6;6;37;2;2;15;7;1;4;2017;45;1;4;4;1;1;7120101;2022-09-21;-8;
3;6;6;19;1;1;11;7;8;5;2022;30;1;4;4;1;1;7120104;2022-09-24;-11;
3;7;7;47;1;1;7;7;1;2;2001;40;2;5;4;1;1;7120105;2022-09-24;7;
1;5;5;48;2;2;11;7;2;6;2006;48;1;4;4;1;1;7120110;2022-09-09;0;
3;5;5;52;1;1;7;7;1;4;1997;54;1;4;4;1;1;7120303;2022-09-29;-2;
3;6;7;63;1;1;7;7;2;5;1982;63;1;3;4;1;1;7120506;2022-10-18;0;
2;6;5;31;2;2;9;7;2;2;2010;35;1;3;3;1;1;7120507;2022-10-18;-4;
3;;5;50;1;1;9;7;1;3;1997;48;2;4;4;1;1;7120601;2022-10-11;2;
1;7;7;54;1;1;7;7;1;2;1995;55;1;4;4;1;1;7120602;2022-10-11;-1;
2;6;5;69;2;2;6;7;2;3;1985;57;1;3;3;1;1;7120603;2022-10-11;12;
2;;2;56;2;2;7;7;1;2;1980;72;2;2;2;1;1;7120605;2022-10-11;-16;
3;7;4;27;1;1;9;7;2;4;2015;28;1;4;4;1;1;7120606;2022-10-11;-1;
1;7;6;57;2;2;7;7;1;6;1980;61;1;4;4;1;1;7120607;2022-10-11;-4;
1;2;3;55;2;2;9;7;1;6;1982;58;2;2;3;1;1;7120609;2022-10-11;-3;
1;7;6;50;2;2;7;7;7;1;2001;45;1;3;3;1;1;7120610;2022-10-11;5;
1;4;5;49;1;1;7;7;2;2;2017;37;1;4;3;1;1;7120701;2022-10-19;12;
2;7;5;36;2;2;13;7;2;2;2019;34;1;4;4;1;1;7120706;2022-10-19;2;
3;3;4;62;2;2;7;7;5;5;2018;37;1;2;2;1;1;7120708;2022-10-19;25;
2;6;6;50;1;1;9;7;2;2;2019;39;1;2;3;1;1;7120903;2022-10-03;11;
1;5;5;39;2;2;9;7;1;6;1999;60;1;3;3;1;1;7121104;2022-09-01;-21;
3;7;7;37;2;2;13;7;6;2;2010;37;1;4;4;1;1;7121105;2022-09-01;0;
3;7;5;29;2;2;15;7;8;3;2018;29;1;3;4;1;1;7121109;2022-09-02;0;
3;6;6;31;2;2;13;7;2;4;2017;37;1;4;4;1;1;7121202;2022-09-07;-6;
1;;5;59;2;2;11;7;1;4;1989;55;1;3;4;1;1;7121203;2022-09-08;4;
2;7;5;27;2;2;7;7;1;6;2013;30;1;3;4;1;1;7121208;2022-09-29;-3;
1;6;6;46;2;2;15;7;1;6;2003;45;1;3;4;1;1;7121301;2022-09-05;1;
2;6;3;25;2;2;14;7;2;1;2016;26;1;3;4;1;1;7121302;2022-09-07;-1;
2;6;5;39;1;1;14;7;1;2;2009;40;1;3;4;1;1;7121303;2022-09-13;-1;
3;7;7;29;1;1;9;7;2;4;2015;28;1;4;4;1;1;7121306;2022-09-14;1;
1;7;5;65;2;2;1;7;1;5;1977;67;1;3;3;1;1;7121307;2022-09-14;-2;
1;7;6;58;2;2;9;7;1;6;1982;62;1;4;4;1;1;7121309;2022-09-29;-4;
1;6;5;47;2;2;9;7;2;2;1990;48;1;3;4;1;1;7121502;2022-10-06;-1;
2;7;6;55;1;1;7;7;1;2;1988;58;1;3;4;1;1;7121503;2022-10-06;-3;
3;7;7;61;1;1;7;7;2;4;2002;66;1;4;3;1;1;7121504;2022-10-06;-5;
3;;3;57;2;2;9;7;8;2;1990;54;1;2;1;1;1;7121506;2022-10-06;3;
1;7;7;64;2;2;7;7;1;4;1974;65;1;3;3;1;1;7121604;2022-10-05;-1;
1;7;5;20;2;2;9;7;2;2;2018;22;1;4;3;1;1;7121605;2022-10-05;-2;
1;;5;60;1;1;7;7;1;2;1985;59;2;2;3;1;1;7121609;2022-10-06;1;
1;7;6;53;2;2;7;7;1;2;1990;53;2;4;3;1;1;7121708;2022-10-06;0;
3;4;5;73;2;2;8;7;1;3;1967;73;2;3;3;1;1;7121801;2022-09-29;0;
3;5;3;60;2;2;7;7;1;3;1988;63;2;2;3;1;1;7121804;2022-09-29;-3;
3;7;4;44;2;2;9;7;8;3;2000;34;1;4;3;1;1;7121805;2022-09-29;10;
1;6;7;62;2;2;9;7;1;6;1995;60;1;4;4;1;1;7121807;2022-10-01;2;
3;6;7;66;1;1;9;7;1;3;1978;70;1;4;4;1;1;7121809;2022-10-01;-4;
3;6;7;65;1;1;7;7;1;2;1992;70;1;3;5;1;1;7121810;2022-10-01;-5;
3;7;6;36;2;2;15;7;8;2;2010;33;1;4;4;1;1;7121903;2022-10-20;3;
3;2;5;31;2;2;14;7;2;3;2019;30;2;2;3;1;1;7121906;2022-10-20;1;
1;5;5;39;2;2;9;7;2;1;2013;49;1;3;4;1;1;7122002;2022-09-30;-10;
3;4;4;95;1;1;6;7;2;3;1996;79;2;3;3;1;1;7122005;2022-09-30;16;
3;;1;61;2;2;7;7;1;3;1982;61;2;2;3;1;1;7122006;2022-09-30;0;
1;;6;48;2;2;9;7;2;4;1999;47;1;4;3;1;1;7122007;2022-09-30;1;
1;7;6;34;1;1;9;7;8;2;2022;36;1;4;4;1;1;7122008;2022-09-30;-2;
3;7;5;39;2;2;9;7;1;2;2005;41;1;4;4;1;1;7122009;2022-09-30;-2;
3;7;7;57;2;2;13;7;2;4;2000;54;;4;4;1;1;7122010;2022-09-29;3;
3;1;7;72;2;2;6;7;1;1;1966;76;2;1;3;1;1;7122101;2022-10-06;-4;
2;4;6;61;2;2;7;7;1;2;1995;60;2;4;5;1;1;7122106;2022-10-13;1;
2;6;1;58;2;2;6;7;1;2;2012;65;1;2;3;1;1;7122108;2022-10-13;-7;
1;7;7;54;2;2;9;7;1;1;2009;64;1;5;4;1;1;7122207;2022-09-27;-10;
2;7;6;41;2;2;15;7;2;3;2018;46;1;3;4;1;1;7122501;2022-09-09;-5;
3;1;7;75;1;1;6;7;8;3;1960;78;2;2;2;1;1;7122508;2022-09-28;-3;
3;6;2;28;2;2;12;7;8;3;2018;25;1;4;4;1;1;7122510;2022-09-28;3;
3;6;5;70;2;2;8;7;1;3;1984;68;1;3;3;1;1;7122901;2022-09-14;2;
3;6;3;69;2;2;6;7;1;3;1969;77;2;1;3;1;1;7122902;2022-09-14;-8;
1;7;3;53;1;2;9;7;2;2;2014;48;1;3;5;1;1;7122903;2022-09-14;5;
2;5;7;69;2;2;7;7;1;2;1974;69;2;4;3;1;1;7122904;2022-09-14;0;
3;;4;76;2;2;6;7;1;3;1961;84;2;3;3;1;1;7122909;2022-09-15;-8;
3;7;7;32;1;1;9;7;1;2;2018;33;1;4;4;1;1;7123002;2022-09-09;-1;
1;7;5;19;2;2;9;7;8;6;2022;24;1;3;4;1;1;7123006;2022-09-09;-5;
3;7;7;31;2;2;9;7;1;2;2016;30;1;3;4;1;1;7123007;2022-09-09;1;
3;1;7;78;2;2;6;7;1;2;1962;82;;2;3;1;1;7123103;2022-10-12;-4;
3;;6;67;2;2;9;7;1;2;1974;70;2;3;4;1;1;7123104;2022-10-12;-3;
3;6;5;66;2;2;7;7;2;4;2001;60;1;3;3;1;1;7123105;2022-10-12;6;
2;7;6;62;2;2;9;7;2;2;1985;63;;4;3;1;1;7123106;2022-10-12;-1;
2;7;7;51;2;2;9;7;2;2;2011;58;1;4;4;1;1;7123107;2022-10-12;-7;
3;6;5;50;1;1;11;7;2;4;2017;32;1;3;4;1;1;7123108;2022-10-12;18;
3;;7;82;1;1;1;7;1;4;1962;80;2;4;3;1;1;7123201;2022-09-15;2;
3;5;4;80;1;1;7;7;1;2;1968;70;1;3;2;1;1;7123203;2022-09-15;10;
2;5;6;66;2;2;9;7;1;2;1985;70;;3;4;1;1;7123206;2022-09-15;-4;
3;4;4;71;2;2;7;7;2;4;1973;76;2;3;3;1;1;7123208;2022-09-15;-5;
3;5;6;72;1;1;9;7;1;4;1980;61;2;3;4;1;1;7123209;2022-09-26;11;
2;6;4;53;2;2;9;7;1;1;1984;53;2;4;4;1;1;7123308;2022-09-13;0;
3;7;7;66;1;1;7;7;1;4;1981;62;1;3;4;1;1;7123309;2022-09-13;4;
3;7;7;68;1;1;7;7;1;3;1975;70;1;3;4;1;1;7123310;2022-09-13;-2;
3;7;7;66;2;2;9;7;2;3;1960;65;1;2;4;1;1;7123403;2022-09-06;1;
3;6;7;29;1;1;11;7;2;2;2014;24;1;5;4;1;1;7123405;2022-09-08;5;
1;6;6;57;2;2;11;7;1;6;1987;65;1;4;4;1;1;7123406;2022-09-06;-8;
3;1;6;68;1;1;1;7;1;2;1973;69;2;2;3;1;1;7123408;2022-09-06;-1;
2;6;7;38;2;2;7;7;1;2;1999;45;1;4;4;1;1;7123409;2022-09-06;-7;
2;1;3;71;1;1;6;7;1;1;1967;66;1;2;3;1;1;7123504;2022-10-06;5;
1;6;5;54;2;2;9;7;1;6;1985;58;1;4;4;1;1;7123505;2022-10-06;-4;
1;4;6;69;2;2;6;7;1;3;1969;74;2;3;3;1;1;7123508;2022-10-06;-5;
3;7;7;22;2;2;9;7;1;4;2018;31;1;5;5;1;1;7123509;2022-10-06;-9;
1;7;7;36;1;1;9;7;2;2;2019;33;2;4;3;1;1;7123604;2022-10-04;3;
3;7;7;75;1;1;7;7;1;3;1966;82;1;4;4;1;1;7123606;2022-10-04;-7;
2;7;6;51;2;2;9;7;1;1;1986;57;1;4;4;1;1;7123607;2022-10-04;-6;
2;4;5;74;2;2;6;7;1;2;1966;80;2;4;4;1;1;7123904;2022-09-27;-6;
2;6;6;75;1;1;7;7;2;2;1998;78;1;4;3;1;1;7123909;2022-09-28;-3;
2;6;6;32;2;2;9;7;1;6;2003;42;1;3;4;1;1;7124205;2022-09-12;-10;
1;1;5;61;2;2;9;7;1;1;1995;64;2;2;2;1;1;7124208;2022-09-12;-3;
3;7;6;40;2;2;17;7;8;1;2021;51;1;3;5;1;1;7124302;2022-09-07;-11;
3;5;4;57;2;2;13;7;1;3;1990;57;1;3;2;1;1;7124303;2022-09-06;0;
3;7;7;33;2;2;15;7;8;5;2002;38;1;3;4;1;1;7124304;2022-08-31;-5;
2;1;5;53;2;2;7;7;1;3;1987;66;2;2;2;1;1;7124305;2022-08-26;-13;
3;7;6;23;1;1;12;7;8;3;2021;19;1;5;4;1;1;7124306;2022-08-26;4;
2;5;6;70;2;2;10;7;1;2;1980;70;2;4;4;1;1;7124309;2022-09-05;0;
2;6;1;78;2;2;7;7;1;2;1980;74;2;1;3;1;1;7124401;2022-09-21;4;
1;6;4;34;2;2;7;7;1;6;2014;29;1;3;3;1;1;7124402;2022-09-21;5;
3;6;7;62;1;1;11;7;1;4;1980;72;1;4;3;1;1;7124408;2022-09-22;-10;
3;6;5;48;1;1;11;7;1;3;1994;48;1;4;3;1;1;7124410;2022-09-22;0;
3;2;6;41;1;1;11;7;1;4;2010;38;1;4;4;1;1;7124602;2022-10-14;3;
1;7;7;33;2;2;13;7;1;6;2012;33;1;4;5;1;1;7124604;2022-10-14;0;
3;1;5;82;1;1;8;7;1;3;1959;91;2;3;3;1;1;7124607;2022-10-20;-9;
3;7;6;21;1;1;11;7;8;3;2022;21;2;3;5;1;1;7124802;2022-09-05;0;
2;7;5;34;2;2;9;7;1;2;2013;33;1;4;4;1;1;7124810;2022-09-05;1;
3;;6;80;1;1;6;7;1;2;1990;73;;4;3;1;1;7124901;2022-09-08;7;
3;;7;65;2;2;7;7;2;3;1995;65;2;3;4;1;1;7124902;2022-09-08;0;
3;7;5;38;1;1;9;7;8;3;2017;38;1;4;4;1;1;7124905;2022-08-31;0;
1;6;3;63;2;2;9;7;1;3;1979;67;2;3;3;1;1;7124907;2022-09-09;-4;
2;3;7;58;2;2;7;7;2;2;1986;68;1;3;3;1;1;7124908;2022-09-08;-10;
1;7;7;58;2;2;9;7;1;6;1986;58;1;4;5;1;1;7124909;2022-09-08;0;
3;3;4;44;1;1;9;7;8;3;2019;43;1;2;3;1;1;7124910;2022-09-09;1;
2;6;6;41;2;2;9;7;1;4;2013;44;1;4;5;1;1;7125110;2022-10-11;-3;
2;7;7;46;1;1;15;7;6;4;2020;43;1;5;5;1;1;7125503;2022-11-08;3;
3;7;5;24;2;2;13;7;8;4;2022;26;1;4;4;1;1;7125805;2022-11-09;-2;
3;7;5;22;2;2;14;7;8;1;2022;23;1;4;4;1;1;7125808;2022-11-11;-1;
3;7;7;25;1;1;9;7;8;5;2017;25;1;5;5;1;1;7127903;2022-11-08;0;
3;7;5;20;2;2;14;7;8;6;2021;20;1;4;5;1;1;7127904;2022-11-08;0;
1;4;7;43;2;2;15;8;1;6;2010;43;2;4;4;1;1;8100103;2022-09-20;0;
1;7;3;47;2;2;7;8;6;6;1999;56;1;4;4;1;1;8100104;2022-09-22;-9;
3;7;5;21;2;2;9;8;8;5;2018;22;1;3;3;1;1;8100108;2022-10-05;-1;
1;6;5;38;2;2;15;8;1;2;2016;42;1;3;4;1;1;8100109;2022-10-05;-4;
2;;6;40;2;2;9;8;1;6;2010;45;1;4;4;1;1;8100201;2022-08-27;-5;
3;6;5;60;1;1;14;8;1;3;2002;50;1;4;4;1;1;8100208;2022-09-20;10;
3;7;7;36;1;1;13;8;1;3;2010;32;1;5;5;1;1;8100210;2022-09-20;4;
3;6;6;67;2;2;9;8;1;4;1976;99;1;3;4;1;1;8100403;2022-09-29;-32;
2;6;4;43;2;2;17;8;1;3;2011;55;1;4;4;1;1;8100407;2022-10-03;-12;
3;6;6;35;2;2;9;8;1;3;2012;40;1;4;5;1;1;8100502;2022-10-06;-5;
3;6;6;45;2;2;9;8;1;3;1998;51;1;4;4;1;1;8100505;2022-10-06;-6;
1;6;6;62;2;2;7;8;1;2;1976;65;1;4;4;1;1;8100506;2022-10-07;-3;
3;6;6;32;2;2;9;8;2;3;2010;33;1;4;4;1;1;8100509;2022-10-07;-1;
1;6;7;48;2;2;9;8;1;2;1997;50;1;4;4;1;1;8100602;2022-10-03;-2;
3;6;6;32;1;1;9;8;1;3;2012;30;1;5;5;1;1;8100610;2022-10-03;2;
1;7;7;51;2;2;9;8;1;6;1988;58;1;4;4;1;1;8100802;2022-09-30;-7;
3;7;7;57;2;2;7;8;1;3;1989;60;1;4;4;1;1;8100803;2022-09-30;-3;
2;6;6;54;2;2;7;8;1;2;1986;55;1;2;3;1;1;8100806;2022-09-30;-1;
3;6;3;54;2;2;9;8;1;3;1987;58;2;4;4;1;1;8100807;2022-09-30;-4;
3;7;6;50;2;2;9;8;1;3;1993;55;1;4;4;1;1;8100808;2022-09-30;-5;
2;6;5;60;2;2;9;8;1;3;1982;65;1;4;4;1;1;8100809;2022-09-30;-5;
3;7;6;56;1;1;9;8;1;4;2005;60;1;4;5;1;1;8100810;2022-09-30;-4;
3;7;6;25;2;2;15;8;8;3;2022;24;1;4;5;1;1;8101102;2022-09-22;1;
3;6;4;29;1;1;15;8;8;3;2022;30;1;4;3;1;1;8101104;2022-10-10;-1;
3;6;4;32;2;2;15;8;8;4;2022;29;1;3;3;1;1;8101109;2022-10-17;3;
3;6;5;29;1;1;12;8;8;4;2021;30;1;3;4;1;1;8101110;2022-10-17;-1;
3;4;4;46;1;1;14;8;8;3;2022;36;1;3;3;1;1;8101501;2022-08-23;10;
1;6;7;23;2;2;9;8;8;6;2017;22;1;4;3;1;1;8101601;2022-10-06;1;
3;5;6;84;1;1;8;8;1;4;1966;80;2;4;4;1;1;8101603;2022-10-07;4;
3;6;6;73;1;1;17;8;1;4;1970;68;2;4;4;1;1;8101604;2022-10-07;5;
1;7;7;34;2;2;9;8;1;6;2010;42;1;3;5;1;1;8101607;2022-10-11;-8;
3;6;7;61;1;1;15;8;1;4;1985;65;1;5;5;1;1;8101608;2022-10-11;-4;
3;5;6;63;2;2;15;8;1;3;1997;65;1;4;4;1;1;8101701;2022-10-18;-2;
3;5;4;30;2;2;12;8;8;4;2021;29;1;4;3;1;1;8101702;2022-10-18;1;
2;7;6;20;2;2;9;8;8;2;2021;26;1;4;4;1;1;8101708;2022-10-20;-6;
2;6;6;73;2;2;9;8;1;2;1974;71;1;3;4;1;1;8101709;2022-10-20;2;
1;7;6;45;2;2;9;8;1;1;2002;49;1;4;4;1;1;8101801;2022-09-26;-4;
2;6;6;45;2;2;9;8;1;2;1999;45;1;3;5;1;1;8102001;2022-10-06;0;
1;6;6;62;2;2;9;8;1;6;1981;62;1;5;4;1;1;8102003;2022-10-06;0;
3;4;5;33;1;1;9;8;8;1;2018;32;2;4;3;1;1;8102004;2022-10-06;1;
1;6;6;46;2;2;9;8;1;6;1993;49;1;3;4;1;1;8102008;2022-10-08;-3;
1;6;6;37;2;2;9;8;1;2;2015;40;;4;4;1;1;8102108;2022-09-14;-3;
3;6;6;28;1;1;9;8;2;4;2017;27;1;4;4;1;1;8102110;2022-09-14;1;
1;7;7;60;2;2;9;8;1;6;2012;65;1;4;4;1;1;8102401;2022-10-03;-5;
3;7;7;50;2;2;13;8;2;2;2011;46;1;4;4;1;1;8102402;2022-10-03;4;
2;7;4;37;2;2;9;8;2;2;2010;41;1;4;4;1;1;8102610;2022-09-13;-4;
3;7;7;50;1;1;9;8;1;4;1999;47;1;4;5;1;1;8102701;2022-09-30;3;
3;6;5;29;1;1;9;8;8;5;2018;25;1;4;4;1;1;8102702;2022-09-30;4;
3;5;5;30;2;2;13;8;8;3;2020;26;1;3;4;1;1;8102703;2022-09-30;4;
3;1;5;58;2;2;7;8;8;1;1979;72;1;3;3;1;1;8102705;2022-10-08;-14;
3;7;5;65;1;1;13;8;1;3;1980;64;1;4;4;1;1;8102706;2022-10-17;1;
3;7;6;32;2;2;14;8;8;3;2017;34;1;4;4;1;1;8102708;2022-10-17;-2;
2;6;6;47;2;2;9;8;1;4;1999;53;1;3;4;1;1;8102805;2022-10-10;-6;
2;6;5;32;2;2;9;8;8;3;2014;40;1;4;4;1;1;8102809;2022-10-12;-8;
3;5;5;38;1;1;9;8;8;;2016;36;1;4;4;1;1;8103004;2022-10-17;2;
3;6;6;30;2;2;13;8;1;;2021;33;1;4;4;1;1;8103006;2022-10-19;-3;
2;6;6;55;2;2;9;8;1;2;1993;57;1;4;4;1;1;8103108;2022-09-14;-2;
2;6;6;52;2;2;13;8;1;2;1990;58;1;4;4;1;1;8103203;2022-09-13;-6;
3;;5;58;2;2;9;8;1;3;1980;62;1;4;4;1;1;8103210;2022-09-08;-4;
2;4;6;63;2;2;9;8;8;1;1990;73;2;4;3;1;1;8103302;2022-08-27;-10;
1;6;6;23;2;2;11;8;8;6;2017;24;1;4;3;1;1;8103310;2022-08-19;-1;
2;6;5;22;2;2;12;8;8;2;2020;23;1;4;4;1;1;8103801;2022-10-03;-1;
3;6;6;22;2;2;13;8;2;3;2019;22;1;4;4;1;1;8103802;2022-10-03;0;
3;5;5;48;2;2;8;8;2;3;2020;52;1;4;4;1;1;8103805;2022-10-03;-4;
3;5;5;25;1;1;11;8;2;3;2021;23;1;4;4;1;1;8103807;2022-10-03;2;
2;7;6;28;1;1;9;8;1;4;2015;27;1;5;4;1;1;8103903;2022-10-03;1;
2;7;6;38;1;1;9;8;2;4;2010;39;1;4;4;1;1;8103905;2022-10-03;-1;
1;7;6;42;2;2;9;8;1;2;2007;44;1;5;4;1;1;8103906;2022-10-03;-2;
2;4;5;65;1;1;7;8;1;3;2003;58;1;3;4;1;1;8103908;2022-10-03;7;
1;7;7;24;2;2;7;8;8;6;2018;34;1;4;3;1;1;8104003;2022-09-20;-10;
3;6;6;41;1;1;12;8;2;4;2022;39;1;4;3;1;1;8104007;2022-09-20;2;
3;7;4;22;1;1;9;8;8;3;2022;22;1;2;3;1;1;8104009;2022-09-20;0;
3;5;5;36;2;2;9;8;2;3;2010;40;1;4;5;1;1;8104101;2022-10-16;-4;
2;5;5;25;2;2;9;8;2;6;2020;28;1;4;4;1;1;8104102;2022-10-16;-3;
3;5;4;28;2;2;9;8;8;3;2020;25;1;4;3;1;1;8104107;2022-10-16;3;
2;6;5;52;2;2;9;8;1;3;2002;55;1;4;4;1;1;8104108;2022-10-16;-3;
1;6;5;53;2;2;9;8;1;2;2000;54;2;3;4;1;1;8104201;2022-09-13;-1;
1;6;6;47;2;2;7;8;1;6;1992;54;1;5;4;1;1;8104204;2022-09-13;-7;
1;7;6;48;2;2;11;8;1;2;1996;50;1;4;4;1;1;8104208;2022-09-13;-2;
3;7;7;62;1;1;9;8;1;3;1980;59;1;4;4;1;1;8104210;2022-09-13;3;
1;7;6;34;2;2;9;8;6;1;2015;28;1;4;4;1;1;8104407;2022-09-12;6;
1;7;7;40;2;2;9;8;1;6;2006;45;1;5;4;1;1;8104408;2022-09-12;-5;
3;7;7;54;1;1;9;8;1;3;2004;40;1;4;4;1;1;8104501;2022-10-07;14;
3;7;6;40;2;2;13;8;1;3;2004;40;1;5;4;1;1;8104502;2022-10-05;0;
2;6;6;58;2;2;13;8;1;2;1992;59;1;4;4;1;1;8104503;2022-10-07;-1;
3;7;6;33;1;1;13;8;1;3;2016;35;1;5;4;1;1;8104506;2022-10-07;-2;
2;6;6;34;2;2;13;8;1;2;2012;38;1;5;5;1;1;8104507;2022-10-07;-4;
1;1;6;61;2;2;9;8;1;6;1982;65;2;2;3;1;1;8104701;2022-09-13;-4;
3;6;7;41;2;2;15;8;1;6;2003;41;1;4;4;1;1;8104702;2022-09-12;0;
3;1;6;74;2;2;7;8;1;3;1969;75;2;2;4;1;1;8104703;2022-09-13;-1;
1;3;5;39;2;2;9;8;1;6;2003;45;1;3;4;1;1;8104706;2022-09-23;-6;
2;6;4;34;1;1;9;8;8;2;2020;35;1;3;4;1;1;8104707;2022-09-23;-1;
3;5;5;39;2;2;9;8;8;2;2012;46;1;3;3;1;1;8104709;2022-10-06;-7;
3;2;3;19;2;2;9;8;8;3;2021;27;1;4;3;1;1;8104710;2022-10-06;-8;
2;7;1;31;1;1;15;8;2;1;2022;29;1;5;4;1;1;8105002;2022-08-30;2;
3;5;5;29;1;1;13;8;8;;2018;99;1;3;4;1;1;8105003;2022-09-09;-70;
2;7;7;51;1;1;13;8;1;3;1998;48;1;4;4;1;1;8105009;2022-09-12;3;
3;5;6;68;2;2;8;8;1;4;1975;74;2;2;3;1;1;8105010;2022-09-14;-6;
1;7;5;55;2;2;7;8;1;6;1985;55;1;2;4;1;1;8105202;2022-10-05;0;
3;6;5;52;1;1;7;8;1;4;1992;52;1;3;3;1;1;8105206;2022-10-05;0;
1;6;6;58;2;2;7;8;1;2;1980;63;2;4;4;1;1;8105208;2022-10-05;-5;
3;7;7;23;2;2;11;8;8;3;2015;30;1;4;4;1;1;8105209;2022-10-05;-7;
2;5;7;49;2;2;11;8;1;2;1997;49;1;4;5;1;1;8105210;2022-10-05;0;
1;7;7;41;2;2;9;8;1;2;2007;41;1;4;5;1;1;8105401;2022-10-05;0;
3;7;6;77;1;1;7;8;1;4;1975;71;1;4;3;1;1;8105403;2022-10-05;6;
3;6;6;76;1;1;7;8;1;3;1973;74;2;3;3;1;1;8105404;2022-10-05;2;
1;5;6;58;2;2;7;8;1;6;1980;60;2;3;3;1;1;8105405;2022-10-05;-2;
3;6;6;27;1;1;9;8;1;3;2010;25;1;4;4;1;1;8105503;2022-09-14;2;
3;7;6;28;2;2;15;8;8;4;2020;30;1;5;4;1;1;8105608;2022-09-13;-2;
3;7;6;24;1;1;14;8;8;3;2021;29;1;5;4;1;1;8105609;2022-09-13;-5;
3;7;7;23;2;2;11;8;2;3;2018;28;1;4;4;1;1;8105708;2022-10-05;-5;
3;7;7;35;1;1;9;8;2;3;2015;35;1;5;5;1;1;8105709;2022-10-05;0;
3;2;4;70;1;1;8;8;1;3;1964;65;2;3;3;1;1;8105801;2022-10-08;5;
2;;5;53;2;2;9;8;1;4;1990;58;1;4;4;1;1;8105810;2022-10-09;-5;
2;6;5;26;1;1;8;8;8;4;2021;24;1;5;5;1;1;8105901;2022-09-22;2;
3;5;5;29;1;1;9;8;8;3;2022;26;1;5;4;1;1;8105906;2022-09-23;3;
3;6;7;46;1;1;9;8;1;5;2000;45;1;4;5;1;1;8106301;2022-09-23;1;
1;6;6;49;2;2;9;8;1;1;2003;50;1;4;4;1;1;8106303;2022-09-23;-1;
3;7;6;33;1;1;9;8;1;5;2016;35;1;5;4;1;1;8106310;2022-09-23;-2;
3;3;3;64;1;1;9;8;1;5;1981;70;;3;3;1;1;8106501;2022-09-01;-6;
3;5;5;68;1;1;7;8;1;4;1993;59;1;4;4;1;1;8106504;2022-09-01;9;
1;7;7;40;2;2;9;8;1;1;2008;42;1;5;5;1;1;8106507;2022-09-01;-2;
2;6;5;45;1;1;7;8;1;4;2003;40;1;3;3;1;1;8106609;2022-10-26;5;
3;7;7;73;1;1;10;8;7;4;2018;66;1;5;5;1;1;8106701;2022-09-02;7;
3;6;3;24;1;1;9;8;8;3;2021;23;1;5;5;1;1;8106703;2022-09-02;1;
3;7;7;45;2;2;9;8;1;3;2012;45;1;5;4;1;1;8106704;2022-09-02;0;
3;6;6;35;1;1;9;8;1;3;2012;32;1;4;5;1;1;8106802;2022-09-06;3;
3;6;6;35;2;2;9;8;1;2;2006;37;1;5;4;1;1;8106805;2022-09-06;-2;
3;6;5;47;1;1;11;8;1;4;1990;50;1;5;5;1;1;8106807;2022-09-06;-3;
3;6;6;28;2;2;9;8;2;3;2012;30;1;4;5;1;1;8106901;2022-09-03;-2;
3;7;7;29;2;2;11;8;2;;2014;32;1;5;5;1;1;8106903;2022-09-03;-3;
2;5;6;68;1;1;13;8;1;4;1977;66;1;4;5;1;1;8106907;2022-09-03;2;
3;7;7;55;1;1;11;8;1;3;1999;50;1;5;5;1;1;8107102;2022-08-31;5;
1;4;4;50;1;1;7;8;1;2;2010;47;1;4;4;1;1;8107105;2022-08-31;3;
1;7;7;50;2;2;9;8;1;2;2020;51;1;5;5;1;1;8107108;2022-08-31;-1;
3;3;3;80;1;1;8;8;1;3;1973;70;2;3;3;1;1;8107201;2022-10-14;10;
3;5;7;71;2;2;7;8;1;3;1977;71;2;4;3;1;1;8107206;2022-10-14;0;
3;5;5;68;1;1;9;8;1;3;1985;64;1;3;4;1;1;8107208;2022-10-14;4;
3;2;7;70;2;2;7;8;1;3;1974;71;2;4;4;1;1;8107209;2022-10-14;-1;
3;5;6;67;1;1;10;8;1;3;1979;52;2;3;3;1;1;8107401;2022-10-13;15;
3;5;7;68;1;1;10;8;1;4;1978;70;1;4;4;1;1;8107404;2022-10-13;-2;
1;7;3;54;2;2;9;8;1;6;2005;67;1;2;3;1;1;8107405;2022-10-13;-13;
2;5;6;66;2;2;7;8;1;2;1978;69;2;4;4;1;1;8107407;2022-10-13;-3;
3;7;6;35;2;2;9;8;1;3;2005;40;1;4;4;1;1;8107409;2022-10-13;-5;
2;3;4;25;2;2;9;8;8;6;2017;26;1;4;4;1;1;8107501;2022-10-03;-1;
3;4;7;26;2;2;10;8;2;3;2016;29;1;;4;1;1;8107503;2022-10-03;-3;
1;4;4;29;2;2;8;8;8;6;2020;30;1;;5;1;1;8107504;2022-10-03;-1;
3;5;4;58;1;1;12;8;1;5;2019;49;2;5;4;1;1;8107508;2022-10-03;9;
3;4;5;36;1;1;9;8;8;3;2017;30;1;;4;1;1;8107510;2022-10-03;6;
3;7;7;73;2;2;9;8;1;3;1973;74;1;5;5;1;1;8107601;2022-08-31;-1;
3;7;7;59;1;1;10;8;1;1;1998;56;;4;5;1;1;8107602;2022-08-31;3;
2;7;6;78;1;1;7;8;1;4;1970;75;1;3;3;1;1;8107604;2022-08-31;3;
1;5;4;81;1;1;7;8;1;3;1969;85;2;4;4;1;1;8107607;2022-08-31;-4;
1;5;5;51;2;2;9;8;1;2;1996;61;1;3;4;1;1;8107701;2022-09-02;-10;
1;5;6;52;2;2;9;8;1;2;1991;65;1;4;5;1;1;8107703;2022-09-02;-13;
3;7;7;50;1;1;15;8;1;4;2001;45;1;5;5;1;1;8107708;2022-09-02;5;
2;1;5;79;2;2;7;8;1;3;1962;70;2;3;2;1;1;8107901;2022-10-13;9;
2;6;7;47;2;2;9;8;1;6;1995;49;1;4;4;1;1;8107903;2022-10-13;-2;
3;2;7;68;2;2;1;8;1;2;2000;69;2;4;3;1;1;8107908;2022-10-13;-1;
2;2;5;66;2;2;7;8;1;2;1974;66;2;4;5;1;1;8108002;2022-09-03;0;
1;3;6;80;1;1;6;8;1;3;1970;74;1;4;4;1;1;8108004;2022-09-03;6;
2;5;4;36;2;2;13;8;6;3;2019;36;1;5;4;1;1;8108007;2022-09-03;0;
1;4;2;65;2;2;9;8;1;3;1993;58;1;4;5;1;1;8108008;2022-09-03;7;
3;3;4;71;1;1;1;8;1;3;2010;65;2;3;3;1;1;8108202;2022-10-14;6;
3;7;7;59;1;1;11;8;1;3;1993;59;1;4;4;1;1;8108305;2022-10-25;0;
3;7;6;31;2;2;15;8;2;3;2021;33;1;4;4;1;1;8108307;2022-10-25;-2;
1;4;5;57;2;2;8;8;1;6;2001;64;1;4;4;1;1;8108401;2022-08-31;-7;
1;4;6;71;1;1;7;8;1;3;1980;68;;4;4;1;1;8108405;2022-08-31;3;
1;7;7;48;2;2;11;8;2;3;1996;55;1;5;4;1;1;8108407;2022-08-31;-7;
3;4;5;68;1;1;7;8;1;3;1970;62;1;4;4;1;1;8108408;2022-08-31;6;
2;4;4;78;2;2;9;8;1;3;1974;76;2;3;3;1;1;8108409;2022-08-31;2;
3;7;5;29;1;1;9;8;1;4;2017;30;1;5;4;1;1;8108601;2022-10-18;-1;
2;4;5;51;1;1;9;8;1;3;2000;48;1;4;4;1;1;8108602;2022-10-18;3;
3;5;5;50;2;2;8;8;2;3;2010;62;1;4;4;1;1;8108608;2022-10-18;-12;
2;3;5;54;2;2;9;8;1;3;1999;55;2;4;4;1;1;8108707;2022-09-05;-1;
2;2;5;72;2;2;7;8;1;3;1971;75;1;3;4;1;1;8108904;2022-09-28;-3;
2;3;6;65;2;2;7;8;1;2;1990;70;1;4;4;1;1;8109004;2022-09-07;-5;
3;3;5;62;1;1;7;8;1;4;1980;52;1;4;4;1;1;8109006;2022-09-07;10;
2;3;5;75;2;2;7;8;1;3;1970;77;1;3;4;1;1;8109009;2022-09-07;-2;
3;7;7;37;1;1;11;8;1;3;2010;30;1;5;5;1;1;8109010;2022-09-07;7;
3;7;7;32;1;1;10;8;2;3;2013;28;1;5;5;1;1;8109101;2022-09-01;4;
3;5;5;65;1;2;7;8;1;4;1990;67;1;4;4;1;1;8109104;2022-09-01;-2;
3;7;7;35;1;1;9;8;2;4;2008;33;1;4;4;1;1;8109105;2022-09-01;2;
2;7;6;31;1;1;13;8;1;4;2013;29;1;5;5;1;1;8109106;2022-09-01;2;
3;6;6;40;2;2;9;8;1;3;2008;47;1;4;4;1;1;8109207;2022-10-26;-7;
3;6;7;48;1;1;9;8;1;4;1990;99;1;4;4;1;1;8109208;2022-10-26;-51;
3;3;6;80;2;2;7;8;1;3;1963;81;2;4;4;1;1;8109302;2022-09-03;-1;
3;7;7;78;1;1;9;8;1;3;1973;78;1;4;4;1;1;8109303;2022-09-03;0;
1;7;6;42;2;2;7;8;1;1;2000;44;1;5;4;1;1;8109305;2022-09-03;-2;
1;6;7;60;2;2;6;8;1;1;1980;69;;4;5;1;1;8109306;2022-09-03;-9;
1;4;6;54;2;2;9;8;1;6;1989;64;1;3;3;1;1;8109504;2022-09-12;-10;
2;4;5;49;2;2;9;8;1;5;1973;50;1;3;3;1;1;8109505;2022-09-12;-1;
2;5;7;47;2;2;9;8;2;1;2000;47;1;3;5;1;1;8109510;2022-09-12;0;
3;7;7;42;2;2;15;8;1;3;1999;44;1;5;5;1;1;8109601;2022-10-26;-2;
2;6;6;58;1;1;7;8;1;4;1993;56;1;4;4;1;1;8109704;2022-09-02;2;
2;2;4;71;2;2;7;8;1;3;1971;72;2;4;4;1;1;8109801;2022-10-22;-1;
3;6;5;52;2;2;13;8;1;3;1990;54;1;4;4;1;1;8109803;2022-10-22;-2;
2;6;6;60;2;2;9;8;1;3;1990;60;2;4;4;1;1;8109901;2022-10-16;0;
1;7;7;56;2;2;9;8;1;2;1989;58;1;5;4;1;1;8109902;2022-10-16;-2;
3;1;5;91;1;1;6;8;1;3;1969;87;2;3;3;1;1;8109906;2022-10-16;4;
1;7;7;30;2;2;9;8;2;6;2013;32;1;5;5;1;1;8110103;2022-09-07;-2;
3;7;7;47;1;1;9;8;1;4;1994;47;;5;5;1;1;8110104;2022-09-07;0;
2;6;6;45;2;2;9;8;1;6;2006;48;1;4;4;1;1;8110105;2022-09-07;-3;
2;7;3;48;2;2;9;8;1;2;2002;44;1;4;4;1;1;8110301;2022-09-01;4;
2;7;5;53;1;1;9;8;1;4;1990;45;1;3;5;1;1;8110303;2022-09-01;8;
2;6;7;51;1;1;9;8;1;4;1992;50;1;5;5;1;1;8110304;2022-09-01;1;
3;7;7;57;1;1;11;8;1;4;2001;60;1;5;5;1;1;8110305;2022-09-01;-3;
1;5;7;49;2;2;11;8;1;2;1990;50;1;5;4;1;1;8110401;2022-10-25;-1;
3;7;6;28;2;2;13;8;2;3;2017;33;1;4;4;1;1;8110404;2022-10-25;-5;
3;7;7;35;1;1;9;8;1;4;2011;30;1;4;5;1;1;8110408;2022-10-25;5;
3;4;7;67;2;2;11;8;1;2;1976;68;2;3;3;1;1;8110601;2022-09-21;-1;
3;7;7;57;1;1;15;8;6;4;1996;56;2;4;4;1;1;8110604;2022-09-22;1;
3;7;7;22;2;2;9;8;8;3;2019;22;1;3;3;1;1;8110605;2022-09-23;0;
2;7;7;57;2;2;12;8;1;2;1989;62;1;3;3;1;1;8110606;2022-09-25;-5;
2;6;5;27;2;2;9;8;6;2;2022;29;1;4;4;1;1;8110607;2022-09-24;-2;
1;6;6;33;2;2;12;8;8;6;2015;31;1;4;4;1;1;8110608;2022-09-24;2;
3;5;7;64;2;2;9;8;8;4;1982;71;1;3;3;1;1;8110609;2022-09-23;-7;
3;6;7;35;2;2;13;8;8;2;2012;38;1;3;5;1;1;8110610;2022-09-23;-3;
2;7;6;37;2;2;15;8;1;1;2008;39;1;5;5;1;1;8110705;2022-09-29;-2;
2;7;6;58;1;1;9;8;1;4;1998;55;;4;4;1;1;8110804;2022-10-13;3;
3;7;6;46;1;1;15;8;1;5;2007;44;1;4;4;1;1;8110809;2022-10-13;2;
2;5;5;48;2;2;9;8;5;1;2017;53;1;3;4;1;1;8110901;2022-10-24;-5;
2;5;5;56;1;1;7;8;2;3;2016;53;1;3;4;1;1;8111004;2022-10-24;3;
1;6;5;48;2;2;9;8;1;1;1986;48;1;4;4;1;1;8111005;2022-10-24;0;
2;5;5;54;1;1;9;8;1;4;1996;54;;3;3;1;1;8111106;2022-10-21;0;
1;6;6;48;2;2;9;8;1;1;1997;49;;4;4;1;1;8111108;2022-10-21;-1;
2;6;7;55;2;2;9;8;1;2;1988;55;1;4;4;1;1;8111202;2022-10-18;0;
2;4;5;56;2;2;9;8;1;3;1996;56;;4;4;1;1;8111207;2022-10-18;0;
1;2;4;63;2;2;9;8;1;1;1980;64;2;3;4;1;1;8111301;2022-10-06;-1;
2;7;7;46;1;1;9;8;1;4;2019;45;1;4;4;1;1;8111303;2022-10-06;1;
1;5;5;33;2;2;9;8;1;1;2012;35;;4;4;1;1;8111306;2022-10-06;-2;
3;7;6;55;1;1;7;8;1;4;2019;46;1;4;4;1;1;8111403;2022-10-19;9;
2;7;7;26;2;2;14;8;8;2;2020;28;1;4;3;1;1;8111503;2022-10-17;-2;
3;7;6;46;1;1;9;8;1;4;2000;45;1;4;4;1;1;8111510;2022-10-17;1;
1;6;5;45;2;2;7;8;1;1;2003;48;2;4;4;1;1;8111701;2022-10-11;-3;
3;5;4;46;1;1;9;8;6;4;2020;45;1;4;3;1;1;8111704;2022-10-11;1;
1;7;6;54;2;2;9;8;1;2;1997;53;1;4;4;1;1;8111705;2022-10-11;1;
1;7;6;41;2;2;9;8;1;2;1997;41;;5;5;1;1;8111708;2022-10-11;0;
1;3;5;54;2;2;7;8;1;1;1992;56;;3;4;1;1;8111709;2022-10-11;-2;
3;6;5;38;1;1;9;8;2;3;2011;33;1;4;4;1;1;8111904;2022-10-20;5;
2;7;7;31;2;2;9;8;2;3;2011;31;1;5;4;1;1;8111905;2022-10-20;0;
3;6;6;45;1;1;9;8;1;5;1998;44;1;5;4;1;1;8111906;2022-10-20;1;
1;7;7;51;2;2;9;8;1;1;1992;51;1;5;4;1;1;8111910;2022-10-20;0;
2;7;7;31;1;1;13;8;2;3;2018;30;1;5;5;1;1;8112003;2022-10-23;1;
1;4;5;52;2;2;9;8;1;1;1988;52;2;4;4;1;1;8112005;2022-10-23;0;
3;6;5;42;1;1;9;8;1;4;2016;40;1;4;5;1;1;8112008;2022-10-23;2;
3;5;6;36;1;1;9;8;1;5;2000;34;1;3;4;1;1;8112010;2022-10-23;2;
2;4;5;70;1;1;7;8;1;3;1973;67;;3;3;1;1;8112201;2022-10-22;3;
1;7;6;21;2;2;9;8;2;2;2020;24;1;4;4;1;1;8112204;2022-10-22;-3;
2;7;7;29;2;2;15;8;2;3;2015;29;1;5;4;1;1;8112207;2022-10-22;0;
2;7;6;51;2;2;9;8;1;2;1997;53;1;4;4;1;1;8112210;2022-10-22;-2;
2;6;5;40;2;2;13;8;1;3;2001;44;1;4;4;1;1;8112301;2022-10-20;-4;
3;4;7;67;1;1;10;8;1;4;1985;63;1;4;4;1;1;8112502;2022-09-10;4;
3;6;7;76;1;1;10;8;1;5;1972;75;1;4;4;1;1;8112503;2022-09-10;1;
3;2;6;81;1;1;10;8;1;4;1978;78;1;4;4;1;1;8112504;2022-09-10;3;
3;4;5;74;1;1;10;8;1;3;1971;69;2;3;4;1;1;8112505;2022-09-10;5;
3;6;5;60;2;2;9;8;1;3;1965;65;2;4;4;1;1;8112506;2022-09-10;-5;
3;5;5;77;1;1;7;8;1;5;1970;71;2;4;4;1;1;8112509;2022-09-10;6;
2;4;5;47;2;2;9;8;1;3;1993;49;1;5;5;1;1;8112701;2022-10-11;-2;
3;6;5;49;2;2;9;8;2;2;1990;54;1;4;4;1;1;8112703;2022-10-11;-5;
2;6;5;47;2;2;11;8;1;3;2007;47;1;4;4;1;1;8112704;2022-10-18;0;
2;6;4;26;2;2;13;8;8;3;2010;31;1;4;5;1;1;8112804;2022-10-04;-5;
2;6;6;55;2;2;11;8;1;3;1985;57;1;5;5;1;1;8112806;2022-10-04;-2;
1;4;7;39;2;2;10;8;1;6;2005;40;1;4;4;1;1;8113101;2022-09-10;-1;
3;7;7;42;1;1;10;8;8;3;2015;46;1;5;4;1;1;8113103;2022-09-10;-4;
2;6;6;42;2;2;9;8;1;3;1998;47;1;4;4;1;1;8113105;2022-09-23;-5;
2;6;4;31;1;1;13;8;1;3;2019;29;1;5;4;1;1;8113109;2022-09-23;2;
3;7;7;46;2;2;15;8;8;3;2022;50;1;5;5;1;1;8113303;2022-10-07;-4;
2;7;7;36;2;2;13;8;2;2;2015;39;1;5;4;1;1;8113305;2022-10-09;-3;
3;7;7;33;2;2;15;8;2;3;2015;45;1;4;5;1;1;8113307;2022-10-10;-12;
3;7;7;33;2;2;15;8;2;4;2020;30;1;5;5;1;1;8113308;2022-10-10;3;
3;7;6;38;2;2;13;8;2;2;2020;40;1;5;5;1;1;8113310;2022-10-10;-2;
3;7;7;30;2;2;9;8;2;3;2021;27;1;4;4;1;1;8113503;2022-10-08;3;
3;7;7;66;1;1;11;8;1;4;1993;65;1;5;4;1;1;8113506;2022-10-08;1;
3;4;7;79;2;2;9;8;1;3;1970;79;2;4;4;1;1;8113701;2022-10-21;0;
3;6;7;48;2;2;17;8;1;3;2013;45;1;4;4;1;1;8113803;2022-09-22;3;
2;6;4;24;2;2;11;8;8;4;2018;26;1;4;4;1;1;8113902;2022-10-19;-2;
3;4;5;48;2;2;8;8;1;3;2002;55;1;4;4;1;1;8113910;2022-10-19;-7;
3;7;7;32;2;2;11;8;8;3;2017;35;1;4;4;1;1;8114004;2022-10-04;-3;
3;5;5;23;1;1;13;8;2;4;2019;22;1;4;4;1;1;8114009;2022-10-04;1;
3;7;7;48;1;1;9;8;1;4;2008;37;1;5;5;1;1;8114010;2022-10-04;11;
3;5;5;30;1;1;9;8;8;5;2021;99;2;;5;1;1;8114102;2022-10-22;-69;
3;7;7;52;1;1;13;8;1;6;2020;50;1;5;5;1;1;8114108;2022-10-22;2;
3;4;4;29;1;1;10;8;8;3;2002;28;1;;5;1;1;8114203;2022-10-21;1;
3;7;7;52;2;2;8;8;8;;2017;52;1;5;5;1;1;8114209;2022-10-21;0;
3;7;7;42;1;1;11;8;2;;2014;40;1;5;5;1;1;8114210;2022-10-21;2;
1;7;7;70;2;2;6;8;1;2;1978;77;2;3;3;1;1;8114403;2022-09-09;-7;
1;5;4;64;2;2;7;8;1;2;1977;66;2;2;2;1;1;8114404;2022-09-09;-2;
3;7;5;26;2;1;13;8;8;3;2021;27;1;3;3;1;1;8114501;2022-08-23;-1;
3;6;7;26;2;2;9;8;8;2;2022;29;1;4;4;1;1;8114503;2022-08-23;-3;
2;7;7;65;2;2;8;8;1;4;1980;75;2;3;3;1;1;8114505;2022-08-29;-10;
3;7;7;72;2;2;6;8;7;5;1979;65;1;3;3;1;1;8114506;2022-08-29;7;
2;7;6;70;1;1;10;8;1;4;1976;69;;3;4;1;1;8114507;2022-08-30;1;
2;7;7;29;1;1;9;8;2;3;2014;22;1;5;4;1;1;8114508;2022-08-30;7;
2;6;6;65;1;1;7;8;1;2;2004;45;1;4;4;1;1;8114509;2022-08-30;20;
1;6;6;51;2;2;9;8;1;1;1990;63;1;5;4;1;1;8114510;2022-09-05;-12;
3;6;6;38;1;1;15;8;1;5;2002;38;1;4;4;1;1;8114606;2022-09-12;0;
1;7;7;40;2;2;9;8;2;2;2005;40;1;5;5;1;1;8114701;2022-10-26;0;
3;2;4;89;1;1;7;8;1;3;1960;87;2;3;4;1;1;8114703;2022-10-25;2;
2;6;6;75;1;1;7;8;1;3;1985;75;1;4;5;1;1;8114707;2022-10-26;0;
2;5;4;39;2;2;11;8;2;3;2021;42;1;5;4;1;1;8114801;2022-10-25;-3;
2;3;4;33;2;2;12;8;2;2;2019;32;1;4;2;1;1;8114808;2022-10-26;1;
2;7;7;48;2;2;13;8;1;3;2000;53;1;5;4;1;1;8114904;2022-10-21;-5;
3;5;6;49;1;1;9;8;1;5;1995;46;1;4;4;1;1;8114906;2022-10-23;3;
1;7;6;36;2;2;9;8;2;2;2018;26;1;4;5;1;1;8114907;2022-10-23;10;
3;4;4;48;1;1;12;8;1;4;2010;42;1;3;4;1;1;8115202;2022-09-12;6;
3;4;5;60;1;1;7;8;1;5;1999;57;1;3;3;1;1;8115208;2022-09-12;3;
1;5;5;48;2;2;9;8;1;2;1992;50;2;4;4;1;1;8115601;2022-10-24;-2;
3;7;7;35;1;1;9;8;2;5;2018;36;1;5;5;1;1;8115603;2022-10-25;-1;
2;1;6;81;1;1;6;8;1;3;1963;85;2;4;3;1;1;8115605;2022-10-24;-4;
3;7;7;25;1;1;9;8;2;5;2020;23;1;5;5;1;1;8115607;2022-10-24;2;
3;6;5;40;1;1;15;8;1;5;2016;41;1;4;4;1;1;8115608;2022-10-25;-1;
3;6;7;58;1;1;9;8;1;3;1992;62;1;4;4;1;1;8115706;2022-10-14;-4;
3;7;6;28;2;2;15;8;8;1;2016;33;1;5;5;1;1;8115708;2022-10-14;-5;
3;6;6;61;2;2;7;8;1;3;1983;58;2;4;4;1;1;8115709;2022-10-14;3;
3;7;6;66;1;1;10;8;1;4;1986;61;1;5;4;1;1;8115902;2022-10-24;5;
2;7;6;21;2;2;9;8;2;2;2020;25;1;5;4;1;1;8115904;2022-10-24;-4;
3;7;7;64;1;1;9;8;1;4;1992;60;1;4;4;1;1;8115905;2022-10-24;4;
2;6;6;42;2;2;9;8;1;4;2008;44;1;4;5;1;1;8115907;2022-10-24;-2;
3;5;5;48;2;2;9;8;1;3;2004;53;1;4;4;1;1;8115908;2022-10-24;-5;
2;7;6;57;2;2;11;8;8;2;2018;52;1;4;4;1;1;8116001;2022-10-07;5;
3;6;6;25;1;1;9;8;2;3;2019;24;1;4;5;1;1;8116003;2022-10-09;1;
3;6;6;40;1;1;13;8;1;5;2016;38;1;5;4;1;1;8116102;2022-09-11;2;
1;6;6;36;2;2;9;8;2;1;2008;40;1;5;4;1;1;8116105;2022-09-11;-4;
3;7;7;32;1;1;9;8;2;3;2012;32;1;5;5;1;1;8116110;2022-09-11;0;
1;4;6;54;2;2;11;8;1;2;1989;61;1;5;5;1;1;8116305;2022-09-28;-7;
3;6;5;47;2;2;15;8;1;2;1992;56;1;4;4;1;1;8116306;2022-09-28;-9;
2;7;6;34;2;2;13;8;1;1;2018;38;1;4;4;1;1;8116307;2022-10-01;-4;
3;6;6;63;1;1;9;8;1;4;1985;65;1;4;4;1;1;8116309;2022-10-01;-2;
3;7;7;48;1;1;9;8;1;4;2011;45;1;5;5;1;1;8116404;2022-10-25;3;
3;6;6;58;1;1;9;8;1;4;1992;55;1;4;4;1;1;8116407;2022-10-25;3;
3;7;6;38;1;1;13;8;1;4;2014;34;1;5;5;1;1;8116408;2022-10-25;4;
2;7;7;76;2;2;9;8;1;1;1968;77;1;4;5;1;1;8116501;2022-10-18;-1;
1;5;6;76;2;2;9;8;1;1;1978;76;2;3;3;1;1;8116504;2022-10-18;0;
2;6;6;66;2;2;9;8;1;2;1980;72;2;5;5;1;1;8116506;2022-10-20;-6;
1;7;7;29;2;2;11;8;3;6;2012;32;1;4;4;1;1;8116707;2022-10-11;-3;
2;7;7;37;2;2;11;8;1;2;2005;38;1;4;5;1;1;8116708;2022-10-12;-1;
3;7;7;64;1;1;9;8;1;4;1990;62;;4;4;1;1;8116802;2022-10-11;2;
2;2;7;67;2;2;9;8;1;2;1973;70;2;3;4;1;1;8117001;2022-08-31;-3;
3;7;7;68;1;1;7;8;1;5;1978;65;2;3;3;1;1;8117005;2022-09-07;3;
2;6;5;49;2;2;7;8;2;3;2017;54;1;3;3;1;1;8117006;2022-09-07;-5;
2;7;7;36;2;2;9;8;1;2;2013;36;1;4;4;1;1;8117101;2022-10-12;0;
3;5;6;45;1;1;9;8;1;4;2000;40;1;4;4;1;1;8117104;2022-10-12;5;
2;5;6;63;2;2;8;8;2;5;2006;65;2;4;4;1;1;8117106;2022-10-12;-2;
3;6;6;77;1;1;13;8;1;3;1971;76;1;4;5;1;1;8117205;2022-10-05;1;
3;4;5;36;2;2;15;8;8;4;2012;36;1;4;4;1;1;8117206;2022-09-14;0;
3;7;6;38;1;1;15;8;1;4;2009;42;1;4;4;1;1;8117210;2022-09-21;-4;
3;7;7;60;1;1;9;8;1;4;1980;63;1;4;4;1;1;8117306;2022-10-21;-3;
1;6;6;42;2;2;9;8;1;2;2005;43;1;4;5;1;1;8117609;2022-09-09;-1;
1;5;4;55;2;2;9;8;1;1;2018;65;1;3;3;1;1;8117703;2022-09-13;-10;
2;3;4;29;2;2;7;8;2;2;2020;29;1;3;3;1;1;8117705;2022-09-13;0;
2;5;6;56;2;2;8;8;1;3;1986;57;1;3;4;1;1;8117706;2022-09-13;-1;
2;5;5;71;1;1;6;8;1;3;1983;69;;4;4;1;1;8117804;2022-09-09;2;
2;5;6;50;2;2;7;8;1;2;1990;58;1;3;4;1;1;8117808;2022-09-09;-8;
2;5;5;69;1;1;9;8;1;3;2002;65;2;3;4;1;1;8118205;2022-09-08;4;
2;6;5;25;2;2;13;8;1;6;2015;32;1;5;;1;1;8118206;2022-09-07;-7;
3;4;3;79;2;2;8;8;5;6;1978;73;2;3;4;1;1;8118207;2022-09-08;6;
;5;7;71;1;1;15;8;1;5;1973;68;1;4;4;1;1;8118301;2022-10-05;3;
3;7;7;70;2;2;15;8;1;3;1972;69;1;4;4;1;1;8118303;2022-08-23;1;
3;7;7;36;2;2;13;8;2;2;2018;31;1;5;5;1;1;8118304;2022-08-30;5;
3;6;7;73;1;1;9;8;1;4;1969;73;1;5;4;1;1;8118306;2022-08-18;0;
3;7;7;76;1;1;11;8;1;2;1964;77;1;4;4;1;1;8118309;2022-08-23;-1;
3;6;6;51;1;1;9;8;1;4;1995;48;1;4;5;1;1;8118401;2022-10-20;3;
2;4;6;66;2;2;7;8;1;2;1970;71;1;4;4;1;1;8118403;2022-10-20;-5;
3;7;6;29;1;1;9;8;1;3;2009;30;1;4;5;1;1;8118407;2022-10-20;-1;
3;5;6;52;1;1;7;8;1;4;1985;50;1;4;4;1;1;8118410;2022-10-20;2;
2;6;6;45;2;2;9;8;1;2;1996;50;1;4;5;1;1;8118501;2022-10-18;-5;
3;7;7;48;1;1;9;8;1;4;1993;45;1;4;5;1;1;8118502;2022-10-18;3;
3;6;6;58;1;1;7;8;1;4;1980;52;1;4;4;1;1;8118503;2022-10-18;6;
1;6;7;28;2;2;9;8;2;4;2016;30;1;4;5;1;1;8118505;2022-10-18;-2;
3;5;6;68;1;1;7;8;1;4;1980;65;1;4;4;1;1;8118509;2022-10-18;3;
2;7;5;29;2;2;15;8;2;4;2021;32;1;5;5;1;1;8118608;2022-09-12;-3;
3;5;5;34;1;1;9;8;2;2;2012;36;1;4;4;1;1;8118703;2022-09-08;-2;
2;5;5;47;2;2;11;8;1;3;2001;52;1;4;4;1;1;8118706;2022-09-08;-5;
2;5;5;39;1;1;9;8;2;3;2006;38;1;4;5;1;1;8118801;2022-10-09;1;
1;6;6;43;2;2;9;8;2;1;2002;45;1;4;4;1;1;8118802;2022-10-10;-2;
3;5;5;37;2;2;11;8;3;3;2011;45;1;4;4;1;1;8118803;2022-10-10;-8;
2;5;5;51;1;1;13;8;1;2;2010;47;1;4;4;1;1;8118901;2022-10-06;4;
3;6;5;24;1;1;9;8;8;3;2022;22;1;5;4;1;1;8118907;2022-10-06;2;
2;4;5;36;2;2;9;8;8;5;2019;40;1;;5;1;1;8119001;2022-10-06;-4;
3;7;7;50;1;1;11;8;2;3;2002;47;1;4;4;1;1;8119102;2022-09-11;3;
2;7;7;30;1;1;14;8;2;3;2018;31;1;5;5;1;1;8119107;2022-09-11;-1;
1;7;5;47;2;2;9;8;3;2;1982;48;1;1;4;1;1;8119205;2022-08-20;-1;
1;5;7;70;2;2;8;8;1;1;1980;67;1;4;4;1;1;8119306;2022-09-08;3;
2;3;5;68;2;2;9;8;1;2;1982;65;1;3;4;1;1;8119308;2022-09-08;3;
3;7;7;40;1;1;13;8;1;3;2001;39;1;5;5;1;1;8119401;2022-10-08;1;
3;6;6;60;1;1;15;8;1;3;1991;62;2;5;4;1;1;8119402;2022-10-08;-2;
3;6;5;57;1;1;9;8;1;3;2001;46;1;4;4;1;1;8119404;2022-10-09;11;
1;7;7;36;2;2;9;8;1;1;2008;36;1;5;5;1;1;8119406;2022-10-08;0;
1;6;5;42;2;2;9;8;1;1;2001;45;1;4;5;1;1;8119409;2022-10-08;-3;
2;6;7;26;2;2;15;8;2;2;2022;28;2;4;5;1;1;8119410;2022-09-08;-2;
3;7;4;40;1;1;9;8;8;3;2010;30;2;2;5;1;1;8119507;2022-09-08;10;
3;7;6;79;1;1;7;8;1;3;1966;75;2;3;4;1;1;8119508;2022-09-08;4;
3;7;3;30;2;2;13;8;8;3;2015;31;1;5;5;1;1;8119602;2022-09-26;-1;
3;7;6;26;2;2;15;8;1;2;2020;30;1;5;5;1;1;8119605;2022-09-27;-4;
2;7;7;33;2;2;9;8;1;2;2005;42;1;4;4;1;1;8119606;2022-09-27;-9;
2;5;6;42;2;2;13;8;1;3;2001;42;1;4;4;1;1;8119607;2022-09-28;0;
1;2;3;34;2;2;7;8;8;4;2014;35;1;3;3;1;1;8119608;2022-09-30;-1;
3;7;6;28;2;2;13;8;2;2;2022;27;1;4;4;1;1;8119610;2022-09-30;1;
3;6;5;22;2;2;12;8;8;3;2019;22;1;4;4;1;1;8119701;2022-09-12;0;
3;6;6;33;2;2;13;8;2;3;2020;33;1;4;4;1;1;8119704;2022-09-26;0;
2;7;7;48;2;2;9;8;1;6;2010;49;1;4;4;1;1;8119801;2022-09-10;-1;
3;6;5;70;1;1;7;8;1;4;2006;57;2;1;3;1;1;8119802;2022-09-10;13;
3;5;7;79;1;1;8;8;1;3;1968;79;1;4;4;1;1;8119807;2022-09-10;0;
1;5;6;75;2;2;7;8;1;1;1982;76;;4;4;1;1;8119809;2022-09-10;-1;
3;7;4;76;2;2;9;8;1;4;1970;78;1;3;3;1;1;8119903;2022-08-24;-2;
3;7;6;30;1;1;15;8;8;3;2019;23;1;5;4;1;1;8119905;2022-08-26;7;
3;6;5;27;1;1;14;8;2;4;2022;26;1;4;4;1;1;8119908;2022-08-30;1;
1;7;6;35;2;2;9;8;2;2;2008;35;1;3;4;1;1;8120007;2022-08-31;0;
1;6;7;33;2;2;9;8;1;5;1999;40;1;4;4;1;1;8120008;2022-08-31;-7;
2;7;7;47;2;2;11;8;1;2;2000;46;1;5;5;1;1;8120101;2022-08-30;1;
3;6;5;70;2;2;15;8;1;2;1973;77;1;4;5;1;1;8120103;2022-08-19;-7;
3;5;7;62;1;1;13;8;6;2;2002;60;2;4;4;1;1;8120106;2022-08-19;2;
2;3;6;81;2;2;6;8;1;2;1972;80;2;2;3;1;1;8120305;2022-09-10;1;
3;7;7;37;2;2;9;8;8;3;2003;37;1;4;4;1;1;8120306;2022-09-10;0;
2;6;6;68;1;1;6;8;1;3;1975;66;;3;4;1;1;8120308;2022-09-10;2;
3;3;5;83;2;2;7;8;1;3;1961;87;2;3;3;1;1;8120407;2022-09-10;-4;
1;7;7;57;2;2;9;8;1;2;1987;58;1;4;4;1;1;8120408;2022-09-10;-1;
3;7;7;32;2;2;15;8;2;3;2022;33;1;4;4;1;1;8120502;2022-10-20;-1;
1;7;7;53;2;2;9;8;1;6;2001;55;1;4;4;1;1;8120505;2022-10-20;-2;
2;6;3;65;2;2;9;8;1;2;1982;64;2;3;4;1;1;8120601;2022-09-06;1;
3;7;7;66;1;1;15;8;6;5;2006;56;1;4;4;1;1;8120602;2022-09-09;10;
2;7;7;76;1;1;9;8;1;3;1968;76;1;4;4;1;1;8120709;2022-08-11;0;
2;3;7;76;2;2;7;8;1;3;1969;81;2;3;4;1;1;8120901;2022-09-11;-5;
2;3;4;66;1;1;6;8;1;4;1997;62;2;3;3;1;1;8120906;2022-09-11;4;
1;3;5;66;2;2;7;8;1;2;1978;66;2;3;2;1;1;8120908;2022-09-11;0;
1;5;5;45;2;2;11;8;1;2;1994;50;1;4;5;1;1;8120909;2022-09-11;-5;
2;4;4;53;2;2;7;8;1;1;2018;55;2;3;3;1;1;8121005;2022-10-05;-2;
3;4;6;60;1;1;8;8;1;5;1981;61;1;3;4;1;1;8121201;2022-10-04;-1;
3;1;4;80;1;1;8;8;1;4;1960;69;2;3;2;1;1;8121301;2022-09-08;11;
3;7;7;56;1;1;9;8;1;4;1990;54;1;5;4;1;1;8121303;2022-09-08;2;
2;7;7;70;1;1;9;8;1;4;1980;69;;3;4;1;1;8121304;2022-09-08;1;
3;3;6;80;1;1;9;8;1;3;1966;78;2;4;4;1;1;8121307;2022-09-08;2;
3;7;7;32;1;1;9;8;8;3;2010;33;1;4;5;1;1;8121308;2022-09-08;-1;
2;6;6;36;2;2;9;8;3;3;2016;38;1;4;4;1;1;8121401;2022-10-10;-2;
1;4;5;41;2;2;12;8;1;1;2015;45;1;3;3;1;1;8121404;2022-10-10;-4;
1;5;5;33;1;1;9;8;2;5;2018;32;1;4;3;1;1;8121504;2022-10-17;1;
3;6;6;65;1;1;7;8;1;1;1970;62;1;3;5;1;1;8121605;2022-09-07;3;
2;6;7;56;1;1;9;8;1;2;1982;51;1;5;4;1;1;8121801;2022-08-25;5;
1;7;7;44;2;2;11;8;1;2;2018;40;1;4;4;1;1;8121802;2022-08-27;4;
3;4;7;55;1;1;8;8;7;3;2016;58;1;4;4;1;1;8121804;2022-08-27;-3;
3;6;4;28;2;2;13;8;2;3;2021;32;1;5;3;1;1;8121806;2022-08-28;-4;
2;4;6;42;2;2;9;8;1;3;1990;48;1;5;4;1;1;8121906;2022-10-07;-6;
2;7;7;20;1;1;9;8;2;2;2020;35;1;5;5;1;1;8121907;2022-10-07;-15;
2;6;6;40;2;2;9;8;1;3;2003;42;1;4;4;1;1;8121908;2022-10-07;-2;
3;7;6;41;1;1;13;8;1;5;2008;40;1;5;5;1;1;8121909;2022-10-07;1;
2;5;6;52;2;2;9;8;1;2;1990;52;1;4;4;1;1;8122101;2022-10-06;0;
1;4;4;32;2;2;12;8;8;2;2022;31;1;4;3;1;1;8122102;2022-10-06;1;
1;5;4;53;2;2;8;8;1;1;2018;52;1;3;4;1;1;8122105;2022-10-07;1;
2;5;3;21;2;2;7;8;8;3;2016;22;1;4;4;1;1;8122107;2022-10-07;-1;
2;6;6;34;2;2;9;8;1;2;2008;34;1;4;5;1;1;8122304;2022-10-21;0;
3;5;6;45;2;2;11;8;1;2;1990;48;1;4;4;1;1;8122305;2022-10-21;-3;
2;3;5;45;2;2;13;8;2;2;2016;48;1;4;3;1;1;8122405;2022-10-09;-3;
3;;5;77;1;1;8;8;1;4;1975;67;2;3;4;1;1;8122509;2022-09-09;10;
3;6;4;68;2;2;8;8;1;5;1972;71;1;4;4;1;1;8122510;2022-09-08;-3;
3;5;4;36;1;1;14;8;2;4;2020;32;1;4;4;1;1;8122605;2022-09-09;4;
3;5;3;44;1;1;9;8;1;4;2016;40;1;5;4;1;1;8122607;2022-09-09;4;
3;1;5;78;2;2;6;8;1;3;1968;76;2;3;4;1;1;8122910;2022-08-29;2;
3;6;5;26;1;1;13;8;2;4;2017;24;1;4;4;1;1;8123105;2022-10-20;2;
1;6;4;25;2;2;13;8;8;1;2017;26;1;3;4;1;1;8123108;2022-10-20;-1;
3;5;6;30;1;1;11;8;2;3;2016;30;1;4;4;1;1;8123109;2022-10-20;0;
2;4;4;36;2;2;9;8;2;3;2014;35;1;4;3;1;1;8123203;2022-10-23;1;
3;5;5;67;2;2;9;8;1;2;1988;64;1;3;3;1;1;8123506;2022-08-29;3;
3;7;7;28;1;1;9;8;1;3;2021;32;1;4;4;1;1;8123507;2022-08-18;-4;
1;5;5;55;2;2;9;8;1;2;1986;60;2;4;4;1;1;8123510;2022-08-22;-5;
2;6;6;55;2;2;13;8;1;1;1987;67;1;4;5;1;1;8123601;2022-09-01;-12;
1;7;7;54;2;2;15;8;1;6;1996;55;1;4;5;1;1;8123604;2022-08-31;-1;
3;5;7;71;1;1;11;8;1;5;1989;73;1;4;4;1;1;8123610;2022-09-01;-2;
1;7;7;38;2;2;15;8;1;2;2009;40;1;5;5;1;1;8123701;2022-10-18;-2;
2;5;5;48;2;2;9;8;1;1;1994;50;2;4;4;1;1;8123707;2022-10-19;-2;
1;7;7;37;2;2;9;8;1;1;2003;38;1;5;5;1;1;8123708;2022-10-19;-1;
2;6;6;59;2;2;9;8;1;6;1989;62;1;4;4;1;1;8123801;2022-08-24;-3;
2;5;5;48;1;1;7;8;5;3;2004;48;1;4;4;1;1;8124501;2022-09-15;0;
2;7;7;29;2;2;7;8;3;1;2022;28;1;5;4;1;1;8124508;2022-08-31;1;
3;6;7;38;2;2;7;8;2;2;2020;28;1;5;4;1;1;8124510;2022-09-03;10;
2;6;6;40;2;2;9;8;1;6;2002;50;;5;4;1;1;8124605;2022-10-24;-10;
3;4;7;60;2;2;7;8;1;2;1986;65;1;4;4;1;1;8124607;2022-10-24;-5;
3;7;7;27;2;2;13;8;1;3;2020;30;1;5;4;1;1;8124608;2022-10-24;-3;
3;6;7;40;1;1;7;8;2;3;2004;40;1;4;4;1;1;8124801;2022-09-12;0;
1;7;5;35;2;2;9;8;8;5;2020;36;1;5;5;1;1;8124901;2022-10-12;-1;
3;6;5;80;1;1;7;8;1;5;1962;67;2;4;4;1;1;8125009;2022-08-18;13;
3;6;6;39;1;1;9;8;1;3;2001;39;1;4;4;1;1;8125101;2022-09-08;0;
3;6;5;40;2;2;9;8;1;3;2001;41;1;5;5;1;1;8125103;2022-09-08;-1;
3;6;6;55;1;1;9;8;1;3;1987;56;1;5;4;1;1;8125105;2022-09-08;-1;
3;4;7;67;1;1;7;8;1;4;1972;66;1;3;4;1;1;8125109;2022-09-08;1;
2;6;3;35;2;2;11;8;1;3;2001;37;1;4;3;1;1;8125201;2022-09-06;-2;
3;1;1;62;1;1;9;8;1;3;1987;57;2;4;2;1;1;8125202;2022-09-06;5;
2;4;4;66;2;2;1;8;1;3;1984;72;2;4;3;1;1;8125203;2022-09-06;-6;
3;3;5;74;2;2;7;8;1;3;1974;69;2;3;3;1;1;8125204;2022-09-06;5;
3;7;7;55;1;1;10;8;1;4;1982;57;1;5;5;1;1;8125206;2022-09-06;-2;
3;6;7;42;2;2;7;8;8;2;2014;49;1;5;5;1;1;8125306;2022-08-22;-7;
1;6;7;49;2;2;8;8;1;2;1997;52;1;4;5;1;1;8125308;2022-08-24;-3;
3;6;5;61;1;1;8;8;1;2;1977;70;1;4;5;1;1;8125310;2022-08-23;-9;
3;6;6;50;2;2;9;8;1;2;1991;55;1;4;4;1;1;8125402;2022-10-24;-5;
3;6;7;45;2;2;9;8;1;2;1994;50;1;4;4;1;1;8125408;2022-10-24;-5;
2;7;7;36;1;1;10;8;8;4;2003;35;1;4;5;1;1;8125501;2022-09-08;1;
2;7;7;46;2;2;8;8;1;4;2001;48;1;5;4;1;1;8125503;2022-09-08;-2;
3;6;6;47;1;1;7;8;1;3;2000;40;1;4;4;1;1;8125507;2022-09-08;7;
3;4;5;32;1;1;9;8;1;3;2010;31;1;4;4;1;1;8125603;2022-09-07;1;
2;7;7;33;2;2;8;8;1;3;2010;32;1;5;5;1;1;8125608;2022-09-07;1;
3;6;6;72;1;1;7;8;1;3;1969;70;1;4;4;1;1;8125609;2022-09-07;2;
3;7;6;46;1;1;9;8;2;1;2015;53;1;4;4;1;1;8125705;2022-09-09;-7;
3;7;7;58;1;1;7;8;2;4;2009;46;1;5;3;1;1;8125801;2022-09-07;12;
3;7;7;38;1;1;10;8;1;5;2002;37;1;5;5;1;1;8125803;2022-09-07;1;
3;7;7;25;1;1;11;8;2;4;2014;24;1;5;5;1;1;8125804;2022-09-07;1;
3;6;5;32;1;1;9;8;2;3;2010;32;1;4;4;1;1;8125807;2022-09-07;0;
3;3;5;73;1;1;7;8;1;3;1970;72;2;4;3;1;1;8125809;2022-09-07;1;
3;7;7;48;1;1;9;8;1;4;2010;40;1;4;4;1;1;8126006;2022-09-07;8;
2;7;6;40;2;2;7;8;1;6;2007;42;1;4;4;1;1;8126007;2022-09-07;-2;
3;6;5;47;1;1;8;8;1;3;2012;42;1;5;4;1;1;8126008;2022-09-08;5;
3;7;7;36;2;2;9;8;2;2;2016;40;1;4;4;1;1;8126107;2022-10-22;-4;
3;6;6;28;2;2;8;8;2;3;2020;30;1;4;4;1;1;8126201;2022-10-22;-2;
2;7;6;35;2;2;9;8;1;2;2008;38;1;4;4;1;1;8126203;2022-10-22;-3;
3;6;7;57;1;1;9;8;1;4;1990;50;1;4;4;1;1;8126207;2022-10-22;7;
3;5;6;24;2;2;9;8;2;3;2018;30;1;3;4;1;1;8126209;2022-10-22;-6;
3;4;5;43;2;2;8;8;1;3;2000;44;1;4;4;1;1;8126301;2022-10-22;-1;
3;7;6;33;2;2;13;8;2;3;2020;33;1;4;4;1;1;8126303;2022-10-22;0;
2;5;5;30;2;2;9;8;1;2;2015;33;1;3;3;1;1;8126305;2022-10-22;-3;
3;4;4;54;2;2;11;8;1;2;1988;55;1;4;4;1;1;8126402;2022-09-06;-1;
3;7;6;40;1;1;10;8;2;4;2010;40;1;4;4;1;1;8126403;2022-09-06;0;
2;6;5;27;2;2;13;8;1;3;2016;27;1;5;4;1;1;8126407;2022-09-06;0;
3;4;3;57;1;1;7;8;1;3;1989;57;2;4;4;1;1;8126408;2022-09-06;0;
2;4;4;68;2;2;7;8;1;3;1979;62;2;4;4;1;1;8126410;2022-09-06;6;
3;6;6;54;1;1;9;8;1;3;1992;57;1;4;4;1;1;8126507;2022-09-09;-3;
2;7;7;48;2;2;7;8;1;2;1990;52;1;5;4;1;1;8126508;2022-09-08;-4;
2;6;6;56;2;2;9;8;1;3;1993;57;1;4;4;1;1;8126602;2022-09-22;-1;
2;3;3;61;2;2;7;8;1;2;2000;69;2;3;3;1;1;8126905;2022-10-24;-8;
3;4;4;26;2;2;9;8;8;3;2021;28;1;4;4;1;1;8126906;2022-10-24;-2;
3;5;3;41;2;2;7;8;1;3;2005;50;1;4;4;1;1;8126907;2022-10-24;-9;
3;6;6;47;1;1;9;8;1;3;1997;47;1;4;5;1;1;8127006;2022-09-09;0;
3;5;5;29;1;1;9;8;2;5;2013;29;1;5;5;1;1;8127008;2022-09-09;0;
2;5;6;29;2;2;9;8;2;3;2008;29;1;5;5;1;1;8127302;2022-08-23;0;
2;2;5;77;2;2;7;8;1;3;1973;78;1;4;4;1;1;8127303;2022-08-23;-1;
3;6;6;75;1;1;6;8;1;3;1970;74;;3;5;1;1;8127306;2022-08-23;1;
3;4;5;70;1;1;7;8;1;3;1978;68;1;4;5;1;1;8127307;2022-08-23;2;
1;4;5;65;1;1;7;8;1;3;1974;66;1;3;3;1;1;8127309;2022-08-23;-1;
3;7;7;30;1;1;11;8;2;3;2014;37;1;5;5;1;1;8127501;2022-08-27;-7;
2;7;7;35;2;2;9;8;1;2;2005;36;1;4;4;1;1;8127504;2022-08-27;-1;
3;7;6;48;1;1;13;8;1;5;2000;47;1;5;5;1;1;8127505;2022-08-27;1;
3;7;6;31;1;1;11;8;1;3;2018;31;1;4;5;1;1;8127506;2022-08-27;0;
2;7;4;24;2;2;13;8;2;3;2022;23;1;4;5;1;1;8127507;2022-08-27;1;
2;5;4;40;1;1;13;8;1;3;2010;31;1;5;4;1;1;8127508;2022-08-27;9;
1;1;4;58;2;2;9;8;1;3;1987;57;2;4;4;1;1;8127509;2022-08-27;1;
1;7;7;51;2;2;8;8;1;6;1992;53;1;3;5;1;1;8127601;2022-10-05;-2;
3;6;6;49;2;2;11;8;1;2;1999;47;1;5;4;1;1;8127603;2022-10-05;2;
1;6;6;38;2;2;14;8;1;6;2005;40;1;4;4;1;1;8127604;2022-09-10;-2;
1;6;6;37;2;2;9;8;2;6;1998;48;1;3;4;1;1;8127605;2022-09-10;-11;
3;6;6;41;1;1;7;8;2;4;2005;36;1;3;3;1;1;8127606;2022-09-21;5;
3;6;6;42;1;1;9;8;1;4;1998;43;1;4;4;1;1;8127610;2022-09-07;-1;
3;4;6;50;1;1;7;8;1;3;1995;48;1;4;4;1;1;8127701;2022-08-26;2;
1;2;5;63;2;2;8;8;1;6;1972;73;;4;4;1;1;8127704;2022-08-25;-10;
1;5;5;45;2;2;13;8;1;6;1993;47;1;5;5;1;1;8127705;2022-08-25;-2;
2;1;3;76;1;1;7;8;1;3;1975;72;2;2;3;1;1;8127706;2022-08-25;4;
3;3;6;67;2;2;11;8;1;3;1972;70;1;3;4;1;1;8127707;2022-08-25;-3;
3;7;6;26;1;3;12;8;8;5;2021;25;1;4;4;1;1;8127708;2022-08-25;1;
2;5;5;42;1;1;13;8;1;3;1998;39;1;4;5;1;1;8127710;2022-08-25;3;
3;5;5;40;2;2;11;8;2;3;2018;46;1;2;2;1;1;8127804;2022-08-27;-6;
3;7;5;39;1;1;7;8;1;1;2008;33;1;4;3;1;1;8127806;2022-08-28;6;
3;7;7;33;2;2;13;8;8;3;2018;35;1;3;3;1;1;8127807;2022-08-28;-2;
3;7;7;29;1;1;9;8;2;1;2020;34;1;5;4;1;1;8127808;2022-08-29;-5;
3;6;6;23;1;1;14;8;8;4;2021;22;1;4;4;1;1;8127901;2022-08-26;1;
3;6;6;28;2;2;9;8;2;3;2015;28;1;5;4;1;1;8127903;2022-09-26;0;
3;7;7;58;1;1;9;8;1;3;2020;55;1;5;5;1;1;8127910;2022-09-26;3;
2;4;7;23;1;1;14;8;8;3;2020;23;1;5;5;1;1;8128101;2022-08-28;0;
2;6;5;31;1;1;9;8;2;3;2010;30;1;4;4;1;1;8128102;2022-08-28;1;
1;4;6;54;1;1;13;8;1;5;1993;52;;5;5;1;1;8128103;2022-08-28;2;
1;4;5;71;1;1;9;8;1;5;1973;68;2;5;4;1;1;8128104;2022-08-28;3;
3;6;6;30;1;1;11;8;1;5;2009;32;1;5;5;1;1;8128105;2022-08-28;-2;
3;7;7;46;2;2;15;8;1;3;2005;50;1;5;5;1;1;8128107;2022-08-28;-4;
3;7;6;54;2;2;9;8;2;3;2005;61;1;4;4;1;1;8128402;2022-08-22;-7;
3;4;5;70;2;2;7;8;1;3;1974;71;1;4;4;1;1;8128702;2022-08-24;-1;
2;5;6;65;1;1;6;8;1;4;1970;60;1;4;5;1;1;8128704;2022-08-24;5;
1;7;7;28;2;2;9;8;1;5;2014;30;1;5;5;1;1;8128705;2022-08-24;-2;
3;6;6;57;1;1;9;8;1;3;1993;56;2;5;4;1;1;8128708;2022-08-24;1;
3;7;7;25;2;2;9;8;2;3;2021;30;1;5;5;1;1;8128801;2022-08-28;-5;
3;6;5;54;2;1;9;8;1;5;1999;53;1;5;5;1;1;8128803;2022-08-27;1;
2;6;7;70;1;1;8;8;1;4;1965;67;;5;5;1;1;8128804;2022-08-28;3;
3;6;6;35;2;2;12;8;1;3;2010;39;1;5;5;1;1;8128805;2022-08-28;-4;
3;6;6;50;1;1;9;8;1;5;1998;49;1;5;4;1;1;8128806;2022-08-28;1;
1;5;6;35;1;2;9;8;1;3;2010;33;1;5;5;1;1;8128810;2022-08-28;2;
3;6;7;58;1;1;9;8;1;5;1995;59;1;5;5;1;1;8128904;2022-08-27;-1;
3;6;6;32;2;2;11;8;1;3;2016;35;1;4;5;1;1;8128908;2022-08-27;-3;
1;7;7;29;2;2;9;8;1;4;2011;35;1;4;5;1;1;8129102;2022-08-24;-6;
3;6;6;35;1;1;9;8;1;3;2010;33;1;4;5;1;1;8129104;2022-08-24;2;
3;6;5;32;1;1;9;8;8;3;2012;37;1;4;4;1;1;8129105;2022-08-24;-5;
1;6;6;39;2;2;9;8;8;3;2008;42;1;4;4;1;1;8129107;2022-08-24;-3;
1;4;1;57;2;2;9;8;1;3;1980;60;;2;4;1;1;8129108;2022-08-24;-3;
1;6;5;40;1;1;13;8;2;3;2005;47;1;5;5;1;1;8129109;2022-08-24;-7;
3;3;2;73;1;1;9;8;1;3;1970;73;;2;4;1;1;8129110;2022-08-24;0;
3;4;4;77;2;2;6;8;1;3;1982;82;1;3;3;1;1;8129204;2022-08-23;-5;
1;5;5;52;2;2;9;8;1;3;1986;54;1;2;4;1;1;8129208;2022-08-23;-2;
1;3;4;70;2;2;9;8;1;3;1977;77;2;3;3;1;1;8129209;2022-08-23;-7;
1;7;4;56;2;2;7;8;7;2;2020;61;1;3;3;1;1;8129301;2022-08-26;-5;
2;6;6;32;2;2;9;8;3;3;2012;38;1;5;5;1;1;8129303;2022-09-24;-6;
3;5;6;52;1;1;13;8;1;3;1993;50;1;4;5;1;1;8129404;2022-08-25;2;
1;1;4;65;2;2;9;8;1;1;1981;60;;3;4;1;1;8129407;2022-08-25;5;
3;6;6;64;1;1;7;8;1;4;1985;61;1;3;4;1;1;8129603;2022-10-19;3;
3;6;6;45;2;2;9;8;1;3;1996;51;1;4;4;1;1;8129606;2022-10-19;-6;
3;7;7;24;2;2;11;8;8;3;2020;25;1;4;4;1;1;8129607;2022-10-19;-1;
2;4;4;52;2;2;9;8;1;2;1993;52;2;3;4;1;1;8129901;2022-08-27;0;
3;7;7;57;2;2;11;8;1;4;1982;56;1;5;5;1;1;8129905;2022-08-27;1;
1;5;5;53;2;2;9;8;1;3;1987;54;1;4;4;1;1;8129908;2022-08-27;-1;
3;5;4;44;1;1;9;8;1;3;2001;33;1;4;4;1;1;8129909;2022-08-27;11;
2;7;7;30;1;1;14;8;2;3;2016;31;1;5;4;1;1;8130201;2022-08-29;-1;
3;6;7;51;2;2;13;8;1;4;2000;53;1;5;4;1;1;8130301;2022-08-30;-2;
3;7;7;36;2;2;15;8;8;3;2013;30;1;5;4;1;1;8130304;2022-08-30;6;
2;7;7;34;1;1;13;8;1;3;2010;32;1;4;5;1;1;8130307;2022-08-30;2;
1;6;6;22;2;2;9;8;8;4;2018;24;1;4;4;1;1;8130401;2022-08-26;-2;
1;4;3;71;2;2;1;8;1;3;1974;72;;4;3;1;1;8130404;2022-08-25;-1;
2;3;4;71;1;1;1;8;1;3;1978;68;;3;3;1;1;8130405;2022-08-25;3;
3;5;4;46;2;2;7;8;1;3;2003;47;1;4;5;1;1;8130407;2022-08-26;-1;
1;5;5;54;2;2;7;8;1;1;2006;56;1;4;4;1;1;8130504;2022-08-30;-2;
1;7;7;36;2;2;9;8;1;1;2011;40;1;5;5;1;1;8130505;2022-08-30;-4;
3;7;7;47;1;1;11;8;1;3;2015;36;1;5;5;1;1;8130508;2022-08-30;11;
1;1;3;83;2;2;6;8;1;3;1960;93;;3;3;1;1;8130602;2022-08-26;-10;
3;7;7;66;1;1;7;8;1;3;1970;64;1;5;5;1;1;8130605;2022-08-26;2;
3;5;6;45;1;1;11;8;1;3;2005;40;1;5;5;1;1;8130606;2022-08-26;5;
2;6;6;29;2;2;13;8;2;3;2010;31;1;5;4;1;1;8130701;2022-10-03;-2;
3;1;4;76;2;2;7;8;1;3;1972;78;2;3;5;1;1;8130804;2022-08-29;-2;
3;6;5;29;2;2;11;8;8;3;2018;37;1;5;4;1;1;8130808;2022-08-29;-8;
3;3;5;72;1;1;7;8;1;3;1970;69;1;4;4;1;1;8130809;2022-08-29;3;
1;6;6;36;2;2;11;8;8;2;2001;39;1;4;5;1;1;8130904;2022-08-29;-3;
2;5;6;51;2;2;7;8;6;3;2010;39;1;4;5;1;1;8130905;2022-08-29;12;
1;6;6;21;2;2;11;8;2;1;2003;42;1;4;5;1;1;8130907;2022-08-29;-21;
2;5;6;65;1;1;8;8;1;4;1985;63;;3;4;1;1;8130909;2022-08-29;2;
2;5;5;56;2;2;1;8;1;2;1994;57;;5;3;1;1;8131004;2022-10-25;-1;
3;4;4;57;1;1;1;8;1;4;1995;55;2;3;3;1;1;8131007;2022-10-25;2;
2;5;5;35;2;2;9;8;1;3;2017;38;1;3;3;1;1;8131101;2022-10-10;-3;
2;5;5;31;1;1;13;8;8;3;2012;28;1;4;4;1;1;8131103;2022-10-10;3;
2;3;5;50;2;2;11;8;1;3;2007;47;2;3;4;1;1;8131201;2022-10-19;3;
2;4;4;45;2;2;1;8;1;3;1998;47;2;3;3;1;1;8131205;2022-10-19;-2;
3;6;5;57;1;1;7;8;1;4;1994;56;2;;3;1;1;8131209;2022-10-20;1;
2;6;5;36;2;2;9;8;1;3;2003;40;1;5;4;1;1;8131301;2022-10-19;-4;
1;5;5;41;2;2;9;8;1;4;2009;48;1;3;4;1;1;8131303;2022-10-19;-7;
2;5;5;43;2;2;11;8;2;3;2010;50;;4;4;1;1;8131304;2022-10-19;-7;
1;5;6;38;2;2;7;8;8;6;2003;39;1;5;3;1;1;8131307;2022-10-19;-1;
3;3;3;51;2;2;7;8;7;6;2020;41;1;5;3;1;1;8131308;2022-10-19;10;
3;5;5;43;1;1;9;8;1;2;2015;33;1;4;4;1;1;8131401;2022-10-23;10;
3;5;6;55;1;1;9;8;1;2;1997;50;1;3;4;1;1;8131407;2022-10-24;5;
3;3;5;67;1;1;7;8;1;4;2018;60;2;4;4;1;1;8131606;2022-10-08;7;
3;5;4;78;2;2;7;8;1;1;1997;89;2;4;2;1;1;8131709;2022-09-25;-11;
3;1;1;29;2;2;13;8;8;2;2013;28;1;3;4;1;1;8131801;2022-09-25;1;
3;7;7;25;2;2;13;8;2;4;2022;27;1;4;5;1;1;8131802;2022-09-25;-2;
3;3;6;57;2;2;9;8;8;4;1983;58;2;4;4;1;1;8131807;2022-10-16;-1;
3;5;6;56;1;2;9;8;1;4;1990;58;1;4;4;1;1;8131808;2022-10-16;-2;
;3;3;29;2;2;7;8;8;;2006;27;1;5;3;1;1;8131906;2022-10-08;2;
1;7;5;34;2;2;9;8;1;4;2002;45;1;4;5;1;1;8132104;2022-10-05;-11;
3;6;6;39;1;1;15;8;1;4;2005;40;1;4;4;1;1;8132109;2022-10-19;-1;
2;4;5;52;2;2;9;8;8;3;2000;53;1;4;3;1;1;8132601;2022-10-25;-1;
3;5;4;32;2;2;9;8;8;2;2005;46;1;3;3;1;1;8132605;2022-10-25;-14;
2;6;5;44;2;2;13;8;1;6;2001;43;1;4;4;1;1;8132901;2022-09-29;1;
2;6;6;77;1;2;7;8;1;3;1970;77;;4;4;1;1;8132903;2022-09-29;0;
2;7;5;40;2;2;9;8;1;3;1994;48;1;3;3;1;1;8132904;2022-09-29;-8;
3;7;7;49;1;1;9;8;5;3;2022;63;1;4;4;1;1;8132906;2022-09-29;-14;
2;6;6;61;1;1;9;8;1;3;1990;59;;4;4;1;1;8132909;2022-09-29;2;
2;6;6;69;2;2;7;8;1;3;1986;63;;3;4;1;1;8133102;2022-09-29;6;
3;6;7;26;2;2;11;8;8;3;2019;27;1;4;3;1;1;8133105;2022-09-29;-1;
2;7;7;42;2;2;9;8;8;2;2008;35;1;4;4;1;1;8133106;2022-09-29;7;
3;6;6;37;1;1;11;8;1;1;2000;40;1;4;4;1;1;8133301;2022-09-18;-3;
1;7;4;33;2;2;13;8;8;2;2019;34;1;5;4;1;1;8133304;2022-09-18;-1;
3;7;6;32;1;1;15;8;8;4;2019;35;1;4;4;1;1;8133306;2022-09-26;-3;
2;6;6;42;2;2;14;8;1;3;2018;52;1;3;4;1;1;8133603;2022-08-18;-10;
2;6;6;57;2;2;9;8;1;3;1992;57;1;4;4;1;1;8133702;2022-09-22;0;
3;7;7;42;1;1;15;8;2;2;2021;28;1;5;5;1;1;8133703;2022-09-24;14;
3;6;6;43;2;2;13;8;1;4;1997;49;1;4;4;1;1;8133710;2022-09-22;-6;
3;6;5;80;1;1;6;8;1;;1990;53;1;3;3;1;1;8133901;2022-08-29;27;
;7;7;61;1;1;9;8;2;;2008;70;1;4;4;1;1;8133904;2022-08-29;-9;
2;7;7;58;2;2;11;8;1;3;1991;58;1;4;4;1;1;8133905;2022-09-14;0;
2;6;6;49;2;2;9;8;1;4;1992;53;1;3;4;1;1;8133906;2022-09-23;-4;
2;3;5;65;2;2;9;8;1;2;1992;62;2;3;4;1;1;8133908;2022-10-10;3;
3;5;4;35;1;1;9;8;2;3;2021;31;1;3;3;1;1;8134101;2022-10-09;4;
2;5;5;35;2;2;11;8;2;4;2001;40;1;4;3;1;1;8134102;2022-10-09;-5;
3;6;3;47;2;2;9;8;5;2;2020;37;1;3;3;1;1;8134202;2022-09-15;10;
3;3;7;69;2;2;15;8;2;4;2002;78;2;3;5;1;1;8134205;2022-09-19;-9;
1;5;6;67;2;2;9;8;1;6;1986;88;2;3;3;1;1;8134206;2022-08-22;-21;
3;1;4;68;2;2;9;8;1;4;1976;70;2;2;3;1;1;8134209;2022-09-27;-2;
2;5;6;61;2;2;13;8;1;4;1985;63;1;3;4;1;1;8134210;2022-10-10;-2;
3;7;6;47;2;2;9;8;8;4;1998;60;1;5;4;1;1;8134303;2022-10-09;-13;
1;7;7;54;2;2;9;8;1;2;1994;53;1;4;5;1;1;8134304;2022-09-30;1;
3;7;6;27;2;2;13;8;2;1;2022;42;1;4;4;1;1;8134308;2022-10-03;-15;
2;5;5;45;2;2;7;8;1;2;1996;55;1;2;4;1;1;8134401;2022-08-28;-10;
3;7;5;42;2;2;12;8;1;5;2005;45;1;5;4;1;1;8134405;2022-09-12;-3;
2;5;6;50;2;2;9;8;1;5;2010;53;2;4;4;1;1;8134608;2022-08-21;-3;
2;7;7;68;1;1;15;9;1;1;1993;64;2;5;4;1;1;9100202;2022-10-19;4;
3;7;7;71;1;1;15;9;1;5;1975;67;1;5;4;1;1;9100203;2022-10-19;4;
3;7;7;33;1;1;15;9;8;1;2019;35;1;3;4;1;1;9100207;2022-10-21;-2;
3;3;4;46;2;2;9;9;1;1;2018;51;1;3;3;1;1;9100501;2022-10-21;-5;
3;6;6;59;2;2;10;9;1;3;1983;60;1;3;5;1;1;9100502;2022-10-22;-1;
1;6;5;45;2;2;9;9;1;6;1999;51;1;5;4;1;1;9100503;2022-10-22;-6;
1;5;6;65;2;2;6;9;2;2;1996;70;1;4;3;1;1;9100504;2022-10-22;-5;
1;4;2;72;2;2;7;9;7;3;1989;72;1;1;2;1;1;9100505;2022-10-22;0;
;6;6;49;2;2;14;9;1;;1995;50;;4;4;1;1;9100507;2022-10-22;-1;
3;6;6;54;2;2;15;9;1;5;1992;72;2;4;4;1;1;9100601;2022-10-22;-18;
3;6;7;57;1;1;9;9;1;5;1989;62;1;3;4;1;1;9100602;2022-10-22;-5;
2;5;6;81;1;1;9;9;1;5;1963;82;1;3;4;1;1;9100604;2022-10-22;-1;
;;7;77;2;2;9;9;7;;1982;77;2;4;2;1;1;9100608;2022-10-24;0;
3;;;50;2;2;7;9;1;6;1983;33;2;4;3;1;1;9100609;2022-10-24;17;
2;6;6;38;2;2;9;9;2;4;2006;43;1;4;4;1;1;9100703;2022-09-21;-5;
3;7;7;37;1;1;11;9;1;5;2005;37;1;4;5;1;1;9100705;2022-09-21;0;
3;7;7;63;1;1;9;9;2;3;2019;65;1;3;4;1;1;9100706;2022-09-22;-2;
3;7;7;27;1;1;9;9;2;4;2020;30;1;5;4;1;1;9100707;2022-09-22;-3;
3;7;7;34;1;1;9;9;2;3;2016;30;1;4;4;1;1;9100708;2022-09-22;4;
3;5;5;31;2;2;15;9;2;5;2018;30;1;3;4;1;1;9100709;2022-09-22;1;
1;6;6;31;2;2;14;9;2;6;2000;30;1;4;5;1;1;9100901;2022-10-01;1;
3;7;7;75;2;2;7;9;2;3;2022;66;1;1;5;1;1;9100903;2022-10-01;9;
2;5;6;40;2;2;9;9;8;2;1998;40;1;4;4;1;1;9100905;2022-10-01;0;
2;5;5;25;2;2;14;9;1;2;2019;32;1;4;4;1;1;9100907;2022-10-03;-7;
2;6;7;19;2;2;9;9;8;2;2020;20;1;4;4;1;1;9100909;2022-10-03;-1;
3;7;7;47;1;1;7;9;1;3;2017;38;1;4;4;1;1;9100910;2022-10-03;9;
3;5;5;54;1;1;13;9;1;6;2000;48;1;4;4;1;1;9101005;2022-09-27;6;
1;5;5;45;2;2;7;9;1;6;1996;49;1;3;4;1;1;9101009;2022-09-08;-4;
3;7;7;67;2;2;9;9;1;2;1973;69;1;4;4;1;1;9101201;2022-09-27;-2;
3;5;5;25;2;2;9;9;1;4;2019;27;1;3;4;1;1;9101202;2022-10-01;-2;
1;7;7;63;2;2;11;9;1;5;1987;55;1;5;4;1;1;9101204;2022-10-01;8;
2;7;7;66;2;2;11;9;1;5;1985;63;2;2;3;1;1;9101205;2022-10-01;3;
2;1;4;54;2;2;7;9;6;2;2012;50;1;2;3;1;1;9101210;2022-10-04;4;
3;7;7;33;1;1;15;9;8;2;2017;33;1;5;4;1;1;9101301;2022-10-21;0;
3;7;7;37;1;1;9;9;2;5;2017;26;1;5;5;1;1;9101303;2022-10-21;11;
3;;4;70;2;2;10;9;1;3;1973;77;2;1;4;1;1;9101505;2022-10-25;-7;
3;7;7;23;2;2;9;9;8;2;2019;46;1;3;4;1;1;9101507;2022-10-25;-23;
3;6;6;45;1;1;11;9;1;4;2002;39;1;3;3;1;1;9101901;2022-10-15;6;
1;7;7;51;2;2;7;9;1;6;1990;54;1;4;4;1;1;9101904;2022-10-15;-3;
3;4;7;57;1;1;9;9;1;4;2016;57;1;2;2;1;1;9101908;2022-10-17;0;
3;6;5;90;1;1;9;9;1;3;1960;84;2;2;2;1;1;9101909;2022-10-17;6;
3;6;5;31;1;1;9;9;8;3;2018;27;1;4;4;1;1;9102005;2022-09-22;4;
3;7;7;42;1;1;15;9;8;3;2017;40;1;3;4;1;1;9102010;2022-10-02;2;
1;7;6;34;2;2;9;9;2;1;2012;34;1;3;4;1;1;9102101;2022-09-21;0;
1;7;7;49;2;2;9;9;1;6;2005;41;1;5;5;1;1;9102102;2022-09-21;8;
1;7;5;55;2;2;11;9;1;6;1984;57;1;4;5;1;1;9102105;2022-09-22;-2;
3;7;7;49;1;1;10;9;5;5;2021;36;1;5;5;1;1;9102106;2022-08-31;13;
3;6;5;79;2;2;14;9;1;3;1969;79;2;4;4;1;1;9102201;2022-09-09;0;
1;7;6;21;2;2;14;9;2;6;2019;28;1;4;5;1;1;9102204;2022-09-13;-7;
1;6;5;45;2;2;12;9;1;6;2010;53;1;4;4;1;1;9102205;2022-09-13;-8;
1;5;5;62;2;2;7;9;1;6;1987;59;2;3;4;1;1;9102207;2022-09-22;3;
3;7;7;27;1;1;13;9;8;4;2019;23;1;5;4;1;1;9102209;2022-09-22;4;
1;7;6;21;2;2;12;9;2;4;2021;20;1;4;5;1;1;9102301;2022-10-04;1;
3;7;7;46;1;1;9;9;1;4;1994;60;1;5;4;1;1;9102302;2022-10-04;-14;
1;6;5;30;2;2;13;9;2;6;2012;30;1;4;4;1;1;9102303;2022-10-07;0;
3;7;6;47;2;2;10;9;1;4;1996;48;2;3;3;1;1;9102304;2022-10-08;-1;
3;7;7;25;2;2;13;9;8;2;2022;26;1;5;5;1;1;9102305;2022-10-08;-1;
3;6;6;26;1;1;9;9;8;4;2016;26;1;4;3;1;1;9102402;2022-09-21;0;
3;7;7;30;1;1;9;9;2;4;2020;21;1;3;3;1;1;9102403;2022-09-21;9;
3;6;6;36;2;2;13;9;1;3;2013;39;1;3;4;1;1;9102404;2022-09-21;-3;
1;7;7;35;2;2;7;9;2;1;2008;45;1;4;4;1;1;9102406;2022-09-22;-10;
2;6;6;42;2;2;14;9;2;2;2017;41;1;4;4;1;1;9102407;2022-09-22;1;
3;7;7;38;1;1;11;9;1;4;2000;36;1;4;5;1;1;9102408;2022-09-22;2;
3;7;7;32;2;2;15;9;1;3;2022;24;1;3;5;1;1;9102410;2022-09-22;8;
1;6;5;45;2;2;14;9;1;6;1990;48;1;4;4;1;1;9102501;2022-10-21;-3;
2;5;5;26;2;2;14;9;8;5;2020;28;1;4;4;1;1;9102502;2022-10-21;-2;
3;5;6;77;1;1;15;9;1;2;1968;70;2;4;4;1;1;9102503;2022-10-21;7;
3;7;6;28;1;1;14;9;8;;2017;28;1;4;4;1;1;9102504;2022-10-21;0;
3;7;7;63;1;1;11;9;1;5;1985;62;1;4;4;1;1;9102505;2022-10-21;1;
3;5;7;75;2;2;15;9;1;5;1972;81;1;4;5;1;1;9102507;2022-10-21;-6;
2;1;6;65;2;2;9;9;1;3;1978;67;2;3;4;1;1;9102508;2022-10-21;-2;
3;6;7;70;1;1;15;9;1;4;1997;60;1;5;5;1;1;9102509;2022-10-21;10;
3;7;7;28;1;1;11;9;3;3;2022;28;1;5;5;1;1;9102510;2022-10-21;0;
2;6;6;29;2;2;15;9;2;4;2019;28;1;5;3;1;1;9102704;2022-10-17;1;
3;5;5;35;2;2;13;9;1;5;2007;43;1;4;4;1;1;9102901;2022-09-22;-8;
1;6;6;52;2;2;13;9;1;6;1991;58;1;4;4;1;1;9102904;2022-10-06;-6;
1;7;6;46;2;2;11;9;1;6;1994;46;1;4;4;1;1;9103102;2022-10-05;0;
2;6;6;39;1;1;15;9;1;3;2010;37;1;5;4;1;1;9103103;2022-10-17;2;
3;7;7;53;1;1;9;9;1;5;1998;44;1;5;4;1;1;9103104;2022-10-05;9;
2;6;7;58;1;1;9;9;1;3;1986;54;1;3;3;1;1;9103107;2022-10-17;4;
3;5;6;55;1;1;11;9;1;4;1988;56;1;4;5;1;1;9103109;2022-10-17;-1;
2;2;4;53;2;2;15;9;8;2;2016;38;1;3;3;1;1;9103203;2022-10-07;15;
3;3;6;75;1;1;6;9;1;;1970;72;2;2;1;1;1;9103208;2022-10-22;3;
3;7;7;37;1;1;14;9;5;1;2019;36;1;4;4;1;1;9103301;2022-10-19;1;
3;7;7;58;1;1;9;9;1;5;1988;58;1;3;4;1;1;9103306;2022-10-19;0;
3;6;5;57;1;1;13;9;1;4;1992;52;1;4;4;1;1;9103307;2022-10-19;5;
2;5;5;45;2;2;11;9;8;5;2021;68;1;3;4;1;1;9103404;2022-08-25;-23;
2;5;3;50;2;2;7;9;1;3;2002;50;1;3;4;1;1;9103406;2022-08-21;0;
3;4;5;68;2;2;7;9;1;4;1976;75;1;3;3;1;1;9103409;2022-08-26;-7;
1;3;3;62;2;2;7;9;1;5;2010;56;1;3;3;1;1;9103410;2022-08-27;6;
3;7;7;41;2;2;9;9;8;2;2015;46;;3;3;1;1;9103504;2022-10-11;-5;
1;7;7;50;2;2;9;9;1;6;1995;50;;5;5;1;1;9103505;2022-10-14;0;
1;3;5;41;2;2;9;9;8;2;2006;41;1;3;4;1;1;9103507;2022-10-19;0;
1;7;7;60;2;2;7;9;1;4;1985;57;;4;3;1;1;9103508;2022-10-19;3;
2;7;7;54;2;2;15;9;1;2;1997;52;1;4;4;1;1;9103602;2022-10-18;2;
3;7;7;54;2;2;9;9;8;2;2000;50;1;5;4;1;1;9103603;2022-10-18;4;
2;7;6;29;2;2;15;9;8;2;2019;32;1;5;4;1;1;9103605;2022-10-18;-3;
1;7;7;46;2;2;13;9;8;2;2008;53;1;4;5;1;1;9103606;2022-10-18;-7;
3;6;7;65;2;2;15;9;1;2;1988;62;1;4;5;1;1;9103607;2022-10-18;3;
1;7;7;48;1;1;15;9;1;5;2004;42;1;3;5;1;1;9103609;2022-10-18;6;
1;7;7;38;2;2;9;9;1;6;2003;40;1;5;5;1;1;9103702;2022-10-19;-2;
3;5;5;82;1;1;13;9;1;4;1973;64;1;4;4;1;1;9103801;2022-10-13;18;
2;5;4;25;2;2;14;9;8;5;2022;26;1;3;3;1;1;9103803;2022-10-13;-1;
2;5;5;74;1;1;10;9;1;2;1972;74;1;4;4;1;1;9103804;2022-10-13;0;
1;6;5;55;2;2;9;9;;6;1996;64;1;3;3;1;1;9103808;2022-10-13;-9;
2;6;6;49;2;2;9;9;1;2;2015;43;1;3;5;1;1;9104102;2022-09-23;6;
3;7;7;47;2;2;9;9;8;2;2011;56;1;4;5;1;1;9104105;2022-09-23;-9;
3;7;7;29;1;1;13;9;2;4;2021;27;1;5;4;1;1;9104106;2022-09-24;2;
3;7;7;26;1;1;13;9;1;4;2016;21;1;5;5;1;1;9104109;2022-09-24;5;
3;5;7;22;2;2;13;9;8;2;2021;25;1;4;5;1;1;9104301;2022-10-06;-3;
1;6;4;56;2;2;10;9;1;6;1988;59;1;4;4;1;1;9104302;2022-10-06;-3;
3;6;6;26;2;2;15;9;8;4;2020;27;1;4;4;1;1;9104304;2022-10-09;-1;
3;5;6;60;1;1;13;9;1;5;1988;63;2;5;5;1;1;9104305;2022-10-09;-3;
3;7;7;24;2;2;9;9;2;3;2018;23;1;5;4;1;1;9104308;2022-10-15;1;
1;5;6;62;2;2;7;9;1;6;1975;73;1;3;4;1;1;9104401;2022-08-20;-11;
3;2;4;82;2;2;7;9;1;3;1966;85;2;2;3;1;1;9104402;2022-09-01;-3;
3;7;7;30;1;1;9;9;1;4;2011;26;1;5;4;1;1;9104504;2022-08-28;4;
3;6;6;69;1;1;7;9;1;3;1962;72;1;4;4;1;1;9104704;2022-09-15;-3;
3;7;5;25;2;2;13;9;2;4;2018;30;1;5;4;1;1;9104705;2022-09-20;-5;
3;7;7;67;1;1;7;9;1;3;1998;56;1;4;4;1;1;9104709;2022-09-20;11;
3;6;4;68;2;2;7;9;1;3;1970;68;2;4;4;1;1;9104710;2022-09-20;0;
3;6;5;39;1;1;15;9;8;3;2017;38;1;5;4;1;1;9104801;2022-10-25;1;
2;1;6;81;2;2;7;9;1;4;2009;88;;2;3;1;1;9104804;2022-10-26;-7;
1;7;7;59;2;2;15;9;5;6;2010;50;1;4;4;1;1;9104805;2022-10-25;9;
2;3;5;41;2;2;9;9;1;2;2005;42;1;4;4;1;1;9104902;2022-09-29;-1;
2;6;7;48;2;2;9;9;1;2;1990;53;1;4;4;1;1;9104904;2022-09-29;-5;
3;6;6;19;2;2;14;9;8;3;2021;20;1;4;4;1;1;9104905;2022-09-29;-1;
3;2;3;29;2;2;15;9;8;4;2018;26;2;3;3;1;1;9104906;2022-09-30;3;
2;6;6;60;2;2;7;9;1;2;1980;64;1;4;4;1;1;9104909;2022-09-30;-4;
1;7;7;37;2;2;9;9;2;6;2010;31;1;4;5;1;1;9104910;2022-09-30;6;
2;7;5;50;2;2;9;9;2;2;2003;56;1;4;4;1;1;9105001;2022-09-27;-6;
1;7;6;34;2;2;15;9;2;2;2005;38;1;4;5;1;1;9105003;2022-09-27;-4;
2;5;7;48;2;2;9;9;1;2;1996;49;1;4;4;1;1;9105004;2022-09-27;-1;
3;7;7;27;1;1;14;9;8;4;2020;24;1;3;4;1;1;9105007;2022-09-28;3;
1;7;5;39;2;2;9;9;2;2;2015;44;1;5;5;1;1;9105010;2022-09-28;-5;
3;6;6;42;2;2;15;9;8;4;2020;30;1;4;4;1;1;9105101;2022-09-27;12;
3;7;7;51;1;1;15;9;1;3;2008;48;1;4;4;1;1;9105202;2022-10-12;3;
3;4;6;74;2;2;17;9;1;1;1970;79;2;3;4;1;1;9105203;2022-10-12;-5;
2;6;6;63;2;2;15;9;1;6;1987;59;1;4;3;1;1;9105205;2022-10-12;4;
3;6;6;68;1;1;14;9;1;1;1991;64;1;4;4;1;1;9105206;2022-10-12;4;
1;4;5;66;2;2;10;9;1;1;1976;66;2;2;3;1;1;9105208;2022-10-12;0;
1;7;1;50;2;2;9;9;1;1;1986;60;1;3;4;1;1;9105209;2022-10-13;-10;
3;5;6;34;1;1;9;9;2;3;2010;35;1;3;4;1;1;9105401;2022-10-10;-1;
3;7;6;37;2;2;15;9;6;3;2018;60;1;4;4;1;1;9105403;2022-10-21;-23;
1;7;5;39;2;2;9;9;1;3;2007;38;1;4;4;1;1;9105502;2022-10-03;1;
1;5;7;35;2;2;9;9;3;5;2006;34;1;4;4;1;1;9105503;2022-10-03;1;
2;7;7;30;2;2;9;9;8;1;2009;33;1;4;4;1;1;9105505;2022-10-04;-3;
2;7;7;24;2;2;9;9;8;3;2020;30;1;4;4;1;1;9105506;2022-10-04;-6;
1;7;7;55;2;2;7;9;1;2;2010;54;1;5;4;1;1;9105508;2022-10-04;1;
3;3;4;32;2;2;9;9;8;2;2014;31;1;3;3;1;1;9105509;2022-10-04;1;
1;7;5;48;2;2;7;9;1;6;2000;47;1;3;4;1;1;9105510;2022-10-05;1;
2;7;6;43;1;1;9;9;2;6;2002;47;1;4;4;1;1;9105701;2022-10-08;-4;
3;6;6;31;2;2;15;9;8;3;2014;32;1;5;5;1;1;9105707;2022-10-10;-1;
3;7;7;36;1;1;9;9;8;5;2008;34;1;4;4;1;1;9105709;2022-10-10;2;
3;7;7;20;1;1;12;9;2;5;2022;21;1;4;4;1;1;9105710;2022-10-10;-1;
1;6;5;49;2;2;15;9;1;6;2000;62;1;4;4;1;1;9105902;2022-10-11;-13;
1;6;6;63;2;2;15;9;1;6;1987;63;1;4;4;1;1;9105903;2022-10-11;0;
3;7;7;65;1;1;17;9;1;3;1980;65;1;4;4;1;1;9105904;2022-10-11;0;
2;5;5;71;2;2;15;9;1;1;1975;70;2;4;4;1;1;9105905;2022-10-11;1;
3;7;7;40;1;1;17;9;1;4;2015;32;1;4;5;1;1;9105906;2022-10-11;8;
3;6;6;50;1;1;16;9;1;4;2015;34;1;4;4;1;1;9105907;2022-10-11;16;
1;6;6;61;2;2;15;9;1;5;1985;64;1;4;5;1;1;9105909;2022-10-11;-3;
3;6;5;30;2;2;9;9;8;2;2017;31;1;4;4;1;1;9106005;2022-10-19;-1;
2;7;7;75;2;2;7;9;1;3;1978;67;;3;3;1;1;9106105;2022-10-20;8;
1;7;6;23;2;2;9;9;2;6;2013;28;1;5;4;1;1;9106108;2022-10-20;-5;
1;6;5;25;2;2;9;9;1;6;2014;26;1;4;4;1;1;9106110;2022-10-20;-1;
2;4;5;55;2;2;9;9;1;4;1989;60;2;4;4;1;1;9106307;2022-10-17;-5;
2;5;6;35;2;2;9;9;8;2;2010;34;1;3;4;1;1;9106501;2022-10-03;1;
3;7;4;36;2;2;9;9;1;5;2006;35;1;3;4;1;1;9106504;2022-10-03;1;
2;4;4;27;2;2;11;9;2;2;2014;28;1;4;4;1;1;9106506;2022-10-04;-1;
2;7;6;43;2;2;9;9;8;2;1999;44;1;3;4;1;1;9106507;2022-10-04;-1;
1;7;7;35;2;2;10;9;2;6;2003;44;1;3;5;1;1;9106509;2022-10-04;-9;
2;6;6;55;2;2;13;9;1;2;2002;64;1;4;4;1;1;9106605;2022-10-18;-9;
2;4;5;58;2;2;13;9;1;5;1993;55;1;4;4;1;1;9106608;2022-10-16;3;
1;3;5;57;2;2;9;9;1;4;1992;51;;3;3;1;1;9106609;2022-10-17;6;
3;7;7;51;2;2;9;9;1;2;2004;51;1;5;5;1;1;9106701;2022-10-08;0;
3;7;7;38;1;1;9;9;1;3;2013;32;1;3;4;1;1;9106702;2022-10-08;6;
3;7;5;27;2;2;15;9;2;4;2018;32;1;4;4;1;1;9106705;2022-10-08;-5;
3;7;7;41;1;1;7;9;2;4;2020;38;1;4;4;1;1;9106706;2022-10-08;3;
2;6;6;56;1;1;11;9;1;2;2015;50;1;4;4;1;1;9106707;2022-10-10;6;
1;4;3;56;2;2;9;9;2;6;1980;60;1;3;4;1;1;9106708;2022-10-10;-4;
3;7;6;39;2;2;17;9;8;2;2014;37;1;4;4;1;1;9106801;2022-09-30;2;
3;4;5;42;1;1;9;9;8;5;2006;42;1;4;4;1;1;9106805;2022-10-18;0;
3;6;7;80;1;1;14;9;1;3;1967;78;2;4;4;1;1;9106901;2022-09-26;2;
2;7;6;54;2;2;9;9;1;6;1987;57;1;4;4;1;1;9106902;2022-10-12;-3;
3;7;7;35;2;2;12;9;2;2;2003;37;1;4;5;1;1;9106903;2022-10-12;-2;
2;7;6;63;2;2;7;9;7;3;1984;58;2;3;4;1;1;9106905;2022-09-27;5;
3;7;5;36;2;2;15;9;2;2;2006;41;1;4;4;1;1;9106906;2022-10-13;-5;
;7;6;23;1;1;14;9;8;;2021;28;1;5;5;1;1;9107004;2022-10-18;-5;
2;3;3;45;2;2;13;9;2;2;2009;47;1;5;3;1;1;9107103;2022-10-05;-2;
1;6;5;58;2;2;13;9;5;2;1986;61;1;2;5;1;1;9107105;2022-10-05;-3;
3;7;7;21;1;1;9;9;8;5;2020;22;1;5;4;1;1;9107107;2022-10-17;-1;
2;6;5;43;2;2;9;9;1;5;2014;62;1;3;4;1;1;9107109;2022-10-17;-19;
2;1;7;77;2;2;9;9;1;2;1950;82;2;3;4;1;1;9107201;2022-10-04;-5;
3;7;7;58;2;2;7;9;1;3;1980;68;2;2;3;1;1;9107202;2022-10-04;-10;
1;7;4;61;2;2;7;9;1;2;1980;58;1;2;4;1;1;9107203;2022-10-04;3;
3;6;7;27;1;1;9;9;2;3;2015;30;1;4;5;1;1;9107204;2022-10-04;-3;
3;7;6;40;2;2;11;9;2;2;2005;50;1;4;5;1;1;9107206;2022-10-05;-10;
1;7;7;34;2;2;14;9;1;2;2012;38;1;4;4;1;1;9107209;2022-10-05;-4;
1;7;5;47;2;2;9;9;1;1;2000;49;1;3;4;1;1;9107303;2022-08-29;-2;
1;7;7;56;2;2;10;9;2;1;2002;58;2;3;4;1;1;9107308;2022-09-08;-2;
3;7;7;29;1;1;1;9;2;3;2020;26;1;3;3;1;1;9107309;2022-09-01;3;
3;6;6;59;2;2;9;9;1;3;1991;69;1;4;4;1;1;9107402;2022-08-23;-10;
1;2;7;49;2;2;7;9;1;6;1991;48;2;4;5;1;1;9107403;2022-08-23;1;
2;7;6;39;2;2;12;9;8;3;1997;40;1;4;4;1;1;9107501;2022-10-01;-1;
3;6;5;23;2;2;15;9;8;5;2022;23;1;4;4;1;1;9107502;2022-10-01;0;
3;7;7;40;2;2;9;9;1;5;1997;44;1;4;4;1;1;9107503;2022-10-01;-4;
3;1;5;44;2;2;7;9;1;2;1998;44;2;4;3;1;1;9107505;2022-10-02;0;
3;3;4;46;2;2;9;9;1;2;2009;59;1;3;3;1;1;9107506;2022-10-02;-13;
3;6;6;44;1;1;9;9;1;3;1996;39;1;3;4;1;1;9107507;2022-10-05;5;
3;6;5;32;2;2;10;9;2;4;2012;38;1;3;4;1;1;9107509;2022-10-03;-6;
2;6;5;42;2;2;7;9;1;4;1998;52;1;4;4;1;1;9107510;2022-10-03;-10;
3;6;6;57;1;1;9;9;1;2;1989;55;1;3;4;1;1;9107601;2022-09-01;2;
1;2;6;61;2;2;7;9;2;6;1985;66;2;3;3;1;1;9107602;2022-09-01;-5;
3;6;6;41;1;1;11;9;1;6;2001;40;1;4;4;1;1;9107606;2022-09-01;1;
2;7;6;25;2;2;9;9;2;1;2019;36;1;5;4;1;1;9107701;2022-10-04;-11;
3;5;6;51;2;2;13;9;1;4;2000;51;1;4;4;1;1;9107703;2022-10-18;0;
1;5;7;78;2;2;12;9;1;6;1965;79;;4;4;1;1;9107802;2022-10-08;-1;
3;7;7;22;1;1;14;9;8;5;2020;23;1;4;4;1;1;9107807;2022-10-18;-1;
1;7;6;53;2;2;10;9;1;;1990;57;1;4;4;1;1;9107808;2022-10-18;-4;
2;5;5;34;2;2;14;9;2;2;2015;32;1;4;3;1;1;9107903;2022-10-22;2;
2;7;6;32;2;2;15;9;2;2;2012;29;1;3;3;1;1;9107905;2022-10-27;3;
3;4;6;55;1;1;9;9;1;4;1980;51;1;3;3;1;1;9107906;2022-10-27;4;
1;7;4;25;2;2;15;9;2;6;2016;35;1;3;3;1;1;9107909;2022-10-27;-10;
3;6;5;30;2;2;13;9;1;3;2013;32;1;4;4;1;1;9107910;2022-10-27;-2;
3;6;7;70;2;2;7;9;1;2;1973;76;1;3;4;1;1;9108104;2022-09-05;-6;
3;6;5;20;2;2;9;9;2;2;2022;25;1;4;4;1;1;9108106;2022-09-05;-5;
1;7;5;54;2;2;9;9;1;6;1996;56;1;4;4;1;1;9108108;2022-09-13;-2;
1;3;1;55;2;2;7;9;1;6;1985;62;2;1;4;1;1;9108109;2022-09-14;-7;
3;7;5;32;2;2;9;9;2;3;2021;36;1;3;4;1;1;9108110;2022-09-14;-4;
3;5;4;34;2;2;17;9;8;4;2022;32;1;4;4;1;1;9108301;2022-10-14;2;
3;7;5;32;2;2;15;9;8;2;2021;33;1;5;5;1;1;9108303;2022-10-14;-1;
2;5;4;27;2;2;14;9;8;2;2020;24;1;2;3;1;1;9108307;2022-10-24;3;
3;3;4;63;1;1;9;9;1;6;1983;60;2;1;3;1;1;9108310;2022-10-25;3;
3;7;5;53;1;1;13;9;2;2;2015;40;1;4;3;1;1;9108403;2022-09-09;13;
2;4;7;24;2;2;7;9;2;2;2017;29;1;3;4;1;1;9108405;2022-09-21;-5;
2;6;7;45;2;2;7;9;2;1;2003;64;1;3;4;1;1;9108407;2022-09-22;-19;
3;6;7;60;1;1;15;9;1;3;2012;43;1;5;5;1;1;9108409;2022-10-09;17;
1;7;7;72;1;1;11;9;1;5;1971;74;2;4;4;1;1;9108502;2022-11-19;-2;
3;7;6;35;1;1;13;9;8;3;2022;32;1;5;5;1;1;9108503;2022-11-19;3;
3;7;7;47;1;1;15;9;6;4;1991;51;1;4;4;1;1;9108505;2022-11-19;-4;
3;6;6;56;1;1;13;9;1;4;1989;56;1;4;4;1;1;9108506;2022-11-19;0;
1;7;6;58;2;2;7;9;1;1;1988;59;1;3;3;1;1;9108701;2022-09-27;-1;
1;7;6;30;2;2;9;9;1;6;2011;43;1;4;4;1;1;9108705;2022-09-27;-13;
3;6;7;29;1;1;9;9;1;4;2010;28;1;5;4;1;1;9108706;2022-09-27;1;
1;6;6;56;2;2;7;9;1;6;1990;57;2;4;4;1;1;9108710;2022-09-28;-1;
3;7;7;66;1;1;14;9;1;5;1991;60;1;4;4;1;1;9108805;2022-10-13;6;
2;6;6;52;2;2;11;9;1;2;1992;52;1;4;4;1;1;9108902;2022-10-21;0;
3;5;6;86;2;2;9;9;2;;2021;72;1;1;4;1;1;9108903;2022-10-21;14;
3;4;5;74;2;2;7;9;1;3;1964;80;2;4;4;1;1;9108908;2022-10-22;-6;
1;5;6;23;2;2;9;9;2;6;2019;34;2;4;4;1;1;9108909;2022-10-22;-11;
3;7;5;69;1;1;6;9;2;3;1986;74;1;3;3;1;1;9109102;2022-09-12;-5;
3;5;3;53;1;1;9;9;2;5;2018;51;2;3;4;1;1;9109103;2022-09-12;2;
2;6;6;35;1;1;9;9;1;2;2013;41;1;4;4;1;1;9109104;2022-09-12;-6;
1;5;6;43;2;2;7;9;8;6;2002;47;1;4;4;1;1;9109105;2022-09-13;-4;
3;7;1;51;2;2;7;9;1;3;1980;54;1;4;3;1;1;9109106;2022-09-13;-3;
1;7;7;32;2;2;15;9;2;6;2016;44;1;5;4;1;1;9109201;2022-09-23;-12;
1;5;5;25;2;2;9;9;2;6;2012;33;1;5;4;1;1;9109203;2022-09-23;-8;
2;4;7;84;1;1;10;9;1;4;1962;84;2;4;4;1;1;9109205;2022-10-17;0;
3;5;5;68;1;1;14;9;1;5;1982;65;1;4;4;1;1;9109402;2022-10-14;3;
3;6;6;40;1;1;15;9;1;2;2000;39;1;4;5;1;1;9109403;2022-10-14;1;
2;4;5;23;2;2;14;9;8;2;2020;24;1;4;4;1;1;9109408;2022-10-18;-1;
2;5;7;67;2;2;6;9;1;2;2008;80;1;3;5;1;1;9109505;2022-10-19;-13;
2;6;6;47;2;2;9;9;8;2;1998;46;1;4;4;1;1;9109508;2022-10-21;1;
3;7;7;24;1;1;9;9;8;3;2021;21;1;4;3;1;1;9109509;2022-10-21;3;
2;5;4;25;2;2;14;9;2;6;2017;35;1;2;4;1;1;9109601;2022-10-18;-10;
3;1;4;34;2;2;13;9;1;3;2010;32;2;4;4;1;1;9109603;2022-10-18;2;
2;7;7;20;2;2;9;9;2;2;2021;19;1;3;4;1;1;9109605;2022-10-19;1;
1;6;4;57;2;2;7;9;1;6;1986;56;1;4;4;1;1;9109608;2022-10-19;1;
3;6;7;46;1;1;15;9;1;4;1999;37;1;3;4;1;1;9109610;2022-10-19;9;
3;6;4;66;2;2;7;9;1;3;1983;55;1;4;4;1;1;9109702;2022-10-11;11;
1;6;5;40;2;2;11;9;2;6;2008;38;2;2;3;1;1;9109703;2022-10-11;2;
3;7;7;49;1;1;13;9;2;4;1989;54;2;3;3;1;1;9109706;2022-10-12;-5;
3;5;6;61;2;2;9;9;1;3;1975;65;1;4;3;1;1;9109707;2022-10-12;-4;
3;6;6;62;1;1;7;9;1;4;1979;60;1;4;4;1;1;9109709;2022-10-12;2;
3;5;6;67;1;1;7;9;1;4;1986;56;1;4;4;1;1;9109710;2022-10-12;11;
1;7;5;28;2;2;9;9;1;1;2010;30;1;5;5;1;1;9110101;2022-09-05;-2;
1;7;6;20;2;2;9;9;2;6;2018;20;1;3;4;1;1;9110104;2022-09-06;0;
1;7;7;32;2;2;9;9;2;6;2019;33;1;4;4;1;1;9110105;2022-09-06;-1;
3;5;5;29;2;2;13;9;1;3;2017;29;1;4;4;1;1;9110106;2022-09-06;0;
3;3;7;58;1;1;7;9;1;5;1981;59;1;3;3;1;1;9110202;2022-09-07;-1;
3;7;7;60;1;1;7;9;2;5;1987;54;1;3;3;1;1;9110203;2022-09-07;6;
1;6;6;32;2;2;13;9;2;6;2013;33;1;5;3;1;1;9110301;2022-09-09;-1;
1;7;7;36;2;2;11;9;6;2;2021;26;1;4;4;1;1;9110305;2022-09-01;10;
3;6;6;47;1;1;14;9;2;1;2011;39;2;4;4;1;1;9110307;2022-09-07;8;
3;7;7;74;2;2;15;9;1;2;1970;75;1;5;4;1;1;9110310;2022-09-01;-1;
1;1;6;66;2;2;8;9;1;6;1966;69;2;2;3;1;1;9110501;2022-10-03;-3;
2;4;6;90;1;1;9;9;1;4;1983;77;2;4;4;1;1;9110504;2022-10-03;13;
1;;6;36;2;2;13;9;8;2;2016;38;1;3;4;1;1;9110601;2022-10-05;-2;
1;7;7;28;2;2;7;9;8;2;2011;32;1;5;5;1;1;9110602;2022-10-17;-4;
3;7;7;31;1;1;14;9;2;3;2013;39;1;5;4;1;1;9110704;2022-10-05;-8;
3;6;6;52;2;2;9;9;2;4;2016;49;1;4;4;1;1;9110707;2022-10-06;3;
3;5;5;49;2;2;15;9;1;3;2008;38;1;3;3;1;1;9110708;2022-10-15;11;
3;6;4;34;2;2;15;9;8;3;2013;36;1;4;4;1;1;9110902;2022-10-14;-2;
2;5;5;36;2;2;15;9;1;4;2007;39;1;4;5;1;1;9110908;2022-10-14;-3;
1;5;6;63;2;2;9;9;1;6;1983;72;1;4;4;1;1;9110909;2022-10-14;-9;
3;7;6;34;2;2;15;9;1;1;2011;43;1;4;5;1;1;9111001;2022-10-05;-9;
2;6;3;50;1;1;15;9;6;4;2022;44;1;4;4;1;1;9111002;2022-10-05;6;
3;6;7;42;2;2;9;9;8;4;2020;35;1;4;3;1;1;9111004;2022-10-05;7;
3;6;7;35;1;1;9;9;1;4;2019;34;1;4;4;1;1;9111208;2022-08-28;1;
2;5;5;57;2;2;9;9;1;2;1986;55;1;4;4;1;1;9111210;2022-08-28;2;
3;6;7;43;1;1;11;9;2;4;2015;43;1;3;4;1;1;9111504;2022-10-03;0;
1;7;6;55;2;2;9;9;1;6;1988;56;1;4;5;1;1;9111505;2022-10-03;-1;
3;4;5;26;1;1;9;9;2;4;2018;27;1;4;3;1;1;9111602;2022-10-06;-1;
1;5;4;65;2;2;7;9;2;1;1984;62;1;3;3;1;1;9111603;2022-10-06;3;
3;6;6;69;2;2;9;9;1;2;1984;58;1;4;4;1;1;9111604;2022-10-06;11;
1;5;5;24;2;2;11;9;1;2;2013;27;1;4;4;1;1;9111608;2022-10-07;-3;
2;5;6;24;2;2;15;9;1;6;2017;25;1;3;4;1;1;9111609;2022-10-07;-1;
3;7;7;45;1;1;9;9;1;3;2000;35;1;4;4;1;1;9111610;2022-10-07;10;
3;7;7;66;2;2;11;9;1;3;1978;66;1;3;4;1;1;9112201;2022-10-13;0;
1;7;7;55;2;2;9;9;1;6;1990;55;1;4;4;1;1;9112403;2022-09-24;0;
3;6;7;77;2;2;15;9;1;4;1970;80;1;4;4;1;1;9112404;2022-10-15;-3;
2;6;5;51;2;2;9;9;2;3;2018;46;1;4;4;1;1;9112410;2022-09-22;5;
1;5;6;20;2;2;11;9;2;6;2021;28;2;3;4;1;1;9112902;2022-09-07;-8;
3;7;1;40;2;2;9;9;2;3;2012;49;2;3;3;1;1;9112903;2022-09-07;-9;
1;2;5;61;2;2;7;9;1;6;1977;66;2;3;3;1;1;9112904;2022-09-07;-5;
2;7;1;33;2;2;11;9;2;1;2016;36;1;4;4;1;1;9112905;2022-09-07;-3;
1;7;7;67;2;2;7;9;1;1;1988;61;1;4;5;1;1;9112907;2022-08-18;6;
3;7;6;27;2;2;13;9;2;4;2019;26;1;4;4;1;1;9112910;2022-08-27;1;
1;7;7;60;2;2;12;9;1;1;1992;58;1;3;4;1;1;9113001;2022-08-19;2;
3;7;7;29;1;1;7;9;2;5;2021;26;1;4;5;1;1;9113002;2022-09-07;3;
3;7;6;49;1;1;9;9;1;6;1992;50;1;4;4;1;1;9113004;2022-11-16;-1;
3;5;4;59;2;2;9;9;1;4;1986;61;1;3;4;1;1;9113007;2022-11-16;-2;
1;7;5;52;2;2;7;9;5;6;2012;34;1;4;3;1;1;9113008;2022-11-17;18;
3;6;7;40;2;2;15;9;1;3;2009;49;1;4;5;1;1;9113009;2022-08-19;-9;
1;7;7;26;2;2;9;9;1;2;2015;28;1;5;4;1;1;9113010;2022-11-17;-2;
1;7;7;37;1;1;9;9;1;4;2015;31;1;4;4;1;1;9113201;2022-11-17;6;
1;7;7;60;2;2;7;9;1;6;1986;63;2;4;5;1;1;9113302;2022-11-16;-3;
3;5;1;37;2;2;9;9;2;2;2015;41;1;3;2;1;1;9113303;2022-11-16;-4;
3;6;6;57;2;2;9;9;1;3;1982;63;1;4;4;1;1;9113304;2022-11-16;-6;
1;7;7;59;2;2;7;9;1;6;1992;54;1;4;4;1;1;9113305;2022-11-16;5;
2;7;7;53;2;2;7;9;2;1;1996;48;2;3;4;1;1;9113309;2022-11-17;5;
1;6;7;38;2;2;7;9;1;6;2001;48;1;4;4;1;1;9113402;2022-09-14;-10;
2;5;5;34;2;2;9;9;1;3;2004;42;1;3;3;1;1;9113404;2022-09-20;-8;
1;6;5;45;2;2;7;9;1;6;1994;54;1;3;3;1;1;9113502;2022-11-03;-9;
1;1;4;71;2;2;9;9;1;6;1973;76;2;3;3;1;1;9113604;2022-08-26;-5;
2;5;6;53;2;2;13;9;8;2;1995;51;2;4;4;1;1;9113607;2022-08-26;2;
1;7;5;49;2;2;9;9;2;1;1993;52;1;2;3;1;1;9113609;2022-08-30;-3;
2;6;5;52;2;2;9;9;1;3;1989;58;2;3;4;1;1;9113702;2022-08-31;-6;
1;1;5;81;2;2;6;9;1;1;1969;82;2;4;4;1;1;9113704;2022-11-07;-1;
1;5;5;35;2;2;7;9;5;1;2020;31;1;4;4;1;1;9113705;2022-11-07;4;
1;7;5;46;2;2;9;9;1;6;1999;46;1;4;4;1;1;9113706;2022-11-07;0;
1;6;5;59;2;2;11;9;1;6;1998;59;1;3;4;1;1;9113802;2022-11-02;0;
3;1;4;65;2;2;10;9;1;3;1977;72;2;4;4;1;1;9113804;2022-11-03;-7;
1;5;5;61;2;2;9;9;1;6;1985;64;1;4;4;1;1;9113805;2022-11-03;-3;
1;6;7;28;2;2;9;9;2;1;2012;29;1;3;4;1;1;9113901;2022-10-04;-1;
2;1;4;52;2;2;9;9;1;2;1991;52;2;3;4;1;1;9113906;2022-10-04;0;
1;6;6;37;2;2;11;9;2;6;2021;46;1;3;3;1;1;9114001;2022-08-26;-9;
2;5;1;39;2;2;9;9;1;5;2000;40;1;3;3;1;1;9114002;2022-08-26;-1;
2;7;6;39;2;2;9;9;6;3;2011;42;1;3;4;1;1;9114003;2022-11-07;-3;
2;4;7;26;2;2;10;9;8;1;2015;32;1;4;4;1;1;9114005;2022-11-07;-6;
2;7;6;68;2;2;15;9;1;3;1991;69;2;4;5;1;1;9114204;2022-08-30;-1;
2;3;3;37;2;2;9;9;8;1;2007;43;1;4;3;1;1;9114206;2022-11-04;-6;
1;7;7;57;2;2;7;9;1;6;1987;61;2;4;4;1;1;9114604;2022-10-27;-4;
3;5;5;51;1;1;9;9;1;4;1991;46;1;3;3;1;1;9114606;2022-11-06;5;
3;3;4;37;1;1;13;9;8;5;2007;37;1;5;4;1;1;9114607;2022-11-06;0;
3;7;7;65;1;1;8;9;8;4;1990;54;;4;4;1;1;9114608;2022-11-06;11;
2;7;6;21;2;2;14;9;2;2;2019;22;1;4;4;1;1;9114609;2022-11-06;-1;
3;6;5;36;2;2;15;9;2;2;2021;49;1;5;4;1;1;9114610;2022-11-06;-13;
2;3;6;77;2;2;8;9;1;2;1970;73;;3;4;1;1;9114703;2022-10-18;4;
3;6;6;52;2;2;7;9;1;2;1989;60;;4;4;1;1;9114705;2022-10-19;-8;
3;6;6;58;2;2;10;9;1;3;1985;64;;4;4;1;1;9114706;2022-10-19;-6;
2;7;6;45;2;2;9;9;2;4;2010;48;1;2;4;1;1;9114803;2022-10-27;-3;
3;6;6;29;1;1;9;9;2;4;2014;27;1;4;4;1;1;9114901;2022-11-09;2;
3;7;7;37;2;2;9;9;2;2;2011;38;1;4;4;1;1;9114902;2022-11-09;-1;
3;7;6;32;2;2;9;9;2;4;2008;34;1;4;4;1;1;9114903;2022-11-09;-2;
1;7;7;62;2;2;7;9;1;6;1980;86;2;2;4;1;1;9114904;2022-11-09;-24;
1;6;7;43;2;2;9;9;2;6;1998;44;1;3;4;1;1;9114906;2022-11-09;-1;
1;5;6;48;2;2;9;9;2;6;1998;50;1;3;4;1;1;9114908;2022-11-09;-2;
1;5;5;50;2;2;9;9;1;6;1998;52;2;3;3;1;1;9114909;2022-11-09;-2;
3;5;6;70;1;1;7;9;2;3;2000;68;2;3;3;1;1;9114910;2022-11-09;2;
3;7;4;64;1;1;7;9;1;5;1992;67;;3;3;1;1;9115001;2022-10-28;-3;
3;2;7;67;2;2;9;9;7;3;1993;83;2;3;3;1;1;9115005;2022-11-03;-16;
3;7;3;48;2;2;9;9;8;2;2013;58;1;3;4;1;1;9115008;2022-11-03;-10;
3;6;3;24;2;2;9;9;2;1;2019;25;1;3;4;1;1;9115009;2022-11-03;-1;
1;7;7;45;2;2;7;9;6;6;2004;41;1;4;4;1;1;9115010;2022-11-03;4;
1;4;5;56;2;2;9;9;1;2;1993;55;;3;4;1;1;9115102;2022-10-27;1;
2;6;5;47;2;2;11;9;2;2;1992;51;1;3;4;1;1;9115103;2022-10-27;-4;
3;7;6;42;1;1;7;9;8;3;2005;50;1;4;4;1;1;9115104;2022-10-27;-8;
1;6;6;36;2;2;13;9;2;2;2006;37;1;4;4;1;1;9115105;2022-10-27;-1;
1;7;7;35;2;2;9;9;8;6;2014;37;1;5;4;1;1;9115106;2022-11-03;-2;
3;7;5;52;1;1;9;9;2;5;2004;38;1;3;3;1;1;9115107;2022-11-03;14;
3;5;6;40;1;1;9;9;1;4;2003;39;1;4;4;1;1;9115108;2022-11-03;1;
1;7;7;42;1;1;7;9;8;6;2019;32;1;3;3;1;1;9115110;2022-11-03;10;
3;7;7;28;1;1;12;9;1;2;2022;22;1;4;5;1;1;9115205;2022-11-08;6;
2;6;6;32;2;2;9;9;2;2;2007;42;1;4;4;1;1;9115206;2022-11-08;-10;
3;6;7;71;2;2;15;9;1;3;1976;77;1;4;4;1;1;9115207;2022-11-08;-6;
3;3;5;69;2;2;11;9;1;3;1985;72;2;4;3;1;1;9115208;2022-11-09;-3;
3;3;4;66;1;1;7;9;1;3;2000;72;1;1;1;1;1;9115301;2022-10-14;-6;
1;6;6;30;2;2;9;9;2;2;2014;36;1;4;4;1;1;9115309;2022-10-14;-6;
3;6;5;55;1;1;9;9;2;5;2021;44;1;3;3;1;1;9115401;2022-11-11;11;
2;7;7;22;2;2;11;9;8;5;2020;44;1;4;4;1;1;9115402;2022-11-11;-22;
1;7;7;59;2;2;7;9;5;2;2013;50;1;5;4;1;1;9115403;2022-11-11;9;
1;6;5;32;2;2;9;9;8;6;2014;41;1;3;3;1;1;9115405;2022-11-17;-9;
3;5;6;68;1;1;9;9;1;4;1980;72;1;3;4;1;1;9115406;2022-11-17;-4;
1;6;6;45;2;2;9;9;1;6;2010;45;1;3;4;1;1;9115407;2022-11-17;0;
3;5;6;77;1;1;13;9;1;3;1970;76;2;2;4;1;1;9115408;2022-11-17;1;
3;5;5;37;2;2;13;9;8;4;2001;40;1;3;3;1;1;9115410;2022-10-27;-3;
1;7;6;27;2;2;12;9;2;6;2014;35;1;4;5;1;1;9115502;2022-10-29;-8;
1;6;5;50;2;2;7;9;1;1;1990;60;1;3;3;1;1;9115505;2022-11-01;-10;
3;7;6;52;1;1;9;9;1;3;1994;51;2;4;5;1;1;9115506;2022-11-01;1;
2;7;7;50;2;2;9;9;1;2;2002;72;1;4;4;1;1;9115601;2022-10-10;-22;
3;5;5;44;2;2;9;9;2;3;2004;45;1;3;3;1;1;9115602;2022-10-14;-1;
2;7;6;42;2;2;9;9;1;2;1999;44;1;4;3;1;1;9115604;2022-10-08;-2;
3;4;6;50;2;2;7;9;2;3;2000;58;1;3;3;1;1;9115605;2022-10-08;-8;
3;7;7;21;1;1;9;9;8;3;2020;21;1;4;4;1;1;9115606;2022-10-10;0;
2;5;7;53;1;1;10;9;1;4;2020;42;1;4;4;1;1;9115607;2022-10-10;11;
2;7;6;55;2;2;11;9;2;4;2003;57;1;3;4;1;1;9115608;2022-10-10;-2;
3;7;7;46;2;2;14;9;1;2;1994;47;1;3;4;1;1;9115609;2022-10-10;-1;
3;7;7;24;2;2;11;9;1;2;2019;26;1;5;4;1;1;9115610;2022-10-10;-2;
3;2;7;64;1;1;7;9;1;3;1983;58;2;3;3;1;1;9115706;2022-10-30;6;
2;7;7;75;1;1;7;9;1;4;1967;75;1;3;4;1;1;9115903;2022-10-27;0;
3;7;7;42;2;2;13;9;1;4;2013;27;1;4;4;1;1;9115904;2022-10-27;15;
1;7;7;58;2;2;14;9;1;5;1989;56;1;4;5;1;1;9115905;2022-10-27;2;
2;7;7;30;2;2;8;9;2;4;2015;30;1;3;4;1;1;9115906;2022-10-27;0;
2;7;6;20;2;2;9;9;3;5;2019;30;1;4;4;1;1;9115910;2022-10-27;-10;
3;7;7;40;1;1;9;9;8;3;2017;42;1;4;4;1;1;9116003;2022-11-17;-2;
3;7;6;62;1;1;9;9;8;5;2003;42;2;4;5;1;1;9116006;2022-11-17;20;
2;5;7;65;1;1;9;9;1;4;1982;63;2;4;3;1;1;9116101;2022-11-06;2;
2;1;6;73;2;2;7;9;1;4;1977;72;2;2;2;1;1;9116203;2022-11-10;1;
3;4;5;54;2;2;1;9;1;2;1985;56;1;3;3;1;1;9116204;2022-11-12;-2;
1;7;7;72;2;2;9;9;1;2;1978;70;1;3;3;1;1;9116205;2022-11-18;2;
1;6;5;60;2;2;9;9;1;6;1985;69;1;2;4;1;1;9116206;2022-11-18;-9;
1;3;3;31;2;2;9;9;8;6;2018;48;1;4;4;1;1;9116504;2022-11-04;-17;
1;7;6;41;2;2;12;9;1;6;2009;38;1;3;3;1;1;9116601;2022-11-18;3;
1;4;4;52;2;2;6;9;1;6;1994;53;1;2;4;1;1;9116602;2022-11-18;-1;
1;4;5;74;2;2;7;9;1;6;1979;70;2;2;3;1;1;9116605;2022-11-19;4;
1;2;5;67;2;2;10;9;1;2;1982;72;2;4;4;1;1;9116606;2022-11-19;-5;
3;6;6;37;2;2;13;9;1;4;2006;45;1;5;5;1;1;9116902;2022-10-25;-8;
1;7;5;31;2;2;9;9;8;2;2009;49;1;4;4;1;1;9116903;2022-10-25;-18;
1;4;6;38;2;2;9;9;1;6;2017;32;1;3;4;1;1;9116904;2022-10-25;6;
1;5;6;37;2;2;9;9;1;6;2005;37;1;4;5;1;1;9116905;2022-10-25;0;
2;7;7;60;2;2;10;9;1;2;1991;66;1;4;4;1;1;9116910;2022-11-09;-6;
3;7;4;34;2;2;15;9;8;4;2019;43;1;3;4;1;1;9117001;2022-10-20;-9;
3;6;6;35;1;1;10;9;1;3;2015;30;1;4;4;1;1;9117201;2022-11-04;5;
3;6;6;43;2;2;15;9;8;4;2009;40;1;4;4;1;1;9117202;2022-11-04;3;
3;5;7;78;1;1;15;9;1;5;1967;80;1;4;4;1;1;9117204;2022-11-07;-2;
1;7;7;45;2;2;9;9;1;6;1993;55;1;3;3;1;1;9117301;2022-10-05;-10;
2;3;4;55;2;2;7;9;1;2;2004;43;2;2;3;1;1;9117303;2022-10-08;12;
2;7;7;67;2;2;9;9;2;2;2012;48;1;2;2;1;1;9117305;2022-10-04;19;
2;3;4;47;2;2;7;9;1;2;1992;53;1;4;4;1;1;9117306;2022-10-04;-6;
2;6;5;86;1;1;6;9;1;3;1959;83;2;2;2;1;1;9117308;2022-10-05;3;
3;7;7;43;1;1;7;9;1;5;1999;42;1;4;4;1;1;9117309;2022-10-05;1;
;;6;62;2;2;7;9;1;;1988;62;;3;4;1;1;9117404;2022-10-19;0;
3;4;6;50;2;2;12;9;1;3;1986;53;1;3;3;1;1;9117602;2022-10-31;-3;
1;4;5;61;2;2;9;9;1;6;1981;63;1;2;3;1;1;9117603;2022-10-31;-2;
2;5;5;53;2;2;7;9;1;6;2015;66;1;2;5;1;1;9118001;2022-11-07;-13;
2;6;5;65;2;2;7;9;1;6;1980;66;1;3;4;1;1;9118003;2022-11-07;-1;
2;4;5;57;2;2;7;9;1;6;1992;55;1;3;2;1;1;9118005;2022-11-07;2;
3;7;7;60;1;1;9;9;2;4;2007;55;1;2;4;1;1;9118206;2022-11-08;5;
3;6;5;31;1;1;9;9;2;2;2014;28;1;3;4;1;1;9118303;2022-11-04;3;
2;6;7;55;2;2;9;9;1;6;1990;73;2;3;3;1;1;9118306;2022-11-04;-18;
2;6;6;31;2;2;9;9;1;2;2012;42;1;3;3;1;1;9118403;2022-10-27;-11;
3;7;6;37;2;2;10;9;2;2;2010;42;1;4;4;1;1;9118404;2022-10-27;-5;
2;2;7;62;2;2;9;9;1;3;1977;69;1;2;4;1;1;9118405;2022-10-27;-7;
1;7;5;35;2;2;9;9;2;6;2014;41;1;4;4;1;1;9118701;2022-11-08;-6;
1;5;4;28;2;2;11;9;2;6;2018;32;1;3;4;1;1;9118703;2022-11-08;-4;
2;5;5;28;2;2;9;9;2;2;2007;30;1;3;4;1;1;9118704;2022-11-08;-2;
2;6;7;53;2;2;7;9;1;1;1990;48;1;3;4;1;1;9118706;2022-11-08;5;
3;6;5;31;1;1;11;9;2;3;2017;40;1;3;4;1;1;9118708;2022-11-09;-9;
1;6;6;50;2;2;17;9;1;6;2000;59;1;4;4;1;1;9118801;2022-10-06;-9;
2;7;5;22;2;2;9;9;8;2;2016;22;1;3;5;1;1;9118902;2022-10-27;0;
2;3;1;35;2;2;15;9;8;2;2002;38;2;3;3;1;1;9118903;2022-10-27;-3;
3;7;6;42;1;1;8;9;2;3;1996;18;1;5;4;1;1;9118906;2022-10-27;24;
2;6;7;71;2;2;9;9;1;3;1987;78;;4;3;1;1;9118908;2022-10-27;-7;
2;7;4;56;2;2;9;9;1;2;1986;59;2;2;4;1;1;9118909;2022-10-27;-3;
;5;4;56;1;1;9;9;1;;1987;58;1;4;4;1;1;9118910;2022-10-27;-2;
3;5;6;47;1;1;14;9;2;3;2017;47;1;4;4;1;1;9119202;2022-10-25;0;
2;6;4;59;2;2;9;9;1;3;1979;65;1;4;4;1;1;9119301;2022-10-15;-6;
1;4;6;57;2;2;9;9;1;6;1987;56;2;3;4;1;1;9119302;2022-10-15;1;
3;7;6;54;2;2;7;9;1;3;1985;64;1;4;4;1;1;9119306;2022-10-15;-10;
2;6;5;60;2;2;9;9;1;2;1984;59;1;3;4;1;1;9119307;2022-10-21;1;
2;6;4;50;2;2;11;9;1;2;2006;52;1;4;4;1;1;9119308;2022-10-21;-2;
3;7;6;60;2;2;9;9;1;3;1982;70;2;4;4;1;1;9119309;2022-10-21;-10;
2;6;4;64;2;2;9;9;1;2;1987;68;1;2;3;1;1;9119310;2022-10-21;-4;
3;7;7;58;1;1;9;9;1;4;1985;63;1;5;4;1;1;9119501;2022-10-06;-5;
3;3;6;74;1;1;15;9;1;3;1991;74;2;4;4;1;1;9119506;2022-10-07;0;
1;4;5;37;2;2;9;9;2;6;2009;37;1;4;4;1;1;9119507;2022-10-07;0;
3;6;4;35;2;2;14;9;2;4;2016;37;1;3;4;1;1;9119508;2022-10-07;-2;
2;6;5;61;2;2;9;9;1;2;1983;58;1;3;4;1;1;9119509;2022-10-07;3;
3;7;6;67;1;1;7;9;1;5;1973;64;1;5;4;1;1;9119510;2022-10-07;3;
3;6;5;50;2;2;7;9;2;2;2018;49;1;3;3;1;1;9119602;2022-10-17;1;
3;7;6;48;2;2;9;9;1;3;2003;56;1;4;3;1;1;9119603;2022-10-17;-8;
3;5;6;63;1;1;7;9;1;5;1989;56;1;3;2;1;1;9119606;2022-10-17;7;
3;1;4;50;2;2;7;9;2;5;1997;52;2;3;3;1;1;9119607;2022-10-18;-2;
3;7;7;25;1;1;9;9;2;3;2021;29;1;4;4;1;1;9119701;2022-09-29;-4;
3;7;6;22;2;2;11;9;1;3;2018;23;1;4;5;1;1;9119702;2022-09-29;-1;
2;7;5;48;1;1;9;9;1;2;2017;70;1;5;4;1;1;9119706;2022-09-29;-22;
3;6;6;43;1;1;9;9;1;4;2000;43;1;4;4;1;1;9119708;2022-10-01;0;
2;7;5;27;2;2;9;9;2;1;2015;29;1;4;4;1;1;9119710;2022-10-01;-2;
3;6;5;64;2;2;7;9;1;6;1982;63;1;3;3;1;1;9119801;2022-10-11;1;
2;3;5;52;2;2;11;9;1;1;1996;62;1;3;4;1;1;9119803;2022-10-11;-10;
3;5;5;61;1;1;7;9;1;3;1988;57;1;4;4;1;1;9119806;2022-10-12;4;
3;5;6;44;2;2;11;9;2;2;2006;44;1;3;3;1;1;9119808;2022-10-12;0;
1;7;7;27;2;2;15;9;1;6;2013;28;1;4;4;1;1;9119809;2022-10-12;-1;
2;5;5;47;2;2;7;9;1;1;1999;48;1;3;3;1;1;9119810;2022-10-12;-1;
2;6;6;63;1;1;11;9;1;1;1980;65;1;3;4;1;1;9119902;2022-10-03;-2;
3;7;2;56;2;2;11;9;1;5;1999;57;1;4;4;1;1;9119903;2022-10-03;-1;
1;5;5;58;2;2;7;9;1;6;1987;58;1;3;3;1;1;9119904;2022-10-03;0;
1;6;7;62;2;2;9;9;1;6;1981;64;1;3;4;1;1;9119905;2022-10-03;-2;
1;6;5;64;2;2;9;9;1;6;1977;64;1;3;3;1;1;9119906;2022-10-05;0;
3;6;6;66;1;1;7;9;1;2;1976;60;2;3;4;1;1;9119907;2022-10-05;6;
3;3;5;70;1;1;9;9;1;4;2017;52;2;3;3;1;1;9119908;2022-10-05;18;
2;6;5;49;2;2;11;9;1;2;1994;49;1;2;4;1;1;9119910;2022-10-05;0;
3;7;7;74;1;1;8;9;1;3;1973;68;1;3;5;1;1;9120001;2022-09-23;6;
3;4;4;61;1;1;11;9;2;5;1988;58;2;2;4;1;1;9120002;2022-09-23;3;
1;1;4;62;2;2;7;9;1;6;1980;65;2;2;3;1;1;9120003;2022-09-23;-3;
3;6;5;42;1;1;12;9;2;3;2011;34;1;4;4;1;1;9120004;2022-09-23;8;
2;7;6;72;2;2;7;9;1;1;1968;74;2;4;5;1;1;9120005;2022-09-23;-2;
3;6;5;24;2;2;14;9;2;2;2022;25;1;4;4;1;1;9120101;2022-10-13;-1;
3;1;1;60;2;2;9;9;1;5;2002;63;2;5;3;1;1;9120102;2022-10-13;-3;
1;7;7;25;2;2;7;9;8;6;2015;20;1;4;3;1;1;9120103;2022-10-13;5;
1;7;7;50;2;2;7;9;1;6;1992;40;1;3;4;1;1;9120104;2022-10-13;10;
1;6;6;52;2;2;9;9;1;6;1993;52;1;4;5;1;1;9120105;2022-10-13;0;
3;7;7;48;1;1;9;9;2;4;2005;37;1;4;4;1;1;9120108;2022-10-14;11;
2;7;3;47;2;2;7;9;1;1;2013;56;1;4;4;1;1;9120110;2022-10-14;-9;
1;3;5;53;2;2;9;9;2;6;1996;53;2;4;4;1;1;9120402;2022-10-19;0;
3;6;3;49;2;2;9;9;1;3;2001;49;1;3;3;1;1;9120403;2022-10-19;0;
3;7;6;27;2;2;14;9;2;5;2020;33;1;5;4;1;1;9120404;2022-10-19;-6;
3;7;6;67;2;2;7;9;1;3;1973;70;2;3;3;1;1;9120407;2022-10-27;-3;
1;5;5;62;2;2;7;9;2;1;2006;71;1;2;2;1;1;9120409;2022-10-27;-9;
3;7;7;32;2;2;13;9;1;4;2019;32;1;5;5;1;1;9120502;2022-09-28;0;
3;5;5;51;1;1;9;9;1;5;1996;46;1;3;4;1;1;9120505;2022-09-29;5;
3;;7;56;1;1;15;9;1;4;1987;54;2;3;4;1;1;9120507;2022-10-04;2;
3;;6;87;1;1;15;9;1;4;1956;90;2;3;3;1;1;9120508;2022-10-14;-3;
3;4;4;40;2;2;9;9;1;2;2012;42;1;3;3;1;1;9120509;2022-10-14;-2;
2;7;4;54;2;2;7;9;2;4;2016;45;1;3;3;1;1;9120904;2022-10-03;9;
1;6;7;62;2;2;9;9;1;6;1990;63;1;4;4;1;1;9120905;2022-10-13;-1;
3;4;5;43;2;2;16;9;2;3;2012;42;1;3;4;1;1;9120906;2022-10-17;1;
1;5;6;53;2;2;9;9;1;6;1985;55;1;3;4;1;1;9121001;2022-10-04;-2;
2;1;6;53;2;2;14;9;1;1;1985;56;2;3;4;1;1;9121003;2022-10-13;-3;
3;6;5;56;1;1;9;9;2;4;1998;72;;4;4;1;1;9121105;2022-11-04;-16;
1;1;7;57;2;2;7;9;1;6;1990;62;2;3;4;1;1;9121107;2022-11-04;-5;
2;7;7;28;2;2;7;9;8;2;2014;48;1;4;5;1;1;9121108;2022-11-04;-20;
3;7;7;44;2;2;9;9;1;3;1993;50;1;1;4;1;1;9121109;2022-11-04;-6;
1;5;6;63;2;2;7;9;1;6;1981;63;1;5;5;1;1;9121110;2022-11-04;0;
3;5;6;82;2;2;6;9;1;4;1962;85;2;3;4;1;1;9121201;2022-11-02;-3;
2;6;6;50;2;2;13;9;1;4;1997;51;1;4;4;1;1;9121302;2022-11-02;-1;
1;7;7;60;2;2;7;9;1;2;1974;81;1;4;4;1;1;9121304;2022-11-02;-21;
3;7;6;20;2;2;9;9;8;3;2017;22;1;4;3;1;1;9121401;2022-11-02;-2;
3;6;4;29;1;1;13;9;8;4;2018;28;1;4;4;1;1;9121402;2022-11-02;1;
1;6;7;57;2;2;7;9;5;6;1991;53;1;2;4;1;1;9121404;2022-11-02;4;
3;6;6;78;1;1;9;9;1;4;1990;86;2;4;4;1;1;9121405;2022-11-02;-8;
2;5;5;64;2;2;9;9;1;3;1996;63;2;3;4;1;1;9121406;2022-11-04;1;
3;5;5;67;1;1;9;9;1;4;1977;64;;3;3;1;1;9121501;2022-11-04;3;
1;6;6;37;2;2;11;9;8;6;2014;35;1;4;4;1;1;9121505;2022-11-04;2;
1;7;7;54;2;2;9;9;1;6;1984;58;1;4;4;1;1;9121507;2022-11-04;-4;
3;5;5;34;2;2;13;9;8;2;2022;35;1;4;4;1;1;9121605;2022-10-07;-1;
3;5;4;27;2;2;9;9;8;3;2016;28;1;3;4;1;1;9121702;2022-10-11;-1;
3;3;4;87;2;2;8;9;1;2;1960;86;2;4;3;1;1;9121704;2022-10-11;1;
3;3;5;62;2;2;7;9;1;4;1985;60;;2;2;1;1;9121801;2022-10-08;2;
3;6;5;53;1;1;7;9;1;4;1988;59;;4;2;1;1;9121802;2022-10-08;-6;
1;1;6;76;2;2;7;9;1;1;1963;83;;3;3;1;1;9121808;2022-10-22;-7;
3;6;5;35;2;2;15;9;2;1;2019;35;1;3;4;1;1;9121905;2022-09-13;0;
3;6;7;41;1;1;15;9;1;2;2015;41;1;5;4;1;1;9121907;2022-09-22;0;
2;6;7;39;2;2;9;9;1;3;2005;40;1;4;4;1;1;9121909;2022-09-24;-1;
1;6;5;54;2;2;7;9;1;1;1994;64;1;2;3;1;1;9122202;2022-09-24;-10;
2;6;6;56;2;2;13;9;1;2;1997;64;1;4;4;1;1;9122205;2022-10-04;-8;
3;1;3;89;2;2;6;9;1;3;1973;79;2;3;3;1;1;9122401;2022-10-22;10;
3;2;4;52;1;1;7;9;6;3;2014;52;1;3;3;1;1;9122402;2022-10-22;0;
3;3;7;75;1;1;1;9;1;3;1975;65;1;3;4;1;1;9122404;2022-10-22;10;
3;6;6;46;1;1;7;9;2;3;2022;39;1;4;4;1;1;9122405;2022-10-22;7;
1;7;6;54;2;2;11;9;1;2;1998;52;2;2;4;1;1;9122406;2022-10-22;2;
2;1;5;40;2;2;11;9;1;2;2017;64;2;3;3;1;1;9122408;2022-10-23;-24;
3;7;7;76;1;1;15;9;1;3;1973;80;1;4;4;1;1;9122410;2022-10-25;-4;
3;7;6;24;2;2;15;9;2;3;2020;27;1;4;4;1;1;9122504;2022-09-22;-3;
3;3;7;61;2;2;15;9;1;3;1979;61;1;4;4;1;1;9122506;2022-09-22;0;
3;4;6;58;1;1;9;9;2;4;1990;56;1;5;4;1;1;9122509;2022-09-24;2;
3;4;6;54;2;2;14;9;1;3;2009;51;2;2;4;1;1;9122510;2022-09-24;3;
3;6;4;51;2;2;9;9;6;5;2019;70;2;4;5;1;1;9122705;2022-11-03;-19;
1;5;4;39;2;2;9;9;8;2;2001;38;1;3;3;1;1;9122708;2022-11-08;1;
3;6;4;41;2;2;15;9;1;3;2009;39;1;4;3;1;1;9122709;2022-11-09;2;
1;7;7;39;1;1;9;9;1;1;2015;40;1;4;5;1;1;9122802;2022-10-26;-1;
3;7;7;75;1;2;8;9;1;3;1972;67;1;3;4;1;1;9122805;2022-10-27;8;
1;7;5;38;2;2;11;9;8;1;2010;37;1;5;4;1;1;9122903;2022-09-12;1;
3;7;7;32;2;2;13;9;2;3;2005;38;1;5;5;1;1;9123101;2022-11-04;-6;
2;7;7;20;2;2;9;9;2;1;2018;23;1;3;4;1;1;9123103;2022-11-04;-3;
1;7;7;46;2;2;11;9;1;6;1999;52;1;4;5;1;1;9123104;2022-11-07;-6;
2;7;6;30;2;2;13;9;2;3;2015;38;1;4;4;1;1;9123106;2022-11-07;-8;
3;6;6;38;2;2;9;9;1;2;1998;48;1;4;4;1;1;9123108;2022-11-07;-10;
3;5;7;37;1;1;9;9;2;4;2022;38;1;4;4;1;1;9123110;2022-11-07;-1;
1;7;6;36;2;2;10;9;1;6;2006;39;1;4;4;1;1;9123303;2022-08-30;-3;
1;7;7;23;2;2;9;9;2;6;2018;26;1;4;4;1;1;9123305;2022-10-04;-3;
2;1;2;72;2;2;7;9;1;3;1962;71;2;2;1;1;1;9123307;2022-10-05;1;
1;5;5;65;2;2;9;9;1;6;1982;64;1;3;5;1;1;9123310;2022-10-05;1;
3;6;6;34;1;1;9;9;2;2;2018;31;1;4;4;1;1;9123501;2022-11-03;3;
1;7;6;30;2;2;9;9;2;6;2018;46;1;4;4;1;1;9123504;2022-11-03;-16;
1;6;6;44;2;2;9;9;2;6;2007;63;1;4;3;1;1;9123505;2022-11-03;-19;
1;7;7;36;2;2;9;9;2;2;2006;46;1;4;3;1;1;9123506;2022-11-03;-10;
3;4;7;76;1;1;7;9;2;4;2020;64;1;3;3;1;1;9123508;2022-11-04;12;
2;6;5;22;2;2;9;9;2;3;2018;26;1;3;4;1;1;9123510;2022-11-04;-4;
3;5;6;53;1;1;1;9;2;5;2012;43;1;4;4;1;1;9123603;2022-11-16;10;
1;7;5;25;2;2;9;9;1;2;2017;25;1;3;5;1;1;9123605;2022-11-15;0;
1;1;4;47;2;2;9;9;1;1;2003;45;2;2;3;1;1;9123606;2022-11-15;2;
1;4;5;40;2;2;9;9;2;6;2016;39;1;4;3;1;1;9123607;2022-11-16;1;
2;7;5;22;2;2;14;9;2;1;2022;23;1;5;5;1;1;9123608;2022-11-16;-1;
3;7;7;57;2;2;14;9;7;3;2017;32;1;4;4;1;1;9123803;2022-08-16;25;
3;7;6;33;1;1;11;9;2;4;2021;29;1;5;4;1;1;9123901;2022-10-14;4;
3;7;6;54;2;2;9;9;1;3;1991;54;1;4;5;1;1;9123905;2022-08-16;0;
3;2;7;52;2;2;7;9;2;3;2003;55;2;3;4;1;1;9123906;2022-10-14;-3;
1;6;6;46;2;2;7;9;2;6;2001;52;1;3;4;1;1;9123908;2022-10-14;-6;
2;6;6;45;2;2;9;9;2;3;1998;52;1;4;4;1;1;9123909;2022-10-14;-7;
3;7;6;69;2;2;7;9;1;3;1972;88;2;2;5;1;1;9124001;2022-11-17;-19;
3;6;6;68;1;1;9;9;1;3;1990;61;1;5;4;1;1;9124003;2022-11-17;7;
3;5;6;29;2;2;15;9;2;3;2019;23;1;5;5;1;1;9124005;2022-11-17;6;
3;6;7;38;2;2;13;9;1;3;2008;39;1;4;4;1;1;9124006;2022-11-17;-1;
3;7;7;24;2;2;9;9;2;3;2015;24;1;4;4;1;1;9124007;2022-11-17;0;
3;7;7;45;2;2;9;9;2;3;1999;45;1;3;4;1;1;9124008;2022-11-17;0;
3;7;6;45;2;2;9;9;1;2;2004;43;1;3;5;1;1;9124009;2022-11-17;2;
2;4;4;43;2;2;7;9;2;2;2019;43;1;4;4;1;1;9124010;2022-11-17;0;
2;2;7;49;2;2;7;9;2;3;2000;44;1;4;4;1;1;9124104;2022-11-17;5;
3;6;2;32;2;2;9;9;1;2;2011;38;1;3;5;1;1;9124106;2022-11-17;-6;
3;2;5;52;2;2;9;9;2;3;1989;53;1;3;3;1;1;9124107;2022-11-17;-1;
3;5;5;52;1;1;11;9;1;4;1993;54;1;4;4;1;1;9124504;2022-08-24;-2;
2;5;6;69;2;2;8;9;1;4;1983;68;2;4;4;1;1;9124509;2022-08-24;1;
3;7;6;31;2;2;9;9;8;3;2020;27;1;4;5;1;1;9124601;2022-11-14;4;
3;6;5;60;1;1;9;9;1;5;1985;57;1;3;3;1;1;9124604;2022-11-14;3;
3;7;7;50;2;2;7;9;7;2;2018;41;1;4;4;1;1;9124605;2022-11-14;9;
1;6;7;54;2;2;7;9;1;6;1984;59;1;4;3;1;1;9124606;2022-11-14;-5;
3;7;6;23;2;2;14;9;8;1;2020;21;1;2;4;1;1;9124607;2022-11-14;2;
3;7;7;51;1;1;9;9;1;6;1993;51;2;4;4;1;1;9124703;2022-08-31;0;
1;7;4;35;1;1;9;9;8;2;2018;42;1;3;2;1;1;9125003;2022-08-18;-7;
3;6;6;36;1;1;10;9;1;5;2008;33;1;4;4;1;1;9125004;2022-08-20;3;
3;7;5;53;2;2;9;9;1;3;2012;54;1;4;5;1;1;9125101;2022-11-07;-1;
2;7;6;39;2;2;11;9;1;4;2008;36;1;4;3;1;1;9125103;2022-11-07;3;
1;7;7;49;2;2;9;9;1;6;1995;50;1;3;4;1;1;9125105;2022-11-07;-1;
2;1;6;62;2;2;7;9;5;2;2019;58;1;2;3;1;1;9125107;2022-11-07;4;
2;4;7;48;2;2;9;9;1;2;2014;47;1;4;4;1;1;9125108;2022-11-07;1;
1;7;7;44;2;2;8;9;1;5;2006;44;1;4;5;1;1;9125109;2022-11-07;0;
3;7;7;37;2;2;7;9;8;3;2004;40;1;3;4;1;1;9125110;2022-11-07;-3;
2;7;6;47;2;2;10;9;7;3;2019;48;1;4;4;1;1;9125301;2022-09-15;-1;
1;7;7;57;2;2;9;9;1;2;1983;60;1;5;4;1;1;9125303;2022-11-16;-3;
2;7;7;33;2;2;10;9;8;2;2010;46;1;4;4;1;1;9125304;2022-11-16;-13;
1;7;7;36;2;2;14;9;8;2;2014;52;1;5;4;1;1;9125306;2022-11-17;-16;
3;7;5;28;2;2;15;9;2;4;2014;29;1;3;3;1;1;9125307;2022-11-17;-1;
1;7;7;49;2;2;9;9;1;6;1997;54;1;4;4;1;1;9125308;2022-11-17;-5;
3;7;7;39;2;2;12;9;8;4;2008;45;1;3;4;1;1;9125309;2022-11-17;-6;
1;1;4;63;2;2;9;9;1;6;1982;66;2;2;2;1;1;9125402;2022-10-30;-3;
1;4;6;62;1;1;7;9;1;5;1980;55;1;3;4;1;1;9125403;2022-10-30;7;
2;6;7;37;2;2;9;9;1;1;2005;43;1;3;4;1;1;9125404;2022-10-30;-6;
3;7;7;35;2;2;7;9;8;3;2016;38;1;5;4;1;1;9125405;2022-10-30;-3;
1;5;7;72;2;2;6;9;1;6;1975;83;2;3;3;1;1;9125406;2022-10-30;-11;
1;6;6;37;2;2;7;9;2;2;2007;41;1;4;3;1;1;9125408;2022-10-30;-4;
3;7;6;35;1;1;10;9;8;3;2012;42;1;4;4;1;1;9125501;2022-10-30;-7;
3;7;7;38;2;2;13;9;8;3;2006;40;1;5;5;1;1;9125504;2022-10-30;-2;
2;7;7;52;1;1;9;9;2;3;2019;51;1;4;4;1;1;9125507;2022-10-30;1;
3;7;7;26;1;1;13;9;1;3;2019;25;1;4;5;1;1;9125702;2022-10-30;1;
2;7;7;30;2;2;7;9;8;3;2018;34;1;3;4;1;1;9125704;2022-10-30;-4;
1;5;6;70;1;1;8;9;1;5;1985;68;2;2;4;1;1;9125705;2022-10-30;2;
1;6;7;64;2;2;9;9;1;3;1981;72;1;4;4;1;1;9125709;2022-10-30;-8;
1;1;4;56;2;2;7;9;1;6;1982;55;1;2;3;1;1;9125903;2022-09-15;1;
3;7;7;46;1;1;7;9;8;5;1995;40;1;4;5;1;1;9125909;2022-09-15;6;
1;6;4;59;1;1;7;9;1;5;1982;57;1;2;3;1;1;9126401;2022-09-14;2;
3;7;7;54;1;1;9;9;1;5;1991;53;1;4;4;1;1;9126402;2022-09-14;1;
2;5;7;37;2;2;7;9;8;4;2011;41;1;3;4;1;1;9127004;2022-11-14;-4;
2;4;5;27;2;2;13;9;2;4;2016;29;1;3;3;1;1;9127006;2022-11-16;-2;
2;6;5;44;2;2;9;9;8;2;2009;48;1;3;3;1;1;9127007;2022-11-16;-4;
1;5;6;64;2;2;6;9;1;6;1974;66;1;3;4;1;1;9127104;2022-11-07;-2;
3;7;7;66;1;1;9;9;1;3;1980;67;2;4;3;1;1;9127108;2022-11-07;-1;
1;5;5;34;2;2;9;9;3;5;2007;64;2;4;3;1;1;9127110;2022-11-07;-30;
3;6;5;23;1;1;13;9;8;1;2021;23;1;4;4;1;1;9127201;2022-08-18;0;
2;7;7;68;2;2;9;9;1;2;1978;68;2;4;4;1;1;9127308;2022-11-08;0;
3;7;7;32;2;2;11;9;2;3;2010;42;1;4;4;1;1;9127404;2022-08-22;-10;
3;4;7;32;2;2;7;9;1;4;2008;29;1;3;4;1;1;9127408;2022-08-22;3;
1;7;4;56;2;2;9;9;1;1;1988;64;1;2;4;1;1;9127702;2022-09-01;-8;
3;6;6;54;1;1;9;9;8;4;1998;43;1;3;4;1;1;9127704;2022-09-02;11;
2;6;5;30;2;2;10;9;1;2;2011;41;2;4;4;1;1;9127801;2022-11-08;-11;
3;6;7;46;1;1;9;9;1;4;2004;37;1;4;4;1;1;9127802;2022-11-08;9;
3;7;7;85;2;2;6;9;1;3;1968;74;;4;4;1;1;9127803;2022-11-08;11;
3;6;7;60;2;2;9;9;1;1;1984;60;1;3;4;1;1;9127805;2022-11-08;0;
2;1;6;69;2;2;1;9;1;3;1972;71;1;3;3;1;1;9127807;2022-11-08;-2;
3;7;7;61;1;1;15;9;1;3;1995;55;1;4;4;1;1;9127907;2022-08-26;6;
2;4;4;67;2;2;9;9;1;3;1975;65;1;3;3;1;1;9128002;2022-10-21;2;
3;5;5;66;1;1;9;9;1;3;1975;66;1;4;4;1;1;9128005;2022-10-21;0;
3;6;6;39;2;2;13;9;1;2;2003;41;1;4;5;1;1;9128007;2022-10-21;-2;
3;6;3;41;1;1;14;9;2;2;2005;39;1;4;3;1;1;9128009;2022-10-21;2;
2;7;3;22;2;2;9;9;2;6;2018;22;1;3;3;1;1;9128010;2022-10-21;0;
2;1;3;59;2;2;9;9;1;6;1981;62;2;3;4;1;1;9128104;2022-10-26;-3;
3;6;6;61;2;2;7;9;2;3;1987;63;1;4;4;1;1;9128107;2022-10-26;-2;
1;7;6;54;2;2;9;9;1;1;1990;52;1;3;4;1;1;9128108;2022-10-26;2;
3;7;7;51;2;2;9;9;1;2;1990;53;1;4;5;1;1;9128201;2022-10-23;-2;
3;6;6;33;2;2;13;9;2;2;2010;42;1;4;4;1;1;9128301;2022-10-13;-9;
3;7;7;34;1;1;9;9;1;4;2013;34;1;4;4;1;1;9128303;2022-10-13;0;
3;7;3;46;2;2;15;9;2;4;2012;45;1;3;3;1;1;9128304;2022-10-13;1;
2;6;6;28;1;1;15;9;2;3;2018;33;1;5;4;1;1;9128306;2022-10-13;-5;
1;6;5;34;2;2;9;9;8;1;2006;42;1;4;4;1;1;9128402;2022-10-07;-8;
1;5;5;42;2;2;5;9;2;1;2004;43;2;3;4;1;1;9128403;2022-10-07;-1;
1;5;5;49;2;2;7;9;1;5;1997;55;;4;4;1;1;9128404;2022-10-07;-6;
1;6;6;34;2;2;7;9;2;5;2002;37;1;3;4;1;1;9128405;2022-10-07;-3;
3;4;6;64;2;2;13;9;1;2;1982;67;1;4;4;1;1;9128408;2022-10-11;-3;
1;7;7;23;2;2;9;9;2;6;2020;23;1;4;5;1;1;9128601;2022-10-17;0;
1;2;3;38;2;2;7;9;2;6;2001;46;1;3;3;1;1;9128602;2022-10-17;-8;
1;6;5;54;2;2;9;9;1;6;1986;65;1;4;4;1;1;9128604;2022-10-17;-11;
2;6;6;53;2;2;9;9;2;2;2012;53;1;5;4;1;1;9128605;2022-10-17;0;
2;5;5;64;2;2;7;9;1;2;1978;67;1;4;3;1;1;9128701;2022-10-12;-3;
3;4;5;79;2;2;8;9;2;3;1975;69;1;4;4;1;1;9128705;2022-10-14;10;
1;6;6;60;2;2;7;9;1;6;1979;62;1;2;3;1;1;9128707;2022-10-14;-2;
1;5;6;60;2;2;7;9;2;6;1995;69;1;3;4;1;1;9128709;2022-10-14;-9;
1;1;6;57;2;2;7;9;1;6;1981;77;2;3;4;1;1;9128801;2022-10-28;-20;
2;3;4;49;2;2;9;9;2;2;2009;46;1;3;3;1;1;9128802;2022-10-13;3;
1;6;7;59;2;2;11;9;1;6;1988;57;1;5;5;1;1;9128804;2022-10-28;2;
3;7;7;50;2;2;10;9;2;3;2016;59;1;5;5;1;1;9128805;2022-10-28;-9;
1;6;5;41;2;2;9;9;2;6;2018;48;1;4;4;1;1;9128806;2022-10-28;-7;
1;7;7;29;2;2;9;9;2;6;2011;33;1;5;5;1;1;9128809;2022-10-28;-4;
3;7;6;53;2;2;7;9;1;6;1990;58;1;5;4;1;1;9128810;2022-10-28;-5;
2;7;7;44;2;2;9;9;1;4;2012;35;1;3;4;1;1;9128901;2022-10-21;9;
3;7;7;54;2;2;9;9;1;3;1989;54;1;5;4;1;1;9128902;2022-10-24;0;
3;7;5;31;2;2;10;9;2;2;2021;34;1;3;3;1;1;9128904;2022-10-24;-3;
3;5;6;51;2;2;8;9;1;2;1986;58;1;4;4;1;1;9129401;2022-10-30;-7;
2;6;7;66;2;2;7;9;1;3;1966;77;2;4;4;1;1;9129402;2022-10-31;-11;
3;2;7;57;1;1;9;9;2;4;1996;63;;4;3;1;1;9129406;2022-10-31;-6;
2;3;7;65;2;2;7;9;1;4;1974;71;1;4;3;1;1;9129409;2022-10-31;-6;
1;5;1;38;2;2;12;9;6;1;2017;42;1;3;3;1;1;9129502;2022-10-31;-4;
3;7;7;39;2;2;13;9;8;3;2002;22;1;4;4;1;1;9129504;2022-10-31;17;
;7;7;41;1;1;9;9;3;;2003;20;;4;4;1;1;9129505;2022-10-31;21;
3;7;7;73;1;1;6;9;1;3;1986;71;2;4;3;1;1;9129601;2022-10-31;2;
2;7;7;33;2;2;13;9;2;4;2020;27;1;4;5;1;1;9129602;2022-10-31;6;
2;4;4;51;2;2;9;9;1;1;1992;52;1;4;4;1;1;9129603;2022-10-31;-1;
3;7;6;41;2;2;15;9;1;4;2005;41;1;4;4;1;1;9129604;2022-10-31;0;
1;6;5;42;2;2;9;9;1;6;2000;52;1;4;3;1;1;9130101;2022-11-14;-10;
1;7;5;23;2;2;9;9;1;2;2015;23;1;3;4;1;1;9130102;2022-11-14;0;
3;5;3;52;1;1;9;9;2;3;2014;52;1;3;4;1;1;9130105;2022-11-14;0;
1;5;6;63;2;2;7;9;1;6;1975;74;2;3;4;1;1;9130107;2022-11-14;-11;
3;6;7;30;2;2;7;9;2;4;2000;42;1;4;4;1;1;9130108;2022-11-15;-12;
1;5;6;40;2;2;7;9;1;6;2000;44;1;3;4;1;1;9130109;2022-11-15;-4;
1;7;7;23;2;2;13;9;2;6;2020;31;2;5;4;1;1;9130203;2022-11-14;-8;
2;5;7;65;2;2;9;9;1;2;1989;56;1;4;4;1;1;9130205;2022-11-14;9;
3;7;7;35;1;1;7;9;1;4;2007;28;1;5;4;1;1;9130206;2022-11-14;7;
3;7;7;76;1;1;7;9;1;3;1982;75;2;4;3;1;1;9130207;2022-11-14;1;
3;7;7;62;2;2;11;9;2;4;2009;57;1;4;4;1;1;9130208;2022-11-15;5;
2;7;7;29;2;2;11;9;1;1;2020;32;1;5;5;1;1;9130209;2022-11-15;-3;
2;7;7;30;1;1;11;9;1;2;2019;28;1;5;4;1;1;9130403;2022-11-15;2;
3;7;5;37;1;1;14;9;2;2;2012;36;1;4;4;1;1;9130404;2022-11-15;1;
3;2;5;44;1;1;14;9;2;5;2015;27;2;4;4;1;1;9130405;2022-11-15;17;
1;4;4;59;2;2;7;9;1;6;1983;63;1;2;2;1;1;9130406;2022-11-15;-4;
3;6;7;30;1;1;9;9;1;4;2002;35;1;4;4;1;1;9130409;2022-11-15;-5;
2;5;5;66;2;2;11;10;2;3;2000;68;1;4;4;1;1;10100502;2022-09-16;-2;
2;5;5;73;2;2;8;10;1;3;2000;70;1;4;4;1;1;10100504;2022-09-19;3;
2;7;6;30;2;2;9;10;2;1;2014;34;1;5;5;1;1;10100603;2022-09-08;-4;
2;7;5;26;2;2;9;10;2;2;2021;27;1;4;4;1;1;10100605;2022-09-09;-1;
3;7;7;29;2;2;9;10;2;3;2020;34;1;5;4;1;1;10100607;2022-09-11;-5;
2;5;5;31;2;2;9;10;1;1;2015;33;1;4;4;1;1;10100608;2022-09-11;-2;
1;5;7;39;2;2;7;10;1;2;2016;34;1;4;4;1;1;10101105;2022-09-09;5;
1;5;7;27;2;2;11;10;8;2;2016;34;1;4;4;1;1;10101106;2022-09-07;-7;
2;5;7;70;2;2;8;10;7;3;2000;99;;5;4;1;1;10101110;2022-09-16;-29;
2;5;7;47;2;2;9;10;2;3;2000;99;;4;4;1;1;10101403;2022-09-15;-52;
3;7;5;31;2;2;15;10;8;2;2018;28;1;4;5;1;1;10102202;2022-09-19;3;
3;5;5;32;2;2;13;10;8;4;2011;32;1;3;4;1;1;10102705;2022-09-22;0;
3;6;6;30;2;2;9;10;8;3;2021;34;1;4;4;1;1;10103401;2022-09-11;-4;
2;6;6;49;2;2;12;10;1;2;2000;52;1;4;5;1;1;10103608;2022-10-05;-3;
2;7;3;19;2;2;9;10;2;5;2021;21;1;5;5;1;1;10103901;2022-10-18;-2;
1;2;6;61;2;2;7;10;1;2;1975;68;1;3;5;1;1;10103902;2022-10-19;-7;
2;1;5;66;2;2;9;10;1;3;1976;69;2;3;3;1;1;10103904;2022-10-21;-3;
3;4;6;39;2;2;15;10;1;2;2009;40;1;4;4;1;1;10103905;2022-10-21;-1;
2;7;5;20;2;2;13;10;8;6;2022;19;1;4;4;1;1;10104103;2022-09-30;1;
3;7;7;26;1;1;15;10;8;4;2021;25;1;4;5;1;1;10104104;2022-09-30;1;
3;5;6;28;2;2;10;10;1;3;2017;38;1;4;4;1;1;10104108;2022-09-30;-10;
2;7;6;40;2;2;15;10;1;2;2005;48;1;4;5;1;1;10104109;2022-10-01;-8;
3;7;6;32;1;1;13;10;1;3;2013;35;1;5;5;1;1;10104110;2022-10-01;-3;
2;4;6;67;1;1;9;10;1;2;1980;61;1;4;4;1;1;10104307;2022-09-29;6;
3;5;4;52;1;1;11;10;8;3;2006;42;1;4;4;1;1;10104308;2022-09-29;10;
2;4;5;33;2;2;9;10;8;2;2012;50;1;3;4;1;1;10104309;2022-09-30;-17;
1;;2;39;2;2;14;10;1;6;2004;41;;3;4;1;1;10104310;2022-09-30;-2;
3;7;6;25;1;1;11;10;1;5;2020;21;1;4;4;1;1;10104403;2022-10-03;4;
2;5;5;38;2;2;9;10;6;3;2019;32;1;4;4;1;1;10104404;2022-10-04;6;
3;7;5;42;1;1;7;10;1;4;2015;24;1;4;3;1;1;10104406;2022-10-04;18;
3;6;5;29;2;2;13;10;8;3;2022;29;1;4;4;1;1;10104407;2022-10-04;0;
3;7;7;48;2;2;9;10;6;2;2002;50;1;3;;1;1;10104504;2022-10-05;-2;
3;7;7;32;1;1;14;10;8;4;2018;32;1;5;4;1;1;10104605;2022-10-06;0;
3;7;5;27;2;2;10;10;2;3;2022;28;;5;4;1;1;10104709;2022-10-19;-1;
3;7;5;21;2;2;9;10;8;4;2021;21;1;4;4;1;1;10104806;2022-10-07;0;
1;5;5;49;2;2;9;10;1;6;1991;57;1;3;4;1;1;10104807;2022-10-08;-8;
3;6;4;54;2;2;7;10;1;3;1989;56;1;3;4;1;1;10104808;2022-10-09;-2;
3;7;7;37;2;2;15;10;2;3;2015;40;1;5;5;1;1;10105001;2022-09-14;-3;
3;7;7;36;2;2;17;10;8;2;2020;36;1;4;4;1;1;10105002;2022-09-14;0;
3;7;6;52;1;1;13;10;1;4;1991;49;1;4;4;1;1;10105003;2022-09-14;3;
3;7;6;31;1;1;14;10;8;1;2022;26;1;4;5;1;1;10105004;2022-09-14;5;
3;7;7;40;1;1;15;10;8;4;2019;30;1;4;5;1;1;10105005;2022-09-15;10;
3;7;7;33;1;1;15;10;2;1;2012;30;1;3;4;1;1;10105203;2022-10-05;3;
3;5;5;28;1;1;14;10;8;3;2018;27;;4;3;1;1;10105204;2022-10-10;1;
3;7;6;29;1;1;9;10;2;;2018;28;1;4;4;1;1;10105205;2022-10-10;1;
3;3;2;28;2;2;13;10;2;1;2021;29;1;2;3;1;1;10105206;2022-10-10;-1;
3;6;6;27;2;2;15;10;2;;2020;28;;4;4;1;1;10105210;2022-10-10;-1;
3;5;1;25;2;5;15;10;8;;2020;35;1;2;4;1;1;10105404;2022-10-07;-10;
3;;5;23;2;2;9;10;8;;2018;24;1;4;4;1;1;10105408;2022-10-17;-1;
2;6;6;36;2;2;13;10;1;3;2008;40;1;3;4;1;1;10106101;2022-09-07;-4;
3;6;7;55;2;2;11;10;6;3;2002;53;1;4;4;1;1;10106203;2022-09-29;2;
3;5;5;70;1;1;10;10;2;4;2010;61;1;4;4;1;1;10106204;2022-09-28;9;
2;6;5;50;2;2;9;10;1;2;1995;49;1;4;3;1;1;10106205;2022-09-30;1;
2;5;5;35;2;2;9;10;8;5;2014;29;1;3;4;1;1;10106206;2022-10-01;6;
2;7;6;55;2;2;7;10;3;2;2016;63;1;4;4;1;1;10106208;2022-10-01;-8;
3;1;5;64;2;2;9;10;1;3;1960;68;2;4;4;1;1;10106210;2022-10-03;-4;
3;7;7;32;1;1;11;10;8;3;2018;29;1;5;4;1;1;10106301;2022-09-06;3;
3;5;5;29;1;1;14;10;2;5;2021;28;1;4;4;1;1;10106302;2022-09-06;1;
3;1;5;31;2;2;13;10;1;4;2017;41;2;3;4;1;1;10106305;2022-09-08;-10;
3;7;7;26;2;2;13;10;2;2;2021;31;1;4;3;1;1;10106307;2022-09-09;-5;
2;2;6;25;2;2;15;10;2;2;2019;28;1;4;4;1;1;10106309;2022-09-12;-3;
3;7;7;28;1;1;14;10;8;4;2015;29;1;5;5;1;1;10106310;2022-09-12;-1;
3;7;6;44;1;1;14;10;6;3;2020;48;1;4;4;1;1;10106401;2022-09-22;-4;
3;7;6;43;2;2;15;10;8;4;2022;46;1;4;5;1;1;10106407;2022-10-02;-3;
3;6;6;46;1;1;15;10;6;3;2021;44;1;4;4;1;1;10106408;2022-10-02;2;
3;6;6;60;2;2;10;10;1;4;1989;67;1;4;4;1;1;10106409;2022-10-02;-7;
3;7;6;36;1;1;11;10;1;3;2015;35;1;4;5;1;1;10106502;2022-09-07;1;
;5;7;66;2;2;9;10;1;2;1978;68;1;5;5;1;1;10106503;2022-09-07;-2;
3;7;6;27;1;1;11;10;2;4;2022;19;1;4;4;1;1;10106504;2022-09-07;8;
1;6;3;21;2;2;11;10;2;2;2022;26;1;3;3;1;1;10106505;2022-09-08;-5;
3;7;7;34;2;2;15;10;1;4;2006;36;1;4;5;1;1;10106507;2022-09-12;-2;
3;7;7;43;2;2;16;10;1;5;2006;55;1;5;5;1;1;10106508;2022-09-12;-12;
3;;6;69;1;1;9;10;1;1;1975;66;1;4;4;1;1;10106510;2022-09-13;3;
3;5;4;23;2;2;12;10;1;3;2018;28;1;3;4;1;1;10106601;2022-09-14;-5;
3;7;6;29;2;2;13;10;2;3;2019;26;1;4;4;1;1;10106607;2022-09-18;3;
3;4;5;64;1;1;9;10;1;4;1973;64;;3;3;1;1;10106609;2022-09-27;0;
2;7;7;30;2;2;9;10;1;2;2019;36;1;4;4;1;1;10106703;2022-09-12;-6;
1;7;7;47;2;2;14;10;1;1;2006;51;1;4;5;1;1;10106704;2022-09-12;-4;
3;4;5;44;2;2;7;10;2;2;1999;52;1;3;4;1;1;10106705;2022-09-23;-8;
3;7;5;33;1;1;14;10;1;5;2014;30;1;4;5;1;1;10106801;2022-09-06;3;
3;6;5;35;2;2;15;10;2;4;2019;35;1;4;5;1;1;10106807;2022-10-01;0;
3;7;7;28;2;2;15;10;1;3;2010;38;1;5;5;1;1;10106808;2022-10-10;-10;
3;6;5;46;1;2;13;10;6;4;1998;45;1;3;4;1;1;10107001;2022-10-07;1;
3;1;5;100;1;1;6;10;1;2;1963;100;2;3;4;1;1;10107006;2022-09-01;0;
2;6;7;76;2;2;7;10;1;5;1969;73;1;5;4;1;1;10107008;2022-10-09;3;
3;5;6;51;1;1;13;10;8;5;2004;45;1;3;4;1;1;10107202;2022-09-21;6;
3;7;6;53;1;2;7;10;2;3;2017;53;1;3;3;1;1;10107203;2022-09-21;0;
3;7;6;37;1;1;11;10;2;2;2014;62;1;4;4;1;1;10107208;2022-09-25;-25;
3;3;4;66;1;1;11;10;1;4;1984;60;;2;3;1;1;10107210;2022-09-26;6;
3;7;7;69;1;1;9;10;1;4;1979;68;1;4;4;1;1;10107301;2022-09-13;1;
3;6;7;41;2;2;9;10;2;3;2011;44;1;4;4;1;1;10107304;2022-09-14;-3;
3;1;3;53;2;2;9;10;2;3;2015;59;;3;3;1;1;10107406;2022-09-19;-6;
3;6;7;68;1;1;14;10;1;4;1977;71;1;4;4;1;1;10107502;2022-09-08;-3;
3;6;7;50;1;1;11;10;1;3;2005;50;1;3;5;1;1;10107503;2022-09-08;0;
3;7;5;26;1;1;9;10;1;5;2020;43;1;3;4;1;1;10107504;2022-09-08;-17;
1;6;7;26;2;2;9;10;8;2;2014;32;1;4;4;1;1;10107506;2022-09-13;-6;
2;7;7;42;2;2;7;10;8;2;2008;57;1;3;3;1;1;10107509;2022-09-13;-15;
3;7;7;48;2;2;1;10;1;3;1996;34;1;2;4;1;1;10107510;2022-09-13;14;
2;7;6;57;2;2;7;10;3;2;1992;58;1;3;3;1;1;10107703;2022-08-29;-1;
3;5;6;34;1;1;13;10;2;5;2012;30;1;4;4;1;1;10107704;2022-08-31;4;
3;7;7;32;2;2;15;10;2;3;2012;27;1;5;4;1;1;10107706;2022-09-02;5;
2;7;7;61;1;1;13;10;1;2;1980;57;1;4;4;1;1;10107707;2022-09-02;4;
1;6;6;66;2;2;7;10;1;6;1974;69;2;4;4;1;1;10107709;2022-09-06;-3;
3;4;6;40;1;1;9;10;1;3;1985;52;1;4;4;1;1;10107710;2022-09-06;-12;
3;7;7;39;2;2;12;10;1;;2015;37;1;4;4;1;1;10107801;2022-09-14;2;
3;1;1;42;2;2;11;10;1;;2009;38;;3;3;1;1;10107802;2022-09-14;4;
2;7;3;25;1;1;15;10;8;2;2020;22;1;4;4;1;1;10107804;2022-09-14;3;
2;1;4;23;2;2;13;10;8;2;2022;21;1;3;3;1;1;10107809;2022-09-20;2;
2;6;6;28;2;2;15;10;1;2;2018;28;1;4;4;1;1;10107901;2022-09-26;0;
1;7;4;38;2;2;13;10;1;2;2005;46;1;3;5;1;1;10107907;2022-09-29;-8;
3;3;6;82;1;1;10;10;1;2;1967;83;2;4;4;1;1;10107910;2022-10-03;-1;
3;7;7;58;2;2;12;10;2;1;2010;57;1;3;4;1;1;10108001;2022-09-07;1;
1;7;6;52;2;2;10;10;2;6;1996;52;1;4;4;1;1;10108004;2022-09-09;0;
3;7;7;34;1;1;15;10;1;4;2011;24;1;4;4;1;1;10108008;2022-09-11;10;
3;6;6;75;2;2;15;10;1;4;1973;80;;2;4;1;1;10108010;2022-09-12;-5;
1;4;3;57;2;2;9;10;1;2;1990;57;1;3;4;1;1;10108104;2022-10-04;0;
1;5;6;66;2;2;7;10;1;2;1973;68;1;3;5;1;1;10108105;2022-10-05;-2;
1;6;6;66;2;2;7;10;1;5;1973;66;1;4;5;1;1;10108107;2022-10-06;0;
2;5;5;33;2;2;11;10;8;2;2020;32;1;4;;1;1;10108202;2022-09-26;1;
3;6;6;62;2;2;9;10;1;3;1990;58;1;4;4;1;1;10108203;2022-08-31;4;
3;1;1;53;2;2;9;10;1;3;1989;55;1;4;4;1;1;10108205;2022-09-01;-2;
1;7;7;49;2;2;9;10;1;6;1999;49;1;5;4;1;1;10108301;2022-09-06;0;
3;7;6;45;2;2;7;10;1;2;1993;47;1;4;4;1;1;10108304;2022-09-07;-2;
3;7;7;53;2;2;9;10;4;3;1998;43;1;5;5;1;1;10108308;2022-09-09;10;
3;6;6;49;2;2;11;10;2;4;2019;57;1;4;4;1;1;10108309;2022-09-09;-8;
3;4;5;56;1;1;13;10;6;1;2000;66;1;4;4;1;1;10108401;2022-09-13;-10;
3;6;5;25;1;1;13;10;2;3;2020;34;1;3;5;1;1;10108402;2022-09-15;-9;
2;7;5;27;2;2;7;10;8;2;2019;24;1;5;4;1;1;10108404;2022-09-21;3;
3;6;5;34;2;2;13;10;8;2;2006;39;1;4;5;1;1;10108407;2022-10-01;-5;
2;7;6;33;2;2;9;10;8;;2021;22;1;3;5;1;1;10108408;2022-09-15;11;
2;7;7;45;1;1;14;10;6;4;2019;46;1;5;5;1;1;10108410;2022-09-15;-1;
2;7;4;42;2;2;9;10;8;2;2018;54;2;1;1;1;1;10108502;2022-09-14;-12;
3;7;6;42;2;2;9;10;8;1;1990;42;1;3;4;1;1;10108505;2022-09-15;0;
1;5;5;59;2;2;9;10;1;3;1995;58;2;4;3;1;1;10108506;2022-09-14;1;
2;7;6;40;2;2;12;10;6;1;2012;49;1;4;4;1;1;10108507;2022-09-15;-9;
2;6;5;31;2;2;15;10;2;3;2015;29;1;4;4;1;1;10108508;2022-09-20;2;
3;5;7;57;1;1;9;10;1;4;1987;57;1;3;4;1;1;10108509;2022-09-20;0;
3;7;7;28;2;2;7;10;8;3;2016;34;1;4;4;1;1;10108604;2022-09-08;-6;
3;7;7;31;2;2;15;10;8;3;2021;26;;5;3;1;1;10108605;2022-09-09;5;
3;7;7;31;2;2;11;10;1;5;2018;34;1;4;4;1;1;10108606;2022-09-12;-3;
3;4;3;58;1;1;7;10;1;4;1998;63;;4;4;1;1;10108607;2022-09-12;-5;
3;6;7;42;1;1;14;10;1;3;2010;44;;4;4;1;1;10108608;2022-09-12;-2;
3;5;6;56;1;1;13;10;6;2;2021;65;1;4;4;1;1;10108701;2022-09-20;-9;
3;7;7;42;1;1;9;10;2;3;2002;38;1;5;4;1;1;10109002;2022-09-07;4;
2;;4;58;2;2;9;10;6;;1998;66;1;3;5;1;1;10109009;2022-09-12;-8;
2;7;5;43;2;2;9;10;1;1;2017;31;1;3;4;1;1;10109010;2022-09-12;12;
3;4;7;43;1;1;15;10;1;5;2005;38;1;4;4;1;1;10109102;2022-09-23;5;
3;5;6;47;2;2;16;10;1;1;2003;47;1;4;4;1;1;10109103;2022-09-27;0;
3;7;6;39;2;2;14;10;1;3;2002;43;1;4;5;1;1;10109201;2022-09-06;-4;
3;7;6;50;2;2;15;10;1;2;1995;53;1;4;5;1;1;10109202;2022-09-08;-3;
3;7;3;23;2;2;9;10;2;3;2018;23;1;4;3;1;1;10109301;2022-09-20;0;
1;6;6;50;2;2;14;10;1;2;2016;52;1;4;4;1;1;10109308;2022-09-26;-2;
1;7;7;65;2;2;7;10;1;2;1990;85;2;3;4;1;1;10109309;2022-09-29;-20;
3;1;5;55;2;2;7;10;1;2;1995;61;2;3;3;1;1;10109310;2022-09-29;-6;
2;4;5;52;2;2;9;10;2;2;1997;54;1;3;4;1;1;10109401;2022-09-29;-2;
3;7;6;22;2;2;9;10;8;5;2019;25;1;4;4;1;1;10109402;2022-09-29;-3;
3;7;7;20;2;2;9;10;8;2;2020;37;1;4;5;1;1;10109404;2022-09-29;-17;
2;6;5;35;2;2;9;10;8;2;2012;36;1;4;5;1;1;10109405;2022-09-30;-1;
3;5;5;23;2;2;9;10;8;2;2022;27;1;4;4;1;1;10109408;2022-10-07;-4;
3;3;4;27;2;2;14;10;2;2;2016;27;1;2;3;1;1;10109505;2022-09-26;0;
3;2;4;41;2;2;7;10;8;2;2011;39;1;2;3;1;1;10109506;2022-09-26;2;
3;7;5;22;2;2;9;10;3;2;2020;22;1;3;5;1;1;10109510;2022-09-27;0;
2;7;7;22;2;2;9;10;8;3;2019;23;2;4;4;1;1;10109601;2022-09-15;-1;
2;6;6;26;2;2;9;10;2;4;2019;29;1;5;4;1;1;10109602;2022-09-15;-3;
2;1;4;30;2;2;15;10;8;2;2016;32;1;2;3;1;1;10109603;2022-09-15;-2;
3;7;3;47;2;2;7;10;1;2;1989;49;1;3;3;1;1;10109605;2022-09-17;-2;
;7;6;37;2;2;11;10;8;;2012;38;1;4;4;1;1;10109607;2022-09-20;-1;
;7;6;49;2;2;11;10;1;;2018;99;;3;4;1;1;10109609;2022-09-20;-50;
1;7;6;28;2;2;15;10;1;2;2017;34;1;3;5;1;1;10109704;2022-09-13;-6;
2;7;7;29;2;2;9;10;8;1;2021;33;1;4;5;1;1;10109708;2022-09-14;-4;
2;7;5;29;2;2;9;10;2;2;2022;29;1;2;4;1;1;10109709;2022-09-14;0;
1;5;7;32;2;2;9;10;1;6;2010;33;;4;3;1;1;10109801;2022-09-13;-1;
1;7;6;34;2;2;9;10;2;6;2007;37;1;4;4;1;1;10109807;2022-09-14;-3;
1;6;5;57;2;2;7;10;1;2;1978;72;1;4;4;1;1;10109808;2022-09-14;-15;
2;5;7;45;2;2;9;10;1;5;1996;55;1;4;4;1;1;10109810;2022-09-14;-10;
3;3;5;54;1;1;15;10;1;5;1994;53;2;4;4;1;1;10109902;2022-09-26;1;
3;5;2;58;1;1;9;10;1;3;1992;50;1;2;2;1;1;10109907;2022-09-29;8;
3;6;5;39;2;2;13;10;8;3;2014;40;1;4;4;1;1;10109909;2022-09-30;-1;
2;7;5;57;2;2;9;10;1;2;1996;60;1;4;5;1;1;10110001;2022-09-14;-3;
3;7;6;21;2;2;9;10;2;6;2016;22;1;3;4;1;1;10110007;2022-09-19;-1;
3;1;5;69;2;2;8;10;1;3;1977;74;2;4;4;1;1;10110009;2022-09-21;-5;
3;2;3;43;1;1;15;10;1;5;2003;41;1;3;4;1;1;10110101;2022-09-06;2;
1;7;6;53;2;2;7;10;1;6;1988;61;1;4;4;1;1;10110102;2022-09-30;-8;
1;6;5;33;2;2;15;10;8;6;2010;30;1;4;5;1;1;10110103;2022-09-30;3;
1;6;4;38;2;2;12;10;2;6;2010;41;1;3;3;1;1;10110108;2022-10-06;-3;
3;7;5;58;1;1;7;10;1;5;2006;61;1;3;3;1;1;10110109;2022-10-03;-3;
1;;7;63;2;2;7;10;1;;1974;72;;3;4;1;1;10110201;2022-09-22;-9;
1;6;6;36;2;2;15;10;1;6;2008;42;1;5;4;1;1;10110202;2022-09-26;-6;
3;6;3;24;2;2;14;10;2;4;2020;26;1;4;5;1;1;10110302;2022-10-06;-2;
1;6;5;30;2;2;14;10;1;2;2014;33;1;4;5;1;1;10110401;2022-09-08;-3;
1;6;6;27;2;2;15;10;8;6;2017;28;1;4;5;1;1;10110501;2022-09-29;-1;
2;6;7;38;2;2;15;10;8;3;2021;45;2;5;4;1;1;10110606;2022-09-27;-7;
3;6;6;45;1;1;6;10;8;3;2021;40;1;4;4;1;1;10110607;2022-09-27;5;
2;7;4;35;2;2;11;10;2;1;2017;45;1;4;5;1;1;10110902;2022-09-13;-10;
3;6;6;33;2;2;14;10;2;4;2010;48;1;5;4;1;1;10110904;2022-09-20;-15;
2;5;5;36;2;2;7;10;1;1;2001;38;1;4;4;1;1;10110906;2022-10-12;-2;
1;7;7;59;2;2;7;10;1;6;1984;62;1;4;4;1;1;10110907;2022-10-14;-3;
2;6;4;53;2;2;9;10;1;1;1986;56;1;3;4;1;1;10110908;2022-10-20;-3;
2;7;7;35;1;1;15;10;1;5;2012;34;1;5;5;1;1;10110909;2022-10-30;1;
2;5;7;57;2;2;13;10;1;3;1988;58;1;4;4;1;1;10110910;2022-10-31;-1;
3;6;7;55;1;1;15;10;3;3;2009;43;1;5;5;1;1;10111003;2022-10-11;12;
3;6;7;62;1;1;9;10;1;5;1984;59;1;4;4;1;1;10111007;2022-10-14;3;
2;7;6;34;2;2;15;10;1;2;2012;35;1;4;4;1;1;10111008;2022-10-24;-1;
2;6;6;58;1;1;9;10;1;4;1988;57;1;4;4;1;1;10111010;2022-11-01;1;
3;2;6;26;1;1;13;10;2;3;2015;24;2;5;5;1;1;10111303;2022-10-08;2;
2;5;5;45;2;2;15;10;1;3;2000;45;1;4;4;1;1;10111304;2022-10-08;0;
2;7;7;45;2;2;9;10;1;2;2002;48;1;5;5;1;1;10111501;2022-09-07;-3;
2;3;6;57;2;2;7;10;5;1;1980;63;1;4;3;1;1;10111502;2022-09-06;-6;
3;7;4;23;2;2;14;10;8;3;2021;22;1;;4;1;1;10111505;2022-09-01;1;
2;6;6;42;2;2;9;10;1;2;2001;46;1;4;4;1;1;10111506;2022-09-01;-4;
1;7;1;58;2;2;7;10;1;6;1980;70;1;3;3;1;1;10111508;2022-09-01;-12;
2;7;7;47;2;2;9;10;1;2;1996;48;1;5;5;1;1;10111509;2022-09-06;-1;
1;5;6;43;2;2;9;10;1;6;2008;44;;3;4;1;1;10111602;2022-09-13;-1;
3;6;7;28;2;2;15;10;1;2;2021;33;1;4;4;1;1;10111603;2022-09-13;-5;
1;6;5;53;2;2;7;10;1;6;1993;49;1;5;5;1;1;10111605;2022-09-14;4;
3;5;6;46;2;2;9;10;8;3;2021;54;1;4;4;1;1;10111606;2022-09-14;-8;
1;7;6;27;2;2;13;10;1;2;2017;27;1;4;4;1;1;10111607;2022-09-14;0;
3;6;5;33;1;1;9;10;1;5;2019;28;1;4;4;1;1;10111610;2022-09-23;5;
3;2;7;19;2;2;9;10;8;2;2020;22;1;4;4;1;1;10111703;2022-10-06;-3;
3;6;6;58;1;1;7;10;1;5;1991;55;;4;4;1;1;10111705;2022-10-07;3;
2;6;7;52;2;2;15;10;6;1;2014;48;1;3;4;1;1;10111706;2022-10-07;4;
1;6;5;61;2;2;7;10;1;6;1978;71;2;3;3;1;1;10111710;2022-10-06;-10;
3;7;7;61;1;1;9;10;2;4;2012;42;1;4;4;1;1;10111801;2022-10-04;19;
3;5;6;71;1;1;8;10;1;4;1972;67;1;3;4;1;1;10111802;2022-10-04;4;
3;5;5;50;1;1;9;10;1;5;2000;46;1;5;4;1;1;10111808;2022-09-08;4;
3;5;5;46;2;2;9;10;1;2;1998;49;1;4;4;1;1;10111809;2022-09-08;-3;
2;7;6;20;2;2;11;10;2;2;2022;25;1;4;4;1;1;10111810;2022-09-08;-5;
2;5;4;48;2;2;9;10;1;3;1999;49;1;4;4;1;1;10111901;2022-09-09;-1;
3;7;7;46;2;2;7;10;1;1;2000;46;1;4;4;1;1;10111904;2022-09-21;0;
2;7;7;36;2;2;9;10;2;1;2004;39;1;4;4;1;1;10111905;2022-09-22;-3;
3;7;7;45;2;2;9;10;2;2;1997;57;1;4;5;1;1;10111906;2022-09-22;-12;
3;7;7;55;2;2;9;10;2;2;2005;49;1;3;4;1;1;10111907;2022-09-25;6;
2;7;6;37;2;2;9;10;1;2;2000;43;1;4;4;1;1;10111908;2022-10-05;-6;
3;2;5;35;1;1;15;10;2;4;2011;28;;4;4;1;1;10112001;2022-09-06;7;
2;6;6;49;2;2;9;10;1;1;1998;48;1;4;5;1;1;10112004;2022-09-12;1;
1;7;6;38;2;2;11;10;1;6;2004;38;1;3;4;1;1;10112006;2022-09-28;0;
3;7;7;30;2;2;9;10;2;3;2009;35;1;4;5;1;1;10112101;2022-09-08;-5;
1;7;7;40;2;2;9;10;1;5;2002;47;1;5;5;1;1;10112102;2022-09-08;-7;
3;7;6;48;1;1;9;10;1;5;1997;47;1;4;4;1;1;10112107;2022-09-15;1;
3;6;7;36;2;2;13;10;2;1;2010;36;1;4;4;1;1;10112108;2022-09-20;0;
1;4;5;61;2;2;9;10;1;2;1989;59;2;4;4;1;1;10112202;2022-09-06;2;
3;7;4;32;2;2;15;10;1;3;2018;31;1;4;4;1;1;10112204;2022-09-07;1;
3;4;5;59;1;1;9;10;1;4;1989;61;2;4;4;1;1;10112206;2022-09-08;-2;
1;1;6;53;2;2;7;10;1;1;1987;56;;4;4;1;1;10112210;2022-09-12;-3;
3;7;6;32;1;1;15;10;8;3;2022;22;1;4;4;1;1;10112302;2022-09-06;10;
1;7;7;56;2;2;9;10;1;6;1991;55;1;5;5;1;1;10112303;2022-09-06;1;
2;7;6;44;2;2;9;10;1;2;1999;46;1;4;5;1;1;10112304;2022-09-07;-2;
2;7;7;50;2;2;7;10;1;2;1992;51;1;5;5;1;1;10112404;2022-10-07;-1;
2;6;5;32;2;2;15;10;1;2;2016;35;2;5;4;1;1;10112406;2022-10-04;-3;
3;6;7;35;2;2;15;10;8;3;2019;42;1;4;4;1;1;10112407;2022-10-04;-7;
3;7;7;48;1;1;7;10;1;4;1993;52;1;4;4;1;1;10112501;2022-09-23;-4;
3;4;2;28;2;2;13;10;5;1;2021;31;1;4;3;1;1;10112502;2022-09-26;-3;
1;7;7;46;2;2;7;10;1;6;1991;53;2;4;4;1;1;10112504;2022-10-06;-7;
3;7;6;53;1;1;7;10;1;4;1991;46;1;4;5;1;1;10112505;2022-10-06;7;
3;7;7;18;2;2;11;10;8;6;2018;19;1;4;5;1;1;10112506;2022-10-07;-1;
3;7;5;35;2;2;14;10;1;3;2007;34;1;4;4;1;1;10112508;2022-10-10;1;
3;7;7;34;1;1;14;10;1;4;2007;35;2;4;5;1;1;10112509;2022-10-10;-1;
1;6;3;33;2;2;7;10;2;6;2012;29;1;2;4;1;1;10112902;2022-10-11;4;
3;7;5;48;2;2;7;10;2;2;2019;58;1;4;4;1;1;10112903;2022-10-11;-10;
3;7;7;29;2;2;11;10;8;6;2009;34;1;4;5;1;1;10112905;2022-10-11;-5;
3;7;5;28;2;2;9;10;8;3;2022;29;1;3;4;1;1;10112906;2022-10-11;-1;
2;5;5;38;2;2;9;10;1;3;2011;38;1;;4;1;1;10112907;2022-10-12;0;
1;7;6;33;2;2;9;10;8;6;2017;38;1;;4;1;1;10112909;2022-10-12;-5;
3;7;5;18;2;2;9;10;2;3;2021;19;;3;4;1;1;10112910;2022-10-12;-1;
2;7;7;50;1;1;7;10;1;3;1992;49;1;3;4;1;1;10113005;2022-10-11;1;
1;7;7;31;2;2;11;10;1;4;2012;34;1;5;5;1;1;10113006;2022-10-11;-3;
1;7;6;72;2;2;1;10;1;5;1990;76;1;2;3;1;1;10113008;2022-10-12;-4;
3;;5;65;1;1;7;10;1;5;1983;60;1;3;3;1;1;10113009;2022-10-12;5;
1;7;7;58;2;2;11;10;1;;1990;59;1;4;4;1;1;10113104;2022-10-13;-1;
1;5;6;49;2;2;11;10;1;5;2002;52;1;3;4;1;1;10113105;2022-10-13;-3;
1;7;5;43;2;2;11;10;1;6;2001;42;1;4;4;1;1;10113106;2022-10-13;1;
2;7;7;70;2;2;6;10;1;2;1980;70;1;4;5;1;1;10113109;2022-10-13;0;
2;7;7;32;2;2;15;10;8;3;2012;35;1;2;4;1;1;10113110;2022-10-13;-3;
3;5;6;62;1;1;9;10;2;3;2017;57;1;4;4;1;1;10113203;2022-10-13;5;
3;7;7;77;1;1;8;10;1;5;1963;76;1;3;4;1;1;10113208;2022-10-14;1;
2;7;7;76;2;2;1;10;1;;1963;77;1;3;4;1;1;10113301;2022-10-14;-1;
1;3;2;41;2;2;7;10;1;6;1999;46;1;2;4;1;1;10113307;2022-10-17;-5;
3;3;1;32;2;2;15;10;8;5;2021;29;1;3;3;1;1;10113308;2022-10-17;3;
2;7;7;34;2;2;11;10;1;2;2004;50;1;5;5;1;1;10113309;2022-10-17;-16;
2;;7;67;2;2;1;10;1;5;2019;61;1;3;3;1;1;10113402;2022-10-19;6;
2;6;5;32;2;2;9;10;1;2;2009;34;1;3;3;1;1;10113406;2022-10-19;-2;
1;3;6;34;2;2;13;10;2;3;2011;40;1;5;5;1;1;10114002;2022-10-17;-6;
3;6;6;34;2;2;13;10;8;2;2015;35;1;4;5;1;1;10114005;2022-10-17;-1;
3;6;5;43;2;2;7;10;7;2;2019;33;1;3;4;1;1;10114006;2022-10-17;10;
3;6;5;42;2;2;11;10;1;3;1995;52;1;2;4;1;1;10114009;2022-10-19;-10;
1;7;3;22;2;2;9;10;1;2;2015;23;1;1;3;1;1;10114010;2022-10-19;-1;
2;6;5;45;2;2;7;10;1;2;1995;48;1;4;4;1;1;10114802;2022-09-27;-3;
3;6;6;36;2;2;13;10;1;3;2006;37;1;2;4;1;1;10114805;2022-09-27;-1;
2;7;6;35;1;1;15;10;8;3;2021;33;1;4;4;1;1;10114807;2022-09-27;2;
3;7;7;33;1;1;15;10;8;3;2016;34;1;5;5;1;1;10114809;2022-09-27;-1;
2;7;5;35;2;2;15;10;5;1;2021;35;1;4;5;1;1;10114810;2022-09-28;0;
3;5;4;58;1;1;7;10;2;5;2010;44;1;5;5;1;1;10115604;2022-09-30;14;
3;5;6;38;1;1;9;10;8;4;2004;38;1;4;4;1;1;10115606;2022-10-01;0;
3;7;6;34;1;1;13;10;8;3;2010;37;1;4;4;1;1;10115607;2022-09-30;-3;
3;4;2;34;1;1;13;10;8;3;2014;31;1;3;3;1;1;10115609;2022-09-30;3;
2;7;6;32;2;2;13;10;8;2;2011;34;1;4;4;1;1;10115610;2022-09-30;-2;
3;5;5;50;1;1;7;10;1;3;2022;48;1;3;3;1;1;10115701;2022-09-28;2;
1;5;5;34;2;2;14;10;8;1;2014;37;2;4;2;1;1;10115704;2022-09-28;-3;
3;7;7;30;2;2;9;10;2;2;2022;38;1;5;4;1;1;10115705;2022-09-28;-8;
3;3;1;26;2;2;13;10;8;4;2021;34;1;3;3;1;1;10115708;2022-09-29;-8;
3;4;1;27;2;2;14;10;8;1;2021;27;1;3;4;1;1;10115709;2022-09-29;0;
3;5;5;37;1;1;15;10;8;4;2014;32;1;4;4;1;1;10115901;2022-10-01;5;
3;6;6;58;1;1;9;10;1;4;2009;57;1;5;4;1;1;10115903;2022-10-01;1;
3;7;6;38;1;1;9;10;8;3;2018;28;1;4;4;1;1;10115904;2022-10-01;10;
3;7;7;37;1;1;9;10;1;4;2003;42;1;5;5;1;1;10115905;2022-10-01;-5;
3;5;4;33;2;2;13;10;8;4;2014;36;1;4;4;1;1;10115907;2022-10-03;-3;
2;7;6;31;2;2;9;10;8;2;2018;31;1;5;4;1;1;10115908;2022-10-03;0;
2;3;6;59;1;1;7;10;1;3;1980;58;2;2;2;1;1;10116001;2022-10-08;1;
3;7;7;31;1;1;15;10;8;3;2022;41;1;4;4;1;1;10116003;2022-10-08;-10;
3;7;7;31;1;1;9;10;8;3;2011;29;1;4;4;1;1;10116004;2022-10-11;2;
3;7;7;38;1;1;7;10;1;3;2022;48;1;5;5;1;1;10116006;2022-10-11;-10;
3;5;4;27;1;1;15;10;8;3;2015;27;1;4;4;1;1;10116007;2022-10-11;0;
3;2;3;31;1;1;13;10;8;4;2020;27;1;2;3;1;1;10116008;2022-10-11;4;
3;5;6;25;2;2;9;10;8;2;2018;36;1;4;4;1;1;10116101;2022-10-03;-11;
3;7;5;30;2;2;13;10;8;3;2017;29;1;3;4;1;1;10116103;2022-10-03;1;
3;6;7;73;1;1;15;10;1;1;2002;64;1;4;4;1;1;10116107;2022-10-03;9;
1;7;7;28;2;2;13;10;1;6;2013;27;1;4;4;1;1;10116307;2022-10-14;1;
2;7;7;32;2;2;15;10;1;2;2012;32;1;4;4;1;1;10116309;2022-10-17;0;
3;7;7;32;1;1;15;10;1;4;2021;29;1;4;3;1;1;10116310;2022-10-17;3;
3;6;6;31;1;1;15;10;8;5;2019;23;1;4;4;1;1;10116402;2022-09-21;8;
3;5;7;61;1;1;11;10;2;4;1994;56;1;4;4;1;1;10116403;2022-09-21;5;
3;7;5;40;2;2;11;10;2;3;2006;43;1;2;3;1;1;10116405;2022-09-26;-3;
3;7;7;34;1;1;9;10;8;3;2012;26;1;4;3;1;1;10116406;2022-09-26;8;
2;7;7;30;2;2;9;10;1;2;2012;34;1;5;4;1;1;10116407;2022-09-26;-4;
3;6;6;32;2;2;13;10;8;3;2022;32;1;5;4;1;1;10116601;2022-10-06;0;
3;1;3;24;2;2;9;10;8;4;2017;28;2;4;3;1;1;10116604;2022-10-07;-4;
3;6;6;26;2;2;9;10;8;2;2018;25;1;4;4;1;1;10116605;2022-10-07;1;
3;6;6;41;1;1;13;10;8;3;2015;22;1;3;3;1;1;10116608;2022-10-08;19;
3;4;4;59;1;2;7;10;6;3;2007;53;2;3;3;1;1;10116609;2022-10-08;6;
3;6;6;32;1;1;9;10;8;4;2020;37;1;5;4;1;1;10116706;2022-10-19;-5;
3;6;6;60;1;1;9;10;1;4;1997;63;;4;3;1;1;10116709;2022-10-19;-3;
3;7;6;28;1;1;14;10;8;4;2016;26;1;5;5;1;1;10116802;2022-10-20;2;
3;7;7;43;2;2;15;10;3;2;2012;49;1;2;4;1;1;10116804;2022-10-20;-6;
2;4;5;41;2;2;7;10;8;2;2003;52;1;3;4;1;1;10116805;2022-10-20;-11;
1;7;6;35;2;2;9;10;2;6;2012;36;1;4;4;1;1;10116806;2022-10-21;-1;
2;6;6;46;2;2;7;10;1;2;1998;50;1;4;4;1;1;10116808;2022-10-21;-4;
3;7;6;34;1;1;9;10;8;4;2007;31;1;3;4;1;1;10116809;2022-10-21;3;
3;6;5;78;1;1;15;10;1;4;2004;78;1;4;3;1;1;10116810;2022-10-21;0;
3;5;6;37;1;1;9;10;8;4;2015;37;1;4;3;1;1;10116901;2022-10-12;0;
3;7;7;35;1;1;15;10;8;4;2011;35;2;4;4;1;1;10116903;2022-10-12;0;
3;6;7;23;2;2;15;10;1;3;2018;25;1;4;4;1;1;10116909;2022-10-13;-2;
3;7;6;42;1;1;15;10;1;3;2010;37;1;4;4;1;1;10116910;2022-10-13;5;
2;7;6;48;2;2;11;10;1;6;2002;43;1;4;5;1;1;10117003;2022-09-14;5;
3;7;6;37;1;1;7;10;1;3;2017;40;1;4;4;1;1;10117004;2022-09-14;-3;
2;2;6;34;2;2;9;10;1;1;2018;32;2;3;4;1;1;10117005;2022-09-14;2;
3;6;6;38;2;2;9;10;8;3;2015;35;1;4;4;1;1;10117007;2022-09-14;3;
3;5;5;33;2;2;15;10;8;3;2016;34;1;3;4;1;1;10117008;2022-09-14;-1;
3;6;5;31;2;2;17;10;8;5;2019;30;1;3;5;1;1;10117009;2022-09-15;1;
2;6;6;39;2;2;15;10;8;2;2004;40;1;4;4;1;1;10117202;2022-11-04;-1;
2;6;5;24;2;2;9;10;8;2;2022;33;1;4;3;1;1;10117206;2022-11-04;-9;
3;7;7;24;2;2;9;10;8;2;2018;28;1;4;5;1;1;10117207;2022-11-07;-4;
3;7;6;39;1;1;7;10;8;5;2005;32;2;3;4;1;1;10117208;2022-11-07;7;
3;7;6;29;2;2;9;10;8;3;2014;29;1;4;4;1;1;10117209;2022-11-07;0;
3;6;6;34;1;1;15;10;8;3;2013;33;1;3;4;1;1;10117401;2022-09-19;1;
3;6;4;33;2;2;15;10;8;3;2013;34;1;3;4;1;1;10117402;2022-09-19;-1;
2;7;7;79;2;2;8;10;1;3;1962;82;2;4;3;1;1;10117403;2022-09-20;-3;
3;6;6;52;1;1;8;10;2;4;2004;48;1;4;4;1;1;10117404;2022-09-20;4;
1;7;7;50;2;2;9;10;1;5;1992;59;1;5;5;1;1;10117405;2022-09-20;-9;
1;7;4;36;2;2;9;10;2;4;2022;23;1;2;1;1;1;10117408;2022-09-20;13;
2;7;7;25;1;1;9;10;8;3;2022;36;1;4;5;1;1;10117409;2022-09-20;-11;
3;7;6;31;1;1;7;10;2;5;2008;38;1;5;5;1;1;10117410;2022-09-21;-7;
2;5;6;32;2;2;15;10;8;3;2013;36;2;4;4;1;1;10117603;2022-10-26;-4;
3;7;6;32;2;2;9;10;8;3;2019;31;1;3;4;1;1;10117604;2022-10-26;1;
3;6;5;34;1;1;9;10;8;4;2020;32;1;4;4;1;1;10117701;2022-10-17;2;
3;5;7;70;1;1;15;10;1;3;1975;66;2;4;4;1;1;10117702;2022-10-17;4;
3;7;4;21;2;2;9;10;8;4;2020;21;1;5;4;1;1;10117703;2022-10-17;0;
1;7;7;31;2;2;13;10;1;6;2014;29;1;4;4;1;1;10117707;2022-10-18;2;
3;6;7;29;1;1;7;10;8;3;2016;29;1;4;4;1;1;10117708;2022-10-18;0;
3;7;6;23;2;2;9;10;8;3;2017;24;1;4;3;1;1;10117709;2022-10-18;-1;
3;7;7;55;1;1;13;10;1;4;1996;49;1;3;4;1;1;10117710;2022-10-18;6;
3;7;4;21;1;1;14;10;8;6;2020;21;1;4;4;1;1;10117801;2022-10-05;0;
2;6;6;33;2;2;9;10;1;4;2020;32;1;4;4;1;1;10117803;2022-10-05;1;
3;7;7;40;2;2;13;10;8;4;2002;41;1;4;4;1;1;10117804;2022-10-06;-1;
3;7;7;47;1;1;15;10;1;3;2005;43;1;4;4;1;1;10117805;2022-10-06;4;
2;7;4;24;1;1;9;10;8;2;2017;22;1;3;3;1;1;10117806;2022-10-06;2;
3;7;2;30;1;1;9;10;1;3;2010;28;1;4;4;1;1;10117807;2022-10-06;2;
3;7;7;34;2;2;15;10;1;3;2010;35;1;4;5;1;1;10117808;2022-10-06;-1;
2;6;6;33;2;2;15;10;1;2;2012;35;1;4;4;1;1;10117810;2022-10-06;-2;
3;6;6;36;1;1;9;10;8;4;2016;36;1;3;3;1;1;10117901;2022-11-02;0;
3;6;4;19;2;2;9;10;8;6;2021;20;1;3;3;1;1;10117902;2022-11-02;-1;
3;7;7;22;2;2;13;10;8;2;2020;24;1;4;4;1;1;10117904;2022-11-03;-2;
2;4;3;22;2;2;9;10;8;6;2019;24;1;4;4;1;1;10117906;2022-11-03;-2;
3;6;6;46;1;1;7;10;2;4;2022;36;1;5;4;1;1;10117908;2022-11-03;10;
1;6;6;35;2;2;9;10;8;6;2010;35;1;1;4;1;1;10117909;2022-11-03;0;
3;6;1;34;1;1;13;10;8;5;2017;27;1;3;3;1;1;10117910;2022-11-03;7;
3;6;6;37;1;1;7;10;8;4;2008;31;1;4;3;1;1;10118003;2022-11-07;6;
2;7;7;29;2;2;9;10;8;2;2012;30;1;3;4;1;1;10118005;2022-11-07;-1;
2;7;5;31;2;2;14;10;8;2;2016;37;1;4;4;1;1;10118006;2022-11-07;-6;
2;7;7;33;2;2;9;10;8;6;2014;29;1;3;4;1;1;10118402;2022-10-28;4;
2;7;7;31;2;2;13;10;8;2;2011;39;2;3;4;1;1;10118404;2022-10-28;-8;
3;7;7;18;2;2;9;10;8;3;2022;18;1;3;4;1;1;10118405;2022-10-28;0;
3;5;3;32;1;1;15;10;8;4;2019;37;1;2;3;1;1;10118406;2022-10-28;-5;
3;7;5;40;1;1;9;10;1;4;2002;38;1;3;4;1;1;10118407;2022-11-02;2;
1;6;7;27;2;2;13;10;8;2;2014;29;1;4;4;1;1;10118408;2022-11-02;-2;
3;2;6;70;1;1;9;10;1;3;1980;70;2;4;4;1;1;10118502;2022-10-04;0;
2;7;6;48;2;2;9;10;1;5;1995;51;1;4;4;1;1;10118504;2022-10-04;-3;
2;6;6;26;2;2;13;10;8;4;2020;21;1;4;4;1;1;10118505;2022-10-04;5;
3;7;7;41;1;1;9;10;5;3;2000;40;1;4;4;1;1;10118506;2022-10-04;1;
3;4;6;66;1;1;9;10;1;4;1976;65;1;3;3;1;1;10118507;2022-10-05;1;
3;6;6;29;2;2;9;10;1;2;2010;38;1;5;5;1;1;10118509;2022-10-05;-9;
2;6;6;33;2;2;15;10;1;1;2013;34;1;4;5;1;1;10118610;2022-09-01;-1;
3;6;7;69;2;2;15;10;1;3;1985;72;2;4;4;1;1;10118709;2022-09-02;-3;
3;7;7;87;1;1;10;10;2;4;1987;74;2;4;4;1;1;10118710;2022-09-11;13;
1;2;4;68;2;2;7;10;1;1;2000;68;1;3;3;1;1;10118806;2022-09-09;0;
2;5;6;37;2;2;9;10;1;1;2000;38;1;5;3;1;1;10118809;2022-09-10;-1;
3;6;7;62;1;1;10;10;1;5;1989;62;1;5;5;1;1;10118901;2022-09-23;0;
3;5;5;36;1;1;13;10;8;4;2010;33;1;4;4;1;1;10119104;2022-10-05;3;
1;6;7;37;2;2;13;10;1;1;2009;35;1;5;4;1;1;10119201;2022-09-27;2;
2;5;7;25;2;2;15;10;2;1;2021;42;1;5;5;1;1;10119508;2022-11-04;-17;
2;5;5;50;2;2;7;10;1;3;2005;55;1;5;3;1;1;10119702;2022-10-19;-5;
3;7;7;40;1;1;9;10;5;1;2008;48;2;3;3;1;1;10119705;2022-10-20;-8;
3;7;7;20;2;2;14;10;8;4;2021;22;1;4;5;1;1;10119907;2022-09-23;-2;
3;7;5;19;2;2;9;10;8;3;2022;24;1;4;4;1;1;10119910;2022-09-27;-5;
2;6;4;26;2;2;12;10;1;1;2018;28;1;4;3;1;1;10120005;2022-09-08;-2;
2;6;6;35;2;2;9;10;1;1;2015;33;1;3;3;1;1;10120010;2022-09-10;2;
3;7;7;37;2;2;15;10;2;4;2014;66;1;4;4;1;1;10120306;2022-10-26;-29;
3;7;6;69;2;2;15;10;1;3;1978;71;;4;4;1;1;10120308;2022-10-25;-2;
3;5;6;79;2;2;15;10;1;4;1973;77;1;3;4;1;1;10120310;2022-10-24;2;
3;4;4;91;1;1;7;10;1;5;1968;90;2;;3;1;1;10120505;2022-09-08;1;
1;4;4;61;2;2;15;10;1;3;2000;61;1;3;4;1;1;10120507;2022-09-08;0;
1;7;5;40;2;2;9;10;1;1;2006;45;1;4;5;1;1;10120601;2022-11-03;-5;
2;7;4;70;2;2;9;10;1;2;2007;78;2;4;2;1;1;10120701;2022-08-27;-8;
3;7;4;69;1;1;7;10;1;2;1986;70;1;3;3;1;1;10120705;2022-08-27;-1;
3;5;6;59;2;2;15;10;1;4;1989;60;1;4;4;1;1;10121005;2022-10-13;-1;
3;6;5;46;2;2;12;10;2;3;2020;50;1;4;4;1;1;10121006;2022-10-14;-4;
1;5;5;46;2;2;9;10;2;6;2010;42;1;3;4;1;1;10121009;2022-10-17;4;
2;6;7;32;2;2;13;10;2;2;2021;32;1;4;4;1;1;10121101;2022-09-29;0;
2;1;6;60;2;2;7;10;1;6;1987;58;2;2;3;1;1;10121102;2022-10-20;2;
3;4;4;36;2;2;15;10;2;3;2018;34;1;3;4;1;1;10121104;2022-10-17;2;
3;4;6;49;2;2;9;10;1;3;1995;54;1;5;4;1;1;10121106;2022-10-21;-5;
3;7;7;54;2;2;7;10;2;3;2012;58;1;4;4;1;1;10121206;2022-08-29;-4;
2;6;5;38;2;2;13;10;2;2;2020;40;1;4;4;1;1;10121210;2022-09-26;-2;
2;6;5;45;2;2;14;10;8;2;2022;39;1;4;4;1;1;10121509;2022-09-29;6;
3;7;4;24;2;2;11;10;2;2;2021;22;1;3;3;1;1;10121601;2022-10-11;2;
1;1;6;64;2;2;7;10;1;4;1973;76;2;3;4;1;1;10121602;2022-10-12;-12;
2;6;7;74;1;1;13;10;1;4;1978;72;2;3;4;1;1;10121604;2022-10-12;2;
3;7;7;53;2;2;14;10;6;3;2008;48;1;5;5;1;1;10121605;2022-10-13;5;
1;7;5;40;2;2;17;10;1;6;2010;46;1;4;5;1;1;10121701;2022-10-13;-6;
2;6;6;41;2;2;11;10;8;1;2015;48;1;4;4;1;1;10121702;2022-10-19;-7;
3;7;7;57;1;1;7;10;2;3;1986;58;1;2;3;1;1;10121707;2022-10-10;-1;
3;7;6;23;2;2;14;10;8;5;2018;25;1;4;4;1;1;10121708;2022-10-10;-2;
2;7;7;35;2;2;14;10;1;2;2010;30;1;3;4;1;1;10121709;2022-10-11;5;
1;6;6;57;2;2;7;10;1;5;1983;59;1;3;5;1;1;10121710;2022-10-11;-2;
1;5;6;58;2;2;7;10;1;6;1983;75;2;3;4;1;1;10122002;2022-10-05;-17;
1;6;5;33;2;2;9;10;1;6;2000;35;1;4;4;1;1;10122003;2022-10-05;-2;
3;7;7;31;1;1;10;10;2;5;2000;31;1;5;4;1;1;10122005;2022-10-05;0;
2;6;7;66;2;2;9;10;1;2;1991;67;1;3;5;1;1;10122007;2022-10-06;-1;
3;7;6;36;1;1;9;10;2;4;2016;39;1;2;5;1;1;10122008;2022-10-06;-3;
1;7;5;45;2;2;7;10;1;6;2000;50;1;3;5;1;1;10122010;2022-10-08;-5;
3;6;6;63;1;1;8;10;2;4;2018;68;1;3;4;1;1;10122101;2022-10-12;-5;
1;7;7;40;2;2;9;10;8;1;2020;44;1;3;3;1;1;10122102;2022-10-12;-4;
3;7;4;20;2;2;12;10;8;5;2021;25;1;4;4;1;1;10122105;2022-10-12;-5;
3;6;4;28;2;2;15;10;2;2;2020;29;1;4;3;1;1;10122107;2022-10-12;-1;
3;5;5;39;2;2;9;10;8;2;2000;38;1;4;4;1;1;10122301;2022-10-14;1;
3;5;6;26;1;1;14;10;8;1;2021;24;1;2;3;1;1;10122302;2022-10-23;2;
3;7;5;55;2;2;7;10;1;4;1984;59;1;3;4;1;1;10122304;2022-10-14;-4;
2;7;5;32;1;1;17;10;8;1;2022;33;1;4;4;1;1;10122305;2022-10-14;-1;
1;6;6;38;2;2;9;10;1;6;2011;34;1;4;4;1;1;10122409;2022-10-26;4;
3;6;5;34;1;1;11;10;2;4;2020;33;1;3;3;1;1;10122503;2022-10-30;1;
3;6;6;60;1;1;7;10;1;4;1978;65;;4;3;1;1;10122701;2022-10-28;-5;
2;5;6;51;2;2;8;10;1;2;2020;67;1;4;4;1;1;10122805;2022-10-12;-16;
2;4;5;36;2;2;13;10;2;3;2013;38;1;4;4;1;1;10122809;2022-10-14;-2;
2;7;5;31;2;2;9;10;8;2;2021;53;1;5;4;1;1;10123103;2022-10-03;-22;
2;6;5;29;1;2;16;10;2;3;2017;99;1;4;4;1;1;10123409;2022-11-14;-70;
3;6;6;26;1;1;11;10;2;3;2015;25;1;3;3;1;1;10123503;2022-08-26;1;
3;5;7;55;1;1;7;10;1;4;1985;54;1;4;4;1;1;10123507;2022-08-20;1;
1;5;2;64;2;2;1;10;1;6;1968;64;1;3;3;1;1;10123510;2022-08-20;0;
3;7;7;25;1;1;9;10;8;4;2018;29;1;5;4;1;1;10123902;2022-10-01;-4;
1;6;6;47;2;2;7;10;1;6;1994;51;1;3;4;1;1;10124001;2022-09-15;-4;
2;4;7;68;2;2;7;10;1;2;1978;80;;3;4;1;1;10124002;2022-09-15;-12;
;6;6;31;2;2;9;10;8;;2010;33;;4;4;1;1;10124007;2022-11-09;-2;
2;6;3;36;1;1;9;10;8;2;2020;30;1;3;4;1;1;10124008;2022-10-09;6;
3;5;4;58;1;1;10;10;5;2;1996;50;2;4;4;1;1;10124101;2022-10-17;8;
3;6;7;86;1;1;7;10;1;6;1956;79;2;4;3;1;1;10124102;2022-10-17;7;
3;6;4;30;2;2;11;10;2;2;2016;36;1;4;4;1;1;10124103;2022-10-17;-6;
2;7;6;56;2;2;7;10;2;5;2012;49;1;3;5;1;1;10124104;2022-10-17;7;
2;4;4;53;2;2;7;10;1;2;2003;53;1;3;4;1;1;10124203;2022-11-11;0;
2;7;7;61;2;2;7;10;7;6;1992;79;2;3;3;1;1;10124302;2022-10-05;-18;
3;7;5;23;1;1;10;10;2;;2021;23;1;5;4;1;1;10124304;2022-10-04;0;
2;5;7;41;2;2;8;10;8;2;2021;43;;4;5;1;1;10124306;2022-10-05;-2;
1;4;3;81;2;2;7;10;1;3;1960;77;2;4;5;1;1;10124401;2022-10-06;4;
3;;6;65;2;2;9;10;2;2;1996;71;1;4;4;1;1;10124404;2022-10-06;-6;
3;5;5;73;1;1;7;10;1;4;1980;69;2;4;3;1;1;10124601;2022-08-11;4;
3;4;5;45;2;2;7;10;1;3;2019;58;1;3;3;1;1;10124604;2022-08-18;-13;
2;5;5;44;2;2;9;10;1;2;2007;67;1;4;4;1;1;10124703;2022-10-11;-23;
3;6;6;62;1;1;15;10;3;5;2005;56;1;;3;1;1;10124704;2022-10-11;6;
3;5;5;37;1;1;9;10;1;4;2004;38;1;4;4;1;1;10124708;2022-10-17;-1;
3;6;6;72;2;2;7;10;7;3;1993;59;;3;3;1;1;10124905;2022-10-26;13;
3;7;6;50;1;1;9;10;1;4;2000;41;;4;4;1;1;10124910;2022-10-26;9;
3;1;5;62;1;1;7;10;1;2;1984;55;2;4;4;1;1;10125101;2022-08-17;7;
1;6;6;58;2;2;9;10;1;6;1986;60;1;3;4;1;1;10125102;2022-08-17;-2;
2;5;7;24;2;2;16;10;8;2;2021;25;1;3;5;1;1;10125105;2022-08-17;-1;
3;4;6;67;1;1;12;10;1;4;1980;69;1;4;4;1;1;10125109;2022-08-18;-2;
3;6;7;35;2;2;15;10;8;4;2014;37;1;4;4;1;1;10125110;2022-08-18;-2;
1;7;7;50;2;2;9;10;1;4;1995;58;1;4;5;1;1;10125201;2022-11-13;-8;
1;6;5;52;1;1;9;10;1;6;2008;46;1;3;3;1;1;10125210;2022-08-27;6;
3;5;5;39;2;2;13;10;8;3;2019;39;1;3;4;1;1;10125302;2022-10-14;0;
3;5;5;54;2;2;9;10;2;4;2014;63;1;4;4;1;1;10125303;2022-10-14;-9;
2;7;5;39;2;2;14;10;1;;2012;38;1;3;4;1;1;10125401;2022-10-21;1;
3;6;6;25;1;1;9;10;8;3;2015;40;1;3;4;1;1;10125405;2022-10-24;-15;
3;6;6;33;1;1;11;10;2;4;2014;33;1;4;4;1;1;10125409;2022-10-21;0;
3;5;4;29;2;2;15;10;2;1;2020;31;1;3;4;1;1;10125505;2022-10-18;-2;
3;7;5;52;1;1;9;10;1;4;1994;53;1;2;3;1;1;10125601;2022-10-14;-1;
2;4;5;52;2;2;9;10;1;1;1994;52;;3;4;1;1;10125602;2022-10-14;0;
2;6;5;28;2;2;9;10;2;1;2018;28;1;3;4;1;1;10125607;2022-10-18;0;
3;7;6;50;1;1;9;10;2;3;2015;45;1;3;5;1;1;10125704;2022-10-10;5;
3;7;7;28;1;1;11;10;2;5;2016;28;1;3;5;1;1;10125706;2022-10-08;0;
1;1;2;47;2;2;13;10;2;6;2010;48;;3;3;1;1;10125707;2022-10-24;-1;
3;7;6;27;2;2;15;10;8;5;2021;27;1;5;5;1;1;10125805;2022-11-09;0;
1;7;7;65;2;2;7;10;1;6;1995;72;2;4;4;1;1;10126001;2022-10-14;-7;
3;1;6;88;1;1;8;10;1;5;1950;84;;4;4;1;1;10126002;2022-10-14;4;
2;1;2;56;2;2;12;10;1;2;1986;63;2;2;3;1;1;10126003;2022-10-14;-7;
3;6;6;39;2;2;17;10;1;3;2015;39;1;3;4;1;1;10126005;2022-10-14;0;
3;6;6;42;1;1;15;10;8;2;2018;46;1;5;4;1;1;10126007;2022-10-14;-4;
2;7;6;75;2;2;6;10;1;2;1961;80;;4;4;1;1;10126010;2022-10-18;-5;
3;6;7;49;1;1;14;10;8;3;2019;49;1;5;4;1;1;10126101;2022-10-20;0;
;6;6;36;2;2;9;10;2;;2011;40;1;4;3;1;1;10126209;2022-11-11;-4;
;7;7;23;1;1;14;10;8;;2013;23;;5;4;1;1;10126608;2022-10-29;0;
2;5;5;65;2;2;6;10;1;2;1978;70;;4;3;1;1;10126703;2022-10-24;-5;
3;6;6;42;2;2;13;10;1;3;1994;50;;5;4;1;1;10126704;2022-10-24;-8;
3;4;1;23;1;1;6;10;1;5;2018;25;1;4;4;1;1;10126705;2022-09-12;-2;
3;3;7;48;1;1;9;10;5;4;2012;47;2;5;4;1;1;10126706;2022-10-25;1;
3;7;7;46;1;1;13;10;1;2;2009;47;1;4;5;1;1;10126708;2022-10-25;-1;
3;6;6;33;1;1;9;10;3;4;2011;28;1;4;4;1;1;10127202;2022-08-22;5;
3;6;6;66;1;1;9;10;1;4;1988;67;1;4;4;1;1;10127203;2022-08-20;-1;
3;6;6;25;2;2;9;10;8;2;2020;26;1;3;4;1;1;10127204;2022-08-19;-1;
3;6;5;24;2;2;13;10;2;3;2014;27;1;3;4;1;1;10127209;2022-08-20;-3;
3;7;5;32;2;2;15;10;2;1;2018;33;1;4;4;1;1;10127302;2022-10-26;-1;
3;6;4;35;1;1;15;10;3;4;2022;25;1;4;3;1;1;10127304;2022-10-27;10;
3;4;5;35;2;2;13;10;1;2;2010;38;1;4;4;1;1;10127306;2022-10-30;-3;
1;5;6;60;1;1;7;10;6;4;2013;40;1;3;4;1;1;10128001;2022-10-11;20;
2;2;4;40;2;2;9;10;6;6;2013;60;1;3;3;1;1;10128002;2022-10-11;-20;
3;7;6;34;2;2;15;10;2;3;2020;47;1;5;4;1;1;10128004;2022-10-12;-13;
3;7;7;29;2;2;12;10;2;5;2019;30;1;4;5;1;1;10128007;2022-10-14;-1;
3;5;5;57;1;1;17;10;6;3;2000;45;1;4;4;1;1;10128008;2022-10-18;12;
3;7;6;21;2;2;13;10;2;4;2022;28;1;4;4;1;1;10128009;2022-10-19;-7;
3;7;5;25;2;2;15;10;8;2;2017;31;1;4;4;1;1;10128101;2022-10-10;-6;
3;5;7;66;1;1;13;10;1;2;1986;59;2;3;4;1;1;10128201;2022-08-22;7;
1;1;5;58;2;2;9;10;1;2;1989;60;1;4;4;1;1;10128202;2022-08-22;-2;
3;1;2;55;2;2;9;10;1;3;1989;62;2;2;2;1;1;10128205;2022-08-22;-7;
3;1;6;38;2;2;12;10;6;5;2020;46;2;4;4;1;1;10128502;2022-10-18;-8;
3;3;7;58;2;2;8;10;2;4;1994;52;2;4;3;1;1;10128503;2022-10-15;6;
2;7;6;54;2;2;8;10;1;2;2009;62;1;5;4;1;1;10128506;2022-10-20;-8;
2;7;7;38;2;2;9;10;1;4;2000;45;1;4;4;1;1;10128510;2022-10-26;-7;
1;7;7;35;2;2;9;10;1;6;2016;37;1;4;4;1;1;10128604;2022-11-04;-2;
3;7;7;30;1;1;12;10;1;4;2010;30;1;4;5;1;1;10128701;2022-11-12;0;
3;7;7;57;1;1;6;10;1;4;1998;57;1;4;4;1;1;10128703;2022-11-12;0;
3;7;5;20;2;2;9;10;8;3;2022;23;1;4;4;1;1;10128705;2022-11-12;-3;
3;7;6;21;2;2;11;10;8;1;2015;25;1;4;5;1;1;10128804;2022-11-12;-4;
2;7;5;20;2;2;9;10;8;2;2022;26;1;4;4;1;1;10128806;2022-11-12;-6;
2;5;6;67;1;1;9;10;1;3;1980;62;1;3;3;1;1;10129001;2022-11-12;5;
2;6;6;62;2;2;9;10;1;3;1980;66;1;3;3;1;1;10129002;2022-11-12;-4;
2;7;5;49;2;2;9;10;1;3;2008;45;1;4;4;1;1;10129003;2022-11-12;4;
2;4;7;43;2;2;9;10;2;3;2011;45;1;3;4;1;1;10129004;2022-11-12;-2;
3;5;4;25;1;1;12;11;8;4;2020;27;1;5;4;1;1;11100103;2022-10-17;-2;
3;6;6;62;1;1;7;11;1;3;1995;59;1;4;4;1;1;11100105;2022-10-17;3;
3;5;5;36;2;2;13;11;2;3;2017;36;1;5;5;1;1;11100106;2022-10-17;0;
2;4;4;29;1;1;13;11;8;5;2018;31;1;4;3;1;1;11100109;2022-10-19;-2;
2;7;7;70;1;1;1;11;2;1;1960;80;1;2;3;1;1;11100206;2022-08-10;-10;
1;5;7;62;2;2;7;11;1;1;2000;66;1;4;4;1;1;11100303;2022-10-02;-4;
2;6;6;27;2;2;13;11;8;6;2020;26;1;3;4;1;1;11100304;2022-10-03;1;
3;7;7;25;1;1;9;11;2;3;2019;25;1;4;4;1;1;11100401;2022-10-17;0;
3;1;1;58;2;2;11;11;2;3;2012;58;2;3;5;1;1;11100403;2022-10-17;0;
3;6;4;24;2;2;12;11;2;3;2021;22;1;4;4;1;1;11100406;2022-10-24;2;
3;5;5;60;1;1;15;11;6;2;1998;57;;4;3;1;1;11100501;2022-10-18;3;
2;4;6;57;2;2;9;11;8;3;1997;62;;4;3;1;1;11100502;2022-10-19;-5;
2;6;5;43;2;2;13;11;1;2;2009;48;1;4;4;1;1;11100510;2022-10-16;-5;
3;7;7;26;2;2;15;11;8;4;2022;25;1;5;4;1;1;11100605;2022-11-21;1;
3;4;4;57;1;1;7;11;1;4;1981;57;1;4;4;1;1;11100802;2022-10-15;0;
3;7;6;50;2;2;13;11;1;4;2000;50;1;4;4;1;1;11100805;2022-10-17;0;
3;5;5;31;1;1;15;11;1;3;2015;30;2;5;5;1;1;11100806;2022-10-10;1;
3;5;5;36;1;1;15;11;8;3;2021;30;1;4;4;1;1;11101004;2022-10-19;6;
3;7;7;48;2;2;13;11;2;3;1998;48;1;5;5;1;1;11101006;2022-10-20;0;
1;6;6;27;2;2;9;11;2;6;2012;34;1;3;4;1;1;11101007;2022-10-20;-7;
3;5;6;56;2;2;13;11;1;4;1999;59;1;4;4;1;1;11101008;2022-10-20;-3;
3;6;5;27;2;2;14;11;2;3;2018;25;1;4;4;1;1;11101102;2022-10-20;2;
;1;7;41;2;2;8;11;8;;2005;43;1;4;5;1;1;11101103;2022-10-21;-2;
2;6;6;39;2;2;13;11;1;2;2005;41;1;4;4;1;1;11101107;2022-10-21;-2;
3;7;6;30;2;2;15;11;8;2;2021;36;1;4;4;1;1;11101109;2022-10-21;-6;
3;5;6;31;1;1;11;11;2;3;2010;29;1;4;4;1;1;11101110;2022-10-21;2;
2;6;6;28;1;1;12;11;8;3;2019;29;1;4;4;1;1;11101304;2022-10-13;-1;
3;7;7;35;2;2;9;11;2;4;2020;27;1;5;5;1;1;11101602;2022-09-08;8;
3;5;7;75;2;2;9;11;1;2;1968;79;2;5;4;1;1;11101603;2022-09-02;-4;
3;4;6;30;1;1;13;11;8;1;2018;27;1;4;4;1;1;11101604;2022-09-24;3;
3;7;7;28;2;2;15;11;2;3;2012;25;1;5;5;1;1;11101709;2022-10-23;3;
3;5;4;49;1;1;7;11;8;4;2018;52;1;3;3;1;1;11101803;2022-10-29;-3;
3;6;5;52;1;1;9;11;1;;2000;51;1;3;5;1;1;11101807;2022-10-08;1;
3;4;5;68;1;1;7;11;1;3;1980;66;;3;3;1;1;11101808;2022-10-08;2;
3;7;7;40;2;2;9;11;1;2;2002;40;1;5;3;1;1;11101809;2022-10-08;0;
1;5;5;42;1;1;13;11;1;3;1993;42;1;5;5;1;1;11101901;2022-10-07;0;
3;6;5;50;1;1;13;11;3;4;2002;45;1;4;4;1;1;11101903;2022-10-29;5;
3;6;6;50;1;1;13;11;1;3;2000;45;1;4;4;1;1;11101910;2022-10-30;5;
2;6;4;26;2;2;9;11;2;3;2015;28;1;5;4;1;1;11102101;2022-10-08;-2;
2;1;3;69;2;2;9;11;1;3;1973;74;2;3;3;1;1;11102103;2022-10-08;-5;
2;7;7;30;2;2;9;11;1;1;2010;32;1;5;5;1;1;11102108;2022-10-05;-2;
1;1;6;86;1;1;7;11;1;3;1979;70;2;4;3;1;1;11102110;2022-10-05;16;
3;6;6;55;1;1;9;11;1;3;2009;50;;4;4;1;1;11102205;2022-10-06;5;
2;5;5;70;2;2;7;11;1;2;1994;71;;3;4;1;1;11102206;2022-10-30;-1;
2;4;4;50;2;2;7;11;1;3;1993;55;1;4;4;1;1;11102302;2022-11-01;-5;
2;3;5;52;2;2;9;11;2;2;1995;64;1;2;3;1;1;11102402;2022-10-23;-12;
3;5;5;30;1;1;12;11;8;4;2021;38;1;5;4;1;1;11102405;2022-10-27;-8;
1;7;6;49;2;2;7;11;8;1;2010;61;2;4;4;1;1;11102409;2022-11-06;-12;
3;7;7;42;1;1;11;11;8;3;2005;35;1;3;3;1;1;11102601;2022-10-23;7;
3;7;7;30;2;2;9;11;8;3;2012;31;1;3;3;1;1;11102602;2022-10-23;-1;
2;7;6;30;2;2;12;11;8;6;2013;44;1;4;4;1;1;11102801;2022-10-25;-14;
3;7;6;24;2;2;13;11;8;3;2016;25;1;4;4;1;1;11102803;2022-10-26;-1;
1;7;7;45;2;2;6;11;8;6;2017;49;1;5;4;1;1;11102807;2022-10-27;-4;
3;5;6;24;1;1;9;11;2;2;2020;23;1;3;3;1;1;11102901;2022-10-26;1;
3;5;5;20;2;2;9;11;2;3;2019;22;1;4;3;1;1;11102902;2022-10-26;-2;
1;4;6;73;2;2;8;11;1;2;1969;75;1;3;4;1;1;11103102;2022-10-05;-2;
2;7;6;41;2;2;9;11;1;4;2006;39;1;5;4;1;1;11103104;2022-10-05;2;
3;4;7;75;1;1;7;11;1;4;1969;72;1;3;4;1;1;11103201;2022-10-06;3;
2;;5;35;2;2;7;11;7;3;2015;38;2;4;3;1;1;11103207;2022-10-06;-3;
2;4;5;38;2;2;9;11;1;3;2005;43;1;4;4;1;1;11103209;2022-10-07;-5;
2;6;6;26;2;2;15;11;2;4;2020;28;1;4;4;1;1;11103210;2022-10-07;-2;
2;7;7;33;2;2;13;11;1;5;2015;44;1;5;5;1;1;11103301;2022-10-07;-11;
1;7;7;63;2;2;7;11;2;3;2010;58;1;4;4;1;1;11103504;2022-10-28;5;
2;6;5;22;2;2;9;11;2;2;2018;26;1;3;3;1;1;11103505;2022-10-30;-4;
1;5;7;48;2;2;9;11;1;2;1993;48;1;3;4;1;1;11103507;2022-10-31;0;
3;6;6;31;1;1;9;11;2;3;2018;33;1;4;4;1;1;11103508;2022-10-31;-2;
3;7;7;55;2;2;7;11;2;3;2010;51;;4;5;1;1;11103510;2022-10-31;4;
3;7;7;35;1;1;12;11;6;3;2019;35;1;5;3;1;1;11103702;2022-10-28;0;
3;7;7;21;2;2;9;11;1;3;2019;24;1;5;4;1;1;11103709;2022-11-02;-3;
3;7;7;38;2;2;11;11;1;5;2019;35;1;3;4;1;1;11103710;2022-11-02;3;
1;7;6;33;2;2;9;11;2;2;2012;35;1;4;5;1;1;11103804;2022-11-08;-2;
1;5;6;27;2;2;12;11;2;6;2014;34;1;4;4;1;1;11103901;2022-11-14;-7;
3;7;7;39;2;2;7;11;8;2;2005;43;1;4;5;1;1;11104001;2022-11-07;-4;
2;7;7;29;2;2;11;11;8;2;2012;31;1;4;4;1;1;11104003;2022-11-07;-2;
3;7;6;26;2;2;15;11;8;3;2022;28;1;4;4;1;1;11104004;2022-11-08;-2;
3;7;6;34;1;1;9;11;8;4;2022;31;1;4;4;1;1;11104006;2022-11-10;3;
3;7;7;41;2;2;9;11;8;4;2014;53;1;5;4;1;1;11104007;2022-11-10;-12;
3;7;7;25;2;2;9;11;1;3;2014;30;1;4;4;1;1;11104008;2022-11-10;-5;
3;7;5;41;2;2;9;11;8;2;2018;41;1;4;3;1;1;11104009;2022-11-11;0;
2;1;3;33;2;2;14;11;2;1;2017;37;2;3;5;1;1;11104102;2022-11-07;-4;
3;7;6;54;2;2;9;11;2;2;1998;62;1;4;4;1;1;11104503;2022-11-12;-8;
3;7;5;31;2;2;15;11;8;4;2020;36;1;3;3;1;1;11104701;2022-11-14;-5;
3;7;5;22;2;2;13;11;8;6;2019;22;1;4;4;1;1;11104708;2022-11-18;0;
3;7;7;33;1;1;15;11;8;4;2017;33;1;4;4;1;1;11104710;2022-11-18;0;
1;5;6;25;2;2;9;11;2;5;2016;33;1;5;3;1;1;11104901;2022-11-16;-8;
3;7;6;30;2;2;9;11;1;4;2017;26;1;3;4;1;1;11104903;2022-11-17;4;
3;1;5;30;1;1;9;11;2;2;2017;25;1;4;5;1;1;11104904;2022-11-16;5;
2;7;5;26;1;1;14;11;1;2;2017;30;1;4;4;1;1;11104905;2022-11-17;-4;
1;5;5;30;2;2;13;11;1;6;2020;35;1;4;3;1;1;11104907;2022-11-18;-5;
3;7;5;25;2;2;11;11;8;4;2020;28;1;4;3;1;1;11104910;2022-11-19;-3;
1;;7;25;2;2;13;11;8;1;2016;30;1;5;4;1;1;11105001;2022-11-16;-5;
2;5;6;28;2;2;13;11;2;2;2020;24;1;3;4;1;1;11105003;2022-11-16;4;
2;7;6;24;2;2;12;11;2;1;2021;29;1;4;3;1;1;11105004;2022-11-16;-5;
2;6;4;26;2;2;9;11;2;1;2016;30;1;4;4;1;1;11105005;2022-11-17;-4;
3;7;7;38;2;2;9;11;8;3;2018;45;1;3;4;1;1;11105204;2022-09-29;-7;
3;7;7;18;1;1;9;11;8;3;2022;19;;4;4;1;1;11105209;2022-10-01;-1;
3;7;6;48;2;2;11;11;8;3;2013;39;1;4;4;1;1;11105301;2022-11-18;9;
3;7;7;31;2;2;9;11;2;5;2015;34;1;4;4;1;1;11105402;2022-11-18;-3;
1;1;4;25;2;2;9;11;8;2;2018;30;2;5;5;1;1;11105403;2022-11-20;-5;
3;2;6;37;1;1;7;11;8;5;2010;42;1;4;4;1;1;11105410;2022-11-16;-5;
2;7;7;24;2;2;12;11;1;2;2017;38;1;4;4;1;1;11105501;2022-11-18;-14;
3;7;6;37;2;2;15;11;8;4;2019;26;1;4;4;1;1;11105502;2022-11-18;11;
1;7;6;23;2;2;12;11;8;6;2015;34;1;4;3;1;1;11105504;2022-11-20;-11;
3;7;7;43;2;2;9;11;1;3;1995;45;1;3;4;1;1;11105506;2022-11-22;-2;
3;7;6;25;2;2;11;11;8;3;2019;24;1;4;3;1;1;11105508;2022-11-23;1;
3;5;7;37;1;1;9;11;8;4;2018;34;1;3;3;1;1;11105509;2022-11-23;3;
3;6;7;30;2;2;11;11;1;3;2012;31;1;4;5;1;1;11105701;2022-11-21;-1;
3;5;3;33;2;2;11;11;8;4;2001;35;1;3;3;1;1;11105702;2022-11-21;-2;
3;4;4;75;2;2;9;11;1;4;1997;78;2;3;3;1;1;11105902;2022-11-20;-3;
;5;4;58;1;1;11;11;5;3;2005;60;1;4;3;1;1;11105903;2022-11-20;-2;
2;6;7;31;2;2;9;11;8;4;2015;32;1;3;3;1;1;11105904;2022-11-20;-1;
3;7;7;28;1;1;11;11;8;2;2020;27;1;3;3;1;1;11105906;2022-11-20;1;
3;5;7;32;2;2;13;11;8;3;2022;34;1;3;4;1;1;11106003;2022-11-26;-2;
3;7;6;38;2;2;12;11;1;;2012;38;1;4;4;1;1;11106005;2022-11-26;0;
3;7;5;24;2;2;13;11;8;3;2022;24;1;4;4;1;1;11106006;2022-11-26;0;
3;7;6;29;2;2;15;11;8;4;2015;31;1;4;4;1;1;11106007;2022-11-26;-2;
3;7;6;29;1;1;13;11;8;4;2015;28;1;4;4;1;1;11106101;2022-11-23;1;
1;7;6;33;2;2;9;11;1;6;2007;43;1;4;4;1;1;11106104;2022-11-24;-10;
3;7;5;33;2;2;15;11;6;4;2018;33;1;4;4;1;1;11106105;2022-11-24;0;
1;7;6;25;2;2;12;11;8;6;2018;27;1;4;4;1;1;11106108;2022-11-25;-2;
2;6;6;33;2;2;11;11;8;2;2012;43;1;4;3;1;1;11106109;2022-11-25;-10;
3;7;7;26;2;2;15;11;2;4;2021;33;1;5;5;1;1;11106301;2022-09-30;-7;
3;7;6;32;2;2;9;11;2;3;2018;32;1;3;3;1;1;11106404;2022-10-05;0;
3;4;4;43;1;1;9;11;1;4;2000;46;1;3;3;1;1;11106406;2022-10-05;-3;
2;5;5;28;2;2;7;11;1;;2019;29;1;4;4;1;1;11106407;2022-10-06;-1;
3;7;7;28;1;1;11;11;2;4;2021;22;1;5;5;1;1;11106506;2022-10-07;6;
3;3;4;83;1;1;7;11;1;3;1960;90;;3;3;1;1;11106507;2022-10-08;-7;
3;5;7;77;1;1;10;11;1;3;1974;75;2;4;4;1;1;11106509;2022-10-08;2;
2;6;5;37;2;2;9;11;1;3;2010;40;1;4;5;1;1;11106702;2022-10-08;-3;
3;5;5;25;2;2;9;11;2;3;2019;26;1;3;3;1;1;11106706;2022-10-11;-1;
3;3;4;59;2;1;7;11;2;4;2015;62;;3;3;1;1;11106709;2022-10-10;-3;
3;5;7;68;2;2;15;11;1;2;1981;73;;4;5;1;1;11106801;2022-10-09;-5;
3;5;5;33;1;1;15;11;8;3;2021;32;1;5;5;1;1;11106807;2022-10-11;1;
3;5;7;29;1;1;13;11;2;3;2020;32;1;4;5;1;1;11106901;2022-10-09;-3;
3;5;5;30;2;2;15;11;2;3;2020;32;1;5;5;1;1;11106903;2022-10-10;-2;
3;6;5;33;1;1;15;11;2;3;2012;31;1;4;5;1;1;11106904;2022-10-11;2;
3;4;5;55;1;1;11;11;1;4;1995;50;1;3;4;1;1;11106908;2022-10-09;5;
2;5;5;25;2;2;13;11;2;2;2020;28;1;3;4;1;1;11107002;2022-10-09;-3;
2;3;5;60;2;2;7;11;1;3;1985;70;;4;4;1;1;11107006;2022-10-17;-10;
3;6;5;24;1;1;9;11;2;5;2021;19;1;4;4;1;1;11107008;2022-10-17;5;
2;7;5;18;2;2;15;11;8;3;2019;36;1;4;4;1;1;11107104;2022-09-28;-18;
3;5;5;37;1;1;14;11;2;4;2019;28;1;4;4;1;1;11107106;2022-10-03;9;
3;7;5;30;2;2;15;11;8;2;2019;33;1;4;4;1;1;11107108;2022-10-04;-3;
3;6;5;34;2;2;15;11;8;4;2020;32;1;3;4;1;1;11107109;2022-10-05;2;
3;4;4;28;2;2;14;11;8;2;2019;31;1;3;4;1;1;11107203;2022-10-07;-3;
3;6;5;31;2;2;15;11;8;4;2022;25;1;4;4;1;1;11107205;2022-10-08;6;
3;5;5;29;2;2;15;11;1;2;2019;29;1;5;5;1;1;11107207;2022-10-09;0;
3;6;6;25;2;2;15;11;8;4;2021;33;1;5;5;1;1;11107208;2022-10-09;-8;
1;7;4;48;2;2;11;11;2;4;2000;46;1;4;4;1;1;11107209;2022-10-11;2;
2;7;7;40;1;1;9;11;2;3;2015;45;1;4;4;1;1;11107605;2022-10-19;-5;
3;5;5;45;1;1;15;11;1;4;2002;41;1;5;5;1;1;11107609;2022-10-16;4;
2;4;4;46;2;2;9;11;2;2;2014;49;1;4;4;1;1;11107701;2022-10-16;-3;
3;7;7;49;1;1;13;11;1;4;2001;48;1;5;5;1;1;11107703;2022-10-15;1;
3;5;5;75;2;2;10;11;1;3;1965;77;2;3;4;1;1;11107704;2022-10-15;-2;
1;6;4;29;1;2;13;11;1;3;2006;22;1;5;4;1;1;11107705;2022-10-19;7;
2;3;6;66;2;2;13;11;1;3;1993;68;1;4;4;1;1;11107707;2022-10-20;-2;
2;5;6;33;1;1;9;11;1;3;2010;29;1;4;5;1;1;11107710;2022-10-20;4;
2;4;4;43;2;2;9;11;1;2;2013;44;1;3;4;1;1;11107801;2022-10-20;-1;
3;5;3;58;1;1;7;11;1;3;1982;56;1;4;4;1;1;11107802;2022-10-20;2;
3;6;6;29;1;1;13;11;2;3;2012;27;1;5;4;1;1;11107803;2022-10-21;2;
2;3;5;61;2;2;9;11;1;3;1999;65;1;4;4;1;1;11107806;2022-10-21;-4;
1;4;5;55;2;2;13;11;1;1;1987;55;1;4;4;1;1;11107809;2022-10-21;0;
2;6;5;42;2;2;9;11;1;3;2011;33;1;5;5;1;1;11107901;2022-10-22;9;
3;7;7;27;1;1;15;11;1;3;2012;27;1;5;5;1;1;11107906;2022-10-28;0;
3;6;6;39;1;1;13;11;1;3;2013;32;1;5;5;1;1;11107907;2022-10-28;7;
2;5;5;33;2;1;10;11;8;2;2014;39;1;1;4;1;1;11107908;2022-10-28;-6;
2;5;4;28;1;1;14;11;2;5;2019;28;1;3;4;1;1;11109001;2022-11-15;0;
3;5;4;21;1;1;9;11;2;2;2021;28;1;4;4;1;1;11109003;2022-11-16;-7;
3;7;6;45;2;2;9;11;2;2;1993;52;1;4;4;1;1;11109004;2022-11-17;-7;
3;6;6;34;1;1;15;11;2;4;2014;36;1;4;4;1;1;11109007;2022-11-18;-2;
3;6;6;34;2;2;15;11;2;2;2012;35;1;5;4;1;1;11109008;2022-11-18;-1;
3;6;7;39;2;2;13;11;2;3;2010;43;1;4;4;1;1;11109009;2022-11-18;-4;
2;7;6;35;2;2;9;11;2;2;2008;34;1;3;4;1;1;11109010;2022-11-18;1;
3;4;5;28;1;1;14;11;2;3;2019;24;1;3;3;1;1;11109103;2022-11-22;4;
3;6;5;34;1;1;15;11;2;1;2019;30;1;4;4;1;1;11109105;2022-11-24;4;
1;5;5;41;2;2;7;11;1;1;2000;74;1;4;5;1;1;11109106;2022-11-24;-33;
3;4;1;28;1;5;15;11;2;5;2021;21;1;3;3;1;1;11109107;2022-11-27;7;
1;5;4;29;1;1;15;11;2;1;2020;29;1;3;5;1;1;11109108;2022-11-27;0;
3;7;7;43;2;2;15;11;2;2;2005;40;1;4;4;1;1;11109109;2022-11-27;3;
1;7;7;66;2;2;7;11;2;3;2007;53;;5;5;1;1;11109110;2022-11-28;13;
3;7;6;30;2;2;15;11;8;5;2017;31;1;4;5;1;1;11109302;2022-11-27;-1;
2;7;7;49;2;2;7;11;2;4;1987;63;;3;4;1;1;11109304;2022-11-27;-14;
3;7;7;29;1;1;7;11;2;4;2019;27;1;4;5;1;1;11109306;2022-11-27;2;
3;6;7;78;1;1;13;11;5;3;1987;72;1;4;4;1;1;11109403;2022-11-26;6;
3;7;6;32;2;2;13;11;2;3;2012;44;1;5;5;1;1;11109408;2022-11-26;-12;
3;7;6;47;1;1;9;11;6;5;2014;30;1;4;4;1;1;11109410;2022-11-27;17;
2;4;5;78;1;1;8;11;1;2;1966;70;2;3;2;1;1;11109502;2022-11-26;8;
2;7;5;29;2;2;14;11;1;2;2019;28;1;1;4;1;1;11109503;2022-11-26;1;
3;6;6;32;1;1;15;11;1;3;2011;30;1;4;4;1;1;11109504;2022-11-27;2;
3;6;6;28;2;2;14;11;2;2;2019;28;1;4;4;1;1;11109507;2022-11-27;0;
2;7;7;19;2;2;9;11;2;6;2021;37;1;4;2;1;1;11109801;2022-11-26;-18;
3;6;7;37;1;1;17;11;8;4;2016;32;1;4;4;1;1;11109804;2022-11-26;5;
3;7;7;78;1;1;1;11;2;4;2013;66;;3;2;1;1;11109808;2022-11-27;12;
1;7;5;66;2;2;7;11;2;2;2016;61;;4;4;1;1;11109809;2022-11-27;5;
3;5;6;45;1;1;12;11;2;4;2021;49;1;4;4;1;1;11109810;2022-11-27;-4;
3;4;5;55;1;1;11;12;1;4;1995;50;1;5;4;1;1;12100102;2022-10-29;5;
3;6;6;45;1;1;9;12;1;5;1999;46;1;4;4;1;1;12100107;2022-10-30;-1;
;3;4;53;2;1;8;12;7;;2019;47;2;3;3;1;1;12100206;2022-11-01;6;
3;7;7;73;1;1;9;12;1;3;1970;67;;4;5;1;1;12100208;2022-10-28;6;
;5;6;24;2;2;11;12;2;4;2021;26;1;3;3;1;1;12100210;2022-10-28;-2;
;6;7;28;1;1;9;12;8;3;2016;99;1;4;4;1;1;12100306;2022-10-23;-71;
1;6;5;59;2;2;9;12;1;1;1985;57;1;3;5;1;1;12100307;2022-10-24;2;
3;4;7;59;1;1;9;12;1;5;1986;60;1;3;4;1;1;12100308;2022-10-24;-1;
3;6;6;41;2;2;13;12;5;2;2019;42;1;5;4;1;1;12100603;2022-11-01;-1;
2;7;7;31;2;2;13;12;1;2;2011;33;1;3;5;1;1;12100705;2022-10-20;-2;
2;7;5;29;2;2;12;12;8;2;2019;28;1;4;4;1;1;12100706;2022-10-21;1;
2;4;3;31;2;2;13;12;8;1;2013;34;1;4;3;1;1;12100708;2022-10-21;-3;
1;4;4;52;2;2;9;12;5;1;2010;50;1;3;5;1;1;12100709;2022-10-21;2;
2;2;5;31;1;1;12;12;2;1;2016;31;1;5;4;1;1;12100801;2022-10-20;0;
3;3;7;72;1;2;8;12;1;5;1970;79;2;4;5;1;1;12100802;2022-10-20;-7;
2;6;5;27;2;2;15;12;8;5;2018;27;1;4;4;1;1;12101506;2022-11-20;0;
3;5;5;30;2;2;13;12;8;3;2022;29;1;4;4;1;1;12101602;2022-11-13;1;
3;5;5;57;1;1;9;12;1;4;1998;52;2;3;4;1;1;12101603;2022-11-14;5;
3;7;5;55;2;2;11;12;8;6;2018;34;1;4;3;1;1;12101605;2022-11-14;21;
3;6;7;75;1;1;8;12;1;3;1976;70;1;5;4;1;1;12101607;2022-11-18;5;
3;4;4;58;1;1;15;12;1;2;1990;58;2;4;5;1;1;12101708;2022-09-10;0;
3;5;5;26;1;2;13;12;8;3;2018;26;1;4;4;1;1;12101801;2022-11-06;0;
3;5;6;37;1;1;15;12;1;2;2015;36;1;4;4;1;1;12101802;2022-11-07;1;
3;6;5;43;1;1;9;12;2;3;2020;26;1;4;4;1;1;12101804;2022-11-07;17;
2;6;6;37;2;2;15;12;2;3;2010;31;1;5;5;1;1;12101805;2022-11-08;6;
3;6;6;56;1;1;10;12;1;5;1989;51;1;4;4;1;1;12101806;2022-11-09;5;
3;6;6;82;1;1;9;12;1;1;1957;77;2;4;4;1;1;12101807;2022-11-09;5;
3;6;5;29;1;1;9;12;8;4;2018;28;1;4;3;1;1;12101901;2022-10-25;1;
3;7;7;29;1;1;9;12;8;3;2018;30;1;4;5;1;1;12101902;2022-10-25;-1;
3;7;6;28;1;1;9;12;1;5;2018;27;1;4;3;1;1;12101905;2022-10-26;1;
3;6;5;35;1;1;9;12;8;5;2007;36;1;4;4;1;1;12101907;2022-10-26;-1;
3;7;6;35;1;1;12;12;3;;2016;34;;4;4;1;1;12101909;2022-10-27;1;
3;7;7;35;1;1;12;12;8;4;2013;36;;4;5;1;1;12101910;2022-10-27;-1;
1;6;5;34;2;2;14;12;1;2;2006;37;1;4;5;1;1;12102001;2022-11-08;-3;
;7;6;32;2;2;11;12;3;;2016;37;1;3;4;1;1;12102007;2022-12-01;-5;
1;7;6;50;2;2;15;12;5;6;2014;55;1;5;5;1;1;12102009;2022-12-01;-5;
3;6;6;33;1;1;17;12;8;3;2015;32;1;5;4;1;1;12102010;2022-12-01;1;
3;7;5;47;1;1;12;12;5;5;2007;37;1;4;4;1;1;12102101;2022-11-22;10;
2;4;4;57;2;2;7;12;1;2;1981;65;1;3;3;1;1;12102405;2022-10-20;-8;
3;5;5;26;2;1;12;12;8;3;2012;27;1;3;3;1;1;12102408;2022-10-21;-1;
3;5;4;32;2;2;13;12;8;5;2017;36;1;4;4;1;1;12102410;2022-10-24;-4;
1;4;3;26;2;2;13;12;8;2;2013;26;1;3;4;1;1;12102502;2022-10-24;0;
3;4;6;57;2;2;9;12;4;2;2013;57;1;4;4;1;1;12102505;2022-10-22;0;
3;7;6;42;2;2;11;12;1;3;2018;34;1;4;3;1;1;12102507;2022-10-22;8;
3;6;5;34;1;1;7;12;1;3;2018;42;1;3;3;1;1;12102508;2022-10-23;-8;
3;6;5;48;2;2;9;12;6;3;2020;39;1;4;3;1;1;12102509;2022-10-24;9;
3;7;7;27;1;1;9;12;2;3;2014;26;1;4;5;1;1;12102701;2022-11-29;1;
2;6;6;47;2;2;13;12;1;2;1992;49;1;4;4;1;1;12102702;2022-11-29;-2;
3;4;5;29;2;2;15;12;2;5;2021;33;1;5;4;1;1;12102703;2022-11-29;-4;
3;7;6;65;1;1;15;12;1;5;1989;63;1;4;4;1;1;12103201;2022-11-30;2;
3;6;5;56;1;1;15;12;1;4;1991;54;2;4;4;1;1;12103404;2022-10-29;2;
3;6;6;48;1;1;15;12;2;2;2012;49;2;4;4;1;1;12103703;2022-10-19;-1;
1;5;7;68;2;2;15;12;1;1;1981;68;2;3;4;1;1;12103706;2022-10-20;0;
3;7;4;32;1;1;15;12;8;3;2022;32;1;2;3;1;1;12103709;2022-10-21;0;
3;5;5;32;1;1;13;12;8;3;2015;30;1;4;4;1;1;12103801;2022-11-07;2;
3;5;5;66;1;1;9;12;7;5;2016;60;;3;3;1;1;12103802;2022-11-08;6;
3;7;6;48;1;1;9;12;8;3;2016;46;1;4;4;1;1;12103804;2022-11-08;2;
3;6;5;42;2;2;11;12;1;3;2000;46;1;4;4;1;1;12104104;2022-10-21;-4;
3;5;7;69;1;1;6;12;6;5;1975;69;2;3;4;1;1;12104105;2022-10-23;0;
3;6;6;26;1;1;13;12;2;5;2019;34;1;4;4;1;1;12104106;2022-10-23;-8;
3;7;7;34;2;2;15;12;8;3;2015;40;1;5;5;1;1;12104301;2022-09-06;-6;
3;7;7;73;2;2;9;12;6;4;1989;74;1;4;4;1;1;12104308;2022-10-26;-1;
3;5;5;55;1;1;13;12;1;4;1991;61;2;4;4;1;1;12104310;2022-10-22;-6;
3;5;7;33;1;1;13;12;8;3;2018;34;1;5;5;1;1;12104401;2022-10-22;-1;
3;6;7;29;2;2;15;12;2;1;2019;34;1;4;4;1;1;12104707;2022-09-14;-5;
2;7;6;47;2;2;15;12;2;4;2000;56;1;4;4;1;1;12104709;2022-09-05;-9;
3;2;6;78;2;2;10;12;1;3;1966;85;2;4;4;1;1;12104710;2022-08-25;-7;
3;7;5;64;1;1;10;12;1;4;2002;42;1;3;3;1;1;12105101;2022-10-25;22;
3;5;5;42;2;2;15;12;1;3;2000;45;1;4;4;1;1;12105104;2022-10-20;-3;
3;5;4;43;2;2;15;12;1;4;2002;64;1;3;4;1;1;12105106;2022-10-25;-21;
3;6;7;56;2;2;15;12;1;4;1989;59;1;2;4;1;1;12105202;2022-09-28;-3;
2;6;5;48;2;2;15;12;1;2;1998;49;1;4;4;1;1;12105203;2022-10-02;-1;
3;6;7;60;2;2;17;12;1;4;1993;65;1;5;5;1;1;12105204;2022-10-04;-5;
2;5;6;47;2;2;17;12;1;1;2001;47;1;4;5;1;1;12105206;2022-10-19;0;
3;5;5;28;2;2;15;12;8;4;2017;34;1;2;4;1;1;12105207;2022-10-11;-6;
2;7;5;41;1;1;15;12;1;3;2017;34;1;4;4;1;1;12105209;2022-10-20;7;
2;5;5;56;2;2;9;12;1;2;1992;69;2;4;4;1;1;12105304;2022-10-24;-13;
1;5;4;55;2;2;11;12;1;2;1993;56;1;3;5;1;1;12105402;2022-11-18;-1;
3;6;7;62;2;2;8;12;6;2;1989;58;1;5;4;1;1;12105406;2022-11-16;4;
3;5;5;42;1;1;15;12;1;4;2007;42;1;5;4;1;1;12105408;2022-11-17;0;
3;3;6;72;2;2;16;12;1;3;1972;78;2;5;4;1;1;12105410;2022-11-17;-6;
1;5;6;35;2;2;15;12;2;6;2015;37;1;4;4;1;1;12105501;2022-11-17;-2;
2;5;6;70;1;1;13;12;1;2;2022;59;2;4;4;1;1;12105505;2022-08-24;11;
2;7;5;47;2;2;14;12;1;2;2015;45;2;4;4;1;1;12105510;2022-08-27;2;
3;3;4;60;2;2;7;12;7;3;2010;58;;4;5;1;1;12105602;2022-10-20;2;
3;7;5;56;2;2;7;12;4;3;2008;55;1;3;4;1;1;12105603;2022-10-19;1;
1;1;2;23;2;2;9;12;8;6;2018;27;1;3;4;1;1;12105604;2022-10-10;-4;
3;7;7;27;2;2;9;12;2;3;2017;99;1;3;4;1;1;12105605;2022-10-10;-72;
3;6;7;46;2;2;15;12;1;3;2002;45;1;4;5;1;1;12105608;2022-10-17;1;
1;7;7;34;2;2;9;12;1;5;2019;46;1;4;4;1;1;12105609;2022-10-17;-12;
3;7;7;39;2;2;9;12;1;3;2011;39;1;4;4;1;1;12105610;2022-10-10;0;
3;5;5;25;1;1;12;12;2;3;2020;32;1;4;4;1;1;12105804;2022-11-20;-7;
2;7;6;35;2;2;11;12;6;2;2010;33;1;4;4;1;1;12105805;2022-11-22;2;
2;5;5;34;2;2;15;12;2;2;2009;39;1;3;4;1;1;12105806;2022-11-25;-5;
1;7;7;38;2;2;9;12;2;1;2014;33;1;4;4;1;1;12105807;2022-11-28;5;
1;7;6;45;2;2;9;12;1;2;2003;43;1;4;4;1;1;12106101;2022-11-26;2;
3;6;7;53;1;1;10;12;2;;2001;57;1;5;4;1;1;12106102;2022-11-28;-4;
3;7;6;72;1;1;13;12;1;4;1972;73;1;4;4;1;1;12106103;2022-11-29;-1;
3;7;7;72;1;1;15;12;1;3;2018;59;1;4;4;1;1;12106106;2022-12-04;13;
3;7;5;29;1;1;9;12;8;4;2022;27;1;3;3;1;1;12106202;2022-10-28;2;
3;7;7;36;1;1;10;12;8;2;2012;31;1;5;5;1;1;12106204;2022-10-31;5;
3;7;5;31;2;2;13;12;8;2;2014;32;1;3;5;1;1;12106210;2022-11-01;-1;
3;6;5;35;1;1;15;12;8;5;2011;32;1;4;3;1;1;12106301;2022-11-25;3;
3;7;6;35;1;1;11;12;8;4;2020;34;1;4;4;1;1;12106302;2022-11-28;1;
2;6;2;32;2;2;15;12;8;2;2011;35;1;3;3;1;1;12106304;2022-12-03;-3;
3;5;6;37;1;1;13;12;2;3;2006;38;1;4;4;1;1;12106601;2022-10-03;-1;
3;3;6;61;1;1;15;12;2;5;2019;33;1;4;4;1;1;12106608;2022-09-02;28;
3;6;6;32;1;1;12;12;2;4;2022;35;1;4;5;1;1;12107104;2022-10-20;-3;
2;6;5;50;2;2;12;12;1;5;1995;52;1;4;4;1;1;12107202;2022-08-31;-2;
3;5;6;81;1;1;17;12;1;3;2015;70;1;4;4;1;1;12107203;2022-09-05;11;
1;7;5;30;2;2;12;12;2;6;2021;30;1;5;4;1;1;12107205;2022-09-07;0;
3;6;7;51;2;2;15;12;1;2;2006;67;1;4;5;1;1;12107206;2022-09-14;-16;
3;5;6;29;2;2;15;12;8;3;2022;30;1;4;5;1;1;12107301;2022-09-23;-1;
3;7;7;56;2;2;15;12;1;4;1992;59;1;4;5;1;1;12107303;2022-09-30;-3;
3;5;7;51;2;2;15;12;8;5;2015;53;1;5;4;1;1;12107304;2022-10-01;-2;
3;6;5;38;1;1;15;12;8;5;2007;35;1;4;4;1;1;12107309;2022-10-24;3;
3;;4;64;2;2;9;12;7;3;1997;62;2;3;4;1;1;12107603;2022-09-07;2;
2;7;6;36;2;2;13;12;3;;2012;48;1;5;5;1;1;12107608;2022-09-22;-12;
1;7;2;30;2;2;9;12;2;2;2021;36;1;3;3;1;1;12107901;2022-10-13;-6;
1;6;4;31;2;2;11;12;1;;2018;99;1;3;4;1;1;12107902;2022-10-12;-68;
3;7;7;29;2;2;11;12;2;;2012;99;1;4;4;1;1;12107903;2022-10-10;-70;
3;7;7;36;1;1;9;12;2;4;2021;30;1;5;5;1;1;12107905;2022-10-14;6;
1;5;5;51;2;2;9;12;1;1;1989;56;1;2;4;1;1;12107909;2022-10-12;-5;
3;6;7;30;2;2;15;12;1;2;2018;32;1;5;5;1;1;12107910;2022-10-13;-2;
3;7;6;26;1;1;12;12;2;2;2019;23;1;5;3;1;1;12108104;2022-10-15;3;
;7;5;46;2;2;11;12;5;;2021;41;1;5;4;1;1;12108107;2022-10-18;5;
2;4;5;60;2;2;7;12;1;6;1995;58;1;4;4;1;1;12108108;2022-10-18;2;
3;7;7;51;2;2;7;12;1;;1990;55;;5;4;1;1;12108110;2022-10-19;-4;
2;6;4;40;2;2;13;12;1;5;2009;39;1;2;4;1;1;12108302;2022-10-26;1;
3;6;6;41;2;2;15;12;1;2;2005;45;1;5;5;1;1;12108304;2022-10-25;-4;
2;;4;38;1;1;9;12;8;3;2015;39;1;;1;1;1;12108305;2022-10-24;-1;
3;7;6;43;1;1;13;12;1;4;2019;41;1;4;5;1;1;12108307;2022-10-25;2;
2;3;4;66;2;2;9;12;1;4;1978;68;1;3;3;1;1;12108309;2022-10-25;-2;
3;7;6;42;2;2;11;12;1;3;2008;41;1;3;4;1;1;12108501;2022-11-11;1;
3;6;4;33;1;1;11;12;8;3;2020;34;1;3;3;1;1;12108502;2022-11-11;-1;
3;7;6;24;2;2;12;12;8;3;2020;26;1;4;4;1;1;12108504;2022-11-11;-2;
3;4;5;32;2;2;15;12;8;3;2022;24;1;2;4;1;1;12108505;2022-11-12;8;
2;6;6;33;2;2;15;12;2;3;2017;42;1;4;4;1;1;12108508;2022-11-14;-9;
3;4;5;37;2;2;17;12;1;2;2015;51;1;2;4;1;1;12108509;2022-11-16;-14;
2;7;7;33;2;2;11;12;6;2;2019;27;1;4;3;1;1;12108510;2022-11-10;6;
1;6;7;52;2;2;9;12;1;1;1997;51;1;4;4;1;1;12108604;2022-09-29;1;
3;5;5;34;2;2;16;12;8;3;2021;32;1;4;4;1;1;12108608;2022-10-09;2;
3;7;5;26;2;2;15;12;2;4;2021;27;1;4;4;1;1;12108702;2022-10-08;-1;
3;6;4;29;2;2;13;12;1;3;2019;27;1;3;3;1;1;12108706;2022-10-10;2;
3;7;6;45;1;1;15;12;1;5;1995;47;1;3;5;1;1;12108906;2022-10-25;-2;
3;6;5;26;2;2;15;12;8;4;2021;33;1;4;4;1;1;12109001;2022-09-14;-7;
2;7;7;36;2;2;13;12;8;2;2019;38;1;2;4;1;1;12109002;2022-09-14;-2;
3;7;7;24;2;2;13;12;8;3;2021;26;1;3;4;1;1;12109003;2022-10-04;-2;
2;5;6;33;2;2;12;12;2;6;2009;36;1;4;5;1;1;12109004;2022-10-04;-3;
3;5;5;30;1;1;11;12;2;3;2020;33;1;5;5;1;1;12109006;2022-10-28;-3;
3;6;5;31;2;2;15;12;8;3;2021;30;1;5;5;1;1;12109009;2022-10-28;1;
3;5;5;29;1;1;9;12;8;5;2018;26;1;4;4;1;1;12109010;2022-10-28;3;
3;7;1;37;2;2;17;12;6;4;2019;51;1;3;4;1;1;12109104;2022-11-27;-14;
3;7;7;51;1;1;13;12;6;3;2019;37;1;4;4;1;1;12109105;2022-11-27;14;
3;5;6;52;2;2;13;12;1;2;1991;62;2;3;4;1;1;12109202;2022-10-11;-10;
3;4;3;36;1;1;15;12;2;3;2019;33;1;4;4;1;1;12109209;2022-09-22;3;
3;6;7;61;1;1;9;12;8;2;1990;61;1;4;4;1;1;12109406;2022-08-23;0;
3;7;4;37;2;2;17;12;6;4;2022;25;1;5;5;1;1;12109501;2022-11-25;12;
2;7;7;39;2;2;7;12;1;1;2004;40;1;5;4;1;1;12109601;2022-10-18;-1;
3;6;6;29;2;2;15;12;1;3;2017;28;1;4;4;1;1;12109604;2022-10-20;1;
2;7;2;25;2;2;9;12;8;6;2016;27;1;;4;1;1;12109605;2022-10-22;-2;
3;6;3;28;2;2;15;12;2;4;2018;30;1;4;4;1;1;12109607;2022-10-24;-2;
3;7;7;27;2;2;14;12;8;4;2021;29;1;5;4;1;1;12109701;2022-09-09;-2;
3;4;5;23;1;1;12;12;8;4;2020;21;2;2;3;1;1;12109705;2022-09-13;2;
3;6;6;29;1;1;15;12;8;3;2020;27;1;5;5;1;1;12109804;2022-09-12;2;
1;6;7;24;2;2;9;12;2;6;2021;27;1;4;4;1;1;12109805;2022-11-29;-3;
3;6;6;38;2;2;15;12;1;1;2013;43;1;4;4;1;1;12109806;2022-11-30;-5;
3;7;7;25;2;2;13;12;1;2;2020;25;1;3;5;1;1;12110001;2022-10-29;0;
3;6;5;27;2;2;9;12;8;3;2017;31;1;4;3;1;1;12110002;2022-10-29;-4;
3;7;7;26;2;2;12;12;8;4;2021;27;1;4;4;1;1;12110003;2022-10-31;-1;
3;7;6;50;2;2;13;12;7;4;2021;45;1;;4;1;1;12110004;2022-10-31;5;
3;5;6;67;2;2;9;12;1;4;1972;76;1;3;4;1;1;12110110;2022-09-08;-9;
3;3;6;59;2;2;10;12;7;2;1990;70;1;5;3;1;1;12110202;2022-08-25;-11;
3;6;6;65;1;1;9;13;1;3;1980;60;1;4;4;1;1;13100102;2022-09-10;5;
3;7;7;35;1;1;13;13;1;3;2022;35;1;5;5;1;1;13100103;2022-10-31;0;
3;7;5;24;2;2;8;13;2;2;2018;28;1;4;4;1;1;13100107;2022-11-01;-4;
3;6;6;36;1;1;15;13;2;3;2018;34;1;4;4;1;1;13100108;2022-11-19;2;
3;6;6;39;1;1;14;13;3;2;2015;39;1;3;4;1;1;13100201;2022-09-11;0;
3;6;6;61;2;2;15;13;1;2;1991;59;1;4;5;1;1;13100210;2022-11-22;2;
2;5;6;33;1;1;15;13;8;4;2019;30;1;4;4;1;1;13100401;2022-08-11;3;
3;5;5;32;2;2;14;13;8;4;2019;32;1;3;4;1;1;13100510;2022-10-26;0;
3;6;5;40;1;1;9;13;2;3;2010;49;2;5;5;1;1;13100602;2022-11-22;-9;
3;5;6;51;2;2;7;13;2;3;2012;55;2;4;4;1;1;13100604;2022-11-22;-4;
3;5;5;61;1;1;9;13;1;3;1988;66;2;3;4;1;1;13100607;2022-11-22;-5;
3;5;5;27;1;1;7;13;2;3;2012;34;2;4;4;1;1;13100608;2022-11-22;-7;
3;6;5;39;2;2;15;13;2;3;2011;37;1;3;4;1;1;13100609;2022-11-22;2;
3;3;6;42;2;2;15;13;1;3;2010;31;1;4;4;1;1;13100706;2022-11-22;11;
3;7;7;60;2;2;9;13;1;3;2004;50;1;4;4;1;1;13100709;2022-11-22;10;
3;6;7;31;2;2;9;13;2;3;2018;30;1;4;4;1;1;13100802;2022-11-23;1;
3;2;5;64;2;2;11;13;1;2;1992;66;2;4;3;1;1;13100803;2022-11-23;-2;
3;7;7;45;1;1;9;13;1;4;2002;37;1;4;4;1;1;13100804;2022-11-23;8;
3;5;7;57;2;2;11;13;1;3;1987;66;1;4;4;1;1;13100805;2022-11-23;-9;
3;7;7;35;2;2;9;13;8;3;2005;39;1;4;4;1;1;13100810;2022-11-23;-4;
2;3;3;61;2;2;8;13;1;2;2000;65;2;4;5;1;1;13102506;2022-11-22;-4;
;5;5;24;2;2;9;13;2;4;2018;35;1;;4;1;1;13102803;2022-11-20;-11;
3;3;5;80;1;1;7;13;1;3;1995;67;2;4;4;1;1;13103002;2022-11-20;13;
3;5;6;29;2;2;13;13;2;3;2010;31;1;4;4;1;1;13103003;2022-11-20;-2;
3;7;4;35;2;2;9;13;2;2;2021;36;1;3;3;1;1;13103301;2022-11-18;-1;
3;5;6;79;1;1;6;13;7;3;1969;88;1;4;4;1;1;13103303;2022-11-18;-9;
3;5;6;36;1;1;9;13;2;3;2006;41;1;4;4;1;1;13103404;2022-11-23;-5;
3;5;5;60;1;1;15;13;1;3;2000;58;1;4;4;1;1;13103406;2022-11-23;2;
3;5;4;36;2;2;7;13;2;3;2022;36;1;4;4;1;1;13103409;2022-11-23;0;
1;3;3;81;2;2;8;13;1;2;1978;80;2;;5;1;1;13103601;2022-11-16;1;
1;7;6;44;2;2;9;13;2;3;2015;41;1;5;4;1;1;13103602;2022-11-16;3;
3;7;5;34;1;1;15;13;8;2;2008;32;1;5;4;1;1;13103604;2022-11-16;2;
2;6;6;42;2;2;15;13;2;3;2012;49;1;;;1;1;13103606;2022-11-16;-7;
3;5;4;41;2;2;9;13;1;3;1998;65;2;3;4;1;1;13103804;2022-11-14;-24;
1;4;5;60;2;2;9;13;1;6;1984;62;2;3;4;1;1;13103805;2022-11-14;-2;
3;4;4;64;2;2;7;13;1;3;1997;59;2;3;4;1;1;13103806;2022-11-14;5;
3;3;6;22;2;2;9;13;2;6;2016;23;2;4;4;1;1;13103807;2022-11-14;-1;
3;4;4;23;2;2;13;13;1;3;2017;22;1;4;4;1;1;13103810;2022-11-14;1;
3;5;5;45;1;1;11;13;2;3;2017;43;1;5;4;1;1;13103905;2022-11-13;2;
3;7;7;32;2;2;9;13;2;3;2010;35;1;4;4;1;1;13104001;2022-11-19;-3;
3;7;7;52;1;1;9;13;1;4;1990;50;1;4;4;1;1;13104002;2022-11-19;2;
3;7;6;25;1;1;9;13;2;2;2021;24;1;5;4;1;1;13104003;2022-11-19;1;
2;7;7;32;2;2;9;13;1;3;2012;36;1;5;4;1;1;13104005;2022-11-19;-4;
1;6;6;42;2;2;9;13;1;2;1998;50;1;4;4;1;1;13104009;2022-11-21;-8;
3;7;6;66;1;1;9;13;1;3;1980;70;1;4;4;1;1;13104103;2022-11-15;-4;
3;6;7;48;2;2;9;13;1;3;2000;52;1;4;4;1;1;13104107;2022-11-17;-4;
3;5;6;75;2;2;7;13;1;3;1976;75;2;4;4;1;1;13104404;2022-11-21;0;
3;5;5;29;1;1;15;13;1;3;2020;26;1;5;4;1;1;13104406;2022-11-21;3;
3;5;5;57;2;2;8;13;1;3;1980;67;2;3;4;1;1;13104408;2022-11-21;-10;
3;6;5;28;2;2;17;13;8;1;2021;31;1;3;4;1;1;13105001;2022-10-07;-3;
3;5;6;31;1;1;15;13;2;4;2021;28;1;5;4;1;1;13105202;2022-10-09;3;
1;5;5;42;2;2;12;13;2;3;2012;43;2;5;4;1;1;13105802;2022-11-20;-1;
2;6;5;41;1;1;9;13;3;3;2003;99;1;4;4;1;1;13105805;2022-11-20;-58;
2;5;6;22;1;1;13;13;2;3;2022;22;1;5;5;1;1;13105903;2022-11-09;0;
3;6;6;51;1;1;15;13;1;4;2001;48;1;5;4;1;1;13105906;2022-11-09;3;
3;4;5;44;1;1;13;13;2;4;2005;40;1;5;3;1;1;13105909;2022-11-10;4;
2;5;7;62;2;2;9;13;1;1;1986;64;1;4;5;1;1;13106007;2022-10-02;-2;
2;4;5;31;2;2;9;13;8;1;2020;51;1;4;3;1;1;13106101;2022-10-04;-20;
1;6;6;49;2;2;13;13;1;6;2002;46;1;5;4;1;1;13106106;2022-10-19;3;
1;6;6;51;2;2;7;13;;6;1989;54;1;4;4;1;1;13106108;2022-10-20;-3;
2;7;5;30;2;2;9;13;2;1;2018;34;1;4;3;1;1;13106202;2022-10-24;-4;
1;6;6;49;2;2;11;13;1;6;1997;56;1;4;4;1;1;13106204;2022-10-26;-7;
1;7;6;40;2;2;15;13;8;4;2010;38;1;4;5;1;1;13106205;2022-10-26;2;
2;7;7;57;2;2;12;13;1;1;1988;59;1;4;5;1;1;13106209;2022-11-02;-2;
3;5;5;77;1;1;8;13;1;2;1968;77;2;4;4;1;1;13106210;2022-11-03;0;
2;7;4;28;2;2;11;13;1;3;2016;34;1;5;5;1;1;13106302;2022-11-04;-6;
3;5;5;43;1;1;11;13;2;3;2009;38;1;4;4;1;1;13106304;2022-11-11;5;
3;5;5;27;1;5;15;13;8;3;2016;29;1;5;5;1;1;13106305;2022-11-13;-2;
3;6;5;36;2;2;15;13;8;3;2008;39;1;4;4;1;1;13106502;2022-11-24;-3;
1;5;6;37;2;2;11;13;1;6;2007;46;1;4;4;1;1;13106503;2022-11-30;-9;
3;7;5;40;2;2;17;13;1;5;2016;35;1;4;4;1;1;13106504;2022-11-24;5;
2;6;5;29;2;2;15;13;2;3;2018;30;1;4;4;1;1;13106505;2022-11-24;-1;
3;3;6;49;2;2;11;13;1;4;2000;52;1;4;4;1;1;13106506;2022-12-02;-3;
2;6;4;40;2;2;14;13;1;2;2008;39;1;4;4;1;1;13106901;2022-10-26;1;
2;6;7;61;2;2;7;13;1;2;1983;60;1;3;3;1;1;13106902;2022-10-26;1;
2;7;4;34;2;2;9;13;2;2;2015;26;1;3;3;1;1;13106904;2022-10-27;8;
2;7;7;69;2;2;7;13;1;2;1973;73;1;3;4;1;1;13106907;2022-10-27;-4;
2;6;6;64;2;2;9;13;1;3;1997;47;2;2;4;1;1;13106910;2022-10-28;17;
2;5;5;34;2;2;11;13;1;4;2018;36;1;4;4;1;1;13107003;2022-11-05;-2;
3;7;7;50;2;2;9;13;8;3;2014;52;1;5;5;1;1;13107009;2022-11-16;-2;
3;7;7;35;1;1;9;13;2;5;2009;34;1;4;5;1;1;13107010;2022-11-16;1;
3;4;5;61;1;1;7;13;1;3;1982;58;1;3;3;1;1;13107102;2022-11-19;3;
2;4;5;34;2;2;13;13;1;1;2006;38;1;4;3;1;1;13107105;2022-11-19;-4;
3;6;5;82;1;1;15;13;1;3;1970;79;2;3;4;1;1;13107106;2022-11-15;3;
3;6;6;55;2;2;7;13;2;6;1992;52;1;2;4;1;1;13107108;2022-11-15;3;
3;6;6;19;1;1;10;13;8;3;2021;21;1;4;4;1;1;13107201;2022-10-31;-2;
1;2;4;45;2;2;9;13;2;1;2012;47;2;3;3;1;1;13107202;2022-10-31;-2;
3;7;7;64;1;1;9;13;1;5;1976;63;1;5;4;1;1;13107207;2022-11-16;1;
3;1;5;80;2;2;6;13;1;3;1960;85;2;3;3;1;1;13107301;2022-11-22;-5;
3;1;5;72;2;2;6;13;8;3;2001;80;2;3;3;1;1;13107402;2022-11-22;-8;
2;5;7;44;2;2;13;13;2;2;2002;45;1;4;4;1;1;13107403;2022-11-20;-1;
3;7;6;45;2;2;9;13;1;2;2002;57;1;4;4;1;1;13107601;2022-11-23;-12;
3;6;6;62;1;1;9;13;2;5;2010;52;1;4;3;1;1;13107602;2022-11-23;10;
3;5;3;32;2;2;15;13;8;2;2022;38;1;2;3;1;1;13107603;2022-11-23;-6;
2;6;5;67;2;2;7;13;1;2;1981;77;1;4;4;1;1;13107605;2022-11-23;-10;
3;7;7;60;1;1;9;13;1;5;1980;62;1;4;4;1;1;13107606;2022-11-23;-2;
3;5;5;38;2;2;13;13;1;2;2007;40;1;3;4;1;1;13107607;2022-11-23;-2;
2;6;5;30;2;2;13;13;1;2;2014;29;1;3;4;1;1;13107608;2022-11-25;1;
1;6;4;26;2;2;13;13;1;2;2021;24;1;4;3;1;1;13107701;2022-11-17;2;
1;6;6;49;2;2;9;13;1;1;1995;50;1;4;4;1;1;13107702;2022-11-17;-1;
3;3;7;83;2;2;6;13;1;3;1966;84;2;3;4;1;1;13107703;2022-11-17;-1;
3;7;6;49;1;1;9;13;2;;1993;44;1;4;4;1;1;13107705;2022-11-17;5;
1;7;7;59;2;2;7;13;1;1;1978;64;1;4;3;1;1;13107706;2022-11-17;-5;
2;7;5;31;2;2;9;13;3;2;2020;28;1;3;3;1;1;13107708;2022-11-17;3;
3;2;5;71;1;1;7;13;1;4;1971;69;1;3;3;1;1;13107709;2022-11-22;2;
3;7;7;24;1;1;9;13;8;3;2020;25;1;5;4;1;1;13107801;2022-11-18;-1;
2;5;7;52;2;2;9;13;2;1;2010;52;1;3;4;1;1;13107802;2022-11-18;0;
1;7;5;39;2;2;9;13;1;1;2005;39;1;3;3;1;1;13107803;2022-11-18;0;
3;5;5;39;1;1;9;13;2;5;2000;42;1;4;5;1;1;13107805;2022-11-18;-3;
3;7;7;22;2;2;9;13;2;2;2019;26;2;3;3;1;1;13107901;2022-10-24;-4;
3;7;7;31;1;1;13;13;2;2;2019;33;1;3;4;1;1;13107903;2022-10-24;-2;
2;1;7;90;1;1;6;13;1;4;1962;83;2;3;3;1;1;13108003;2022-10-26;7;
1;6;5;67;2;2;15;13;1;6;2020;56;1;3;4;1;1;13108004;2022-10-26;11;
3;5;6;40;2;2;15;13;1;1;2004;43;1;4;5;1;1;13108005;2022-10-26;-3;
1;6;6;57;2;2;7;13;1;1;1988;57;1;3;4;1;1;13108009;2022-10-21;0;
2;5;5;30;2;2;12;13;2;1;2015;33;1;4;4;1;1;13108101;2022-10-20;-3;
3;3;2;59;2;2;7;13;1;2;1992;68;1;3;3;1;1;13108102;2022-10-20;-9;
1;7;7;55;2;2;9;13;2;1;2014;58;1;4;5;1;1;13108103;2022-10-21;-3;
2;5;5;72;2;2;7;13;1;3;1986;68;1;4;4;1;1;13108104;2022-10-21;4;
1;6;6;61;1;1;9;13;1;6;1977;63;2;3;3;1;1;13108106;2022-10-20;-2;
2;7;4;23;2;2;9;13;2;2;2015;28;1;3;3;1;1;13108202;2022-11-02;-5;
3;7;6;49;1;1;9;13;2;5;2013;39;1;4;3;1;1;13108204;2022-11-02;10;
2;4;4;72;2;2;7;13;1;2;1980;63;2;3;2;1;1;13108206;2022-11-02;9;
1;7;7;60;2;2;7;13;2;6;2000;65;1;5;4;1;1;13108207;2022-11-03;-5;
3;6;5;52;1;1;9;13;2;3;2002;49;1;4;4;1;1;13108301;2022-10-29;3;
1;7;5;53;2;2;7;13;1;6;1990;64;;3;5;1;1;13108306;2022-11-03;-11;
3;7;5;53;1;1;9;13;2;4;2010;59;1;4;2;1;1;13108401;2022-11-03;-6;
1;4;4;65;2;2;7;13;1;2;1974;66;1;3;4;1;1;13108501;2022-10-27;-1;
3;7;5;34;1;1;9;13;1;4;2014;34;1;4;4;1;1;13108503;2022-10-27;0;
1;5;7;48;2;2;9;13;1;1;1990;50;1;3;5;1;1;13109001;2022-11-29;-2;
2;6;6;28;2;2;13;13;3;1;2016;28;1;5;5;1;1;13109003;2022-11-29;0;
2;5;7;30;2;2;13;13;1;3;2015;33;1;4;5;1;1;13109103;2022-11-29;-3;
2;7;6;63;2;2;9;13;1;3;1978;66;1;3;4;1;1;13109105;2022-11-29;-3;
3;7;6;72;1;1;10;13;1;4;2012;78;1;4;4;1;1;13109205;2022-08-12;-6;
2;7;7;22;2;2;11;13;8;5;2019;21;1;5;5;1;1;13109409;2022-08-10;1;
1;4;7;62;2;2;9;13;2;6;1999;64;2;3;4;1;1;13110503;2022-10-27;-2;
3;7;6;29;2;2;13;13;1;3;2022;36;1;4;4;1;1;13110504;2022-10-27;-7;
3;6;4;57;2;2;9;13;5;1;2015;58;1;2;3;1;1;13110506;2022-10-27;-1;
3;6;7;41;1;1;9;13;1;4;2011;36;1;5;3;1;1;13110602;2022-10-27;5;
2;5;6;53;2;2;7;13;1;2;1991;56;1;3;3;1;1;13110603;2022-10-31;-3;
1;1;4;62;2;2;12;13;1;6;1981;60;1;3;3;1;1;13110604;2022-10-31;2;
3;7;6;56;1;1;13;13;1;4;1986;62;1;4;4;1;1;13110609;2022-10-31;-6;
1;7;7;34;2;2;9;13;1;6;2013;36;1;4;4;1;1;13110701;2022-09-14;-2;
3;3;2;46;2;2;15;13;2;4;2010;47;2;2;2;1;1;13110703;2022-09-14;-1;
1;7;7;53;2;2;10;13;1;6;1994;53;1;4;4;1;1;13110705;2022-09-14;0;
3;1;7;71;2;2;12;13;1;3;1969;77;2;3;4;1;1;13110706;2022-09-14;-6;
1;7;5;40;2;2;9;13;8;2;2016;47;;;3;1;1;13110802;2022-10-24;-7;
3;6;7;36;1;1;9;13;8;4;2017;38;1;4;4;1;1;13110804;2022-10-24;-2;
1;1;3;62;2;2;9;13;8;6;2002;76;2;2;2;1;1;13110805;2022-10-24;-14;
3;7;6;23;2;2;9;13;8;2;2017;24;1;4;4;1;1;13110807;2022-10-24;-1;
3;6;6;73;1;1;9;13;1;4;1969;70;1;3;4;1;1;13110808;2022-10-25;3;
3;5;4;30;2;2;12;13;8;1;2021;30;1;3;3;1;1;13110809;2022-10-25;0;
1;5;6;47;2;2;9;13;8;6;2005;39;1;4;4;1;1;13110810;2022-10-25;8;
1;4;6;53;2;2;15;13;1;2;1993;53;1;4;4;1;1;13110902;2022-08-28;0;
3;2;5;63;1;1;9;13;1;5;1981;69;2;4;3;1;1;13110903;2022-08-28;-6;
3;6;6;48;1;1;10;13;2;4;2020;48;1;3;3;1;1;13110906;2022-11-01;0;
3;6;3;60;1;1;10;13;2;2;1998;50;1;3;2;1;1;13110907;2022-11-01;10;
2;7;7;52;2;2;10;13;1;6;1987;56;1;4;4;1;1;13110910;2022-11-01;-4;
3;6;6;36;1;1;13;13;1;4;2014;32;1;4;4;1;1;13111001;2022-10-24;4;
1;6;5;47;2;2;9;13;2;6;1998;46;1;3;4;1;1;13111005;2022-10-24;1;
3;5;6;71;1;1;6;13;1;3;1973;71;2;3;4;1;1;13111007;2022-10-24;0;
3;6;5;29;1;6;13;13;1;4;2018;29;1;3;4;1;1;13111010;2022-10-25;0;
3;7;7;63;2;2;10;13;1;2;1982;65;1;4;4;1;1;13111101;2022-10-10;-2;
1;7;6;40;2;2;11;13;2;2;2012;41;1;3;4;1;1;13111104;2022-10-10;-1;
1;1;6;80;2;2;6;13;1;3;1961;82;2;4;4;1;1;13111106;2022-10-10;-2;
1;7;7;61;2;2;7;13;1;6;1988;65;2;3;3;1;1;13111201;2022-10-03;-4;
1;1;5;58;2;2;9;13;1;2;1985;59;2;3;4;1;1;13111203;2022-10-03;-1;
3;6;5;43;1;1;9;13;1;4;2004;38;1;4;4;1;1;13111205;2022-10-03;5;
1;7;5;52;2;2;7;13;1;6;2017;56;1;4;4;1;1;13111206;2022-10-03;-4;
1;5;6;72;2;2;9;13;2;3;1990;63;2;3;3;1;1;13111301;2022-10-25;9;
3;5;7;82;1;1;8;13;1;4;1963;79;2;4;4;1;1;13111303;2022-10-25;3;
3;7;7;61;1;1;15;13;1;2;1989;53;1;4;4;1;1;13111305;2022-10-25;8;
3;5;7;74;1;1;8;13;1;3;1969;79;2;3;4;1;1;13111307;2022-10-25;-5;
2;4;7;74;1;1;8;13;5;2;1990;59;1;3;3;1;1;13111309;2022-10-26;15;
1;3;4;39;2;2;9;13;2;6;2020;45;1;4;4;1;1;13111310;2022-10-26;-6;
1;6;5;61;2;2;13;13;1;2;1985;61;1;3;4;1;1;13111401;2022-08-27;0;
3;1;2;82;1;1;10;13;1;4;1971;82;2;3;4;1;1;13111501;2022-09-05;0;
3;7;7;32;1;1;14;13;2;4;2017;30;1;4;4;1;1;13111502;2022-09-05;2;
2;6;7;77;2;2;8;13;1;2;1968;80;2;4;3;1;1;13111503;2022-09-05;-3;
3;7;5;61;2;2;9;13;1;1;1976;63;1;2;4;1;1;13111504;2022-09-05;-2;
3;1;6;78;2;2;8;13;1;3;1963;81;2;3;3;1;1;13111505;2022-09-05;-3;
2;7;6;40;2;2;15;13;1;4;2014;50;1;4;4;1;1;13111603;2022-10-25;-10;
3;4;6;75;2;2;9;13;1;3;1969;75;2;4;5;1;1;13111608;2022-10-26;0;
3;6;6;53;1;1;15;13;1;5;1997;52;1;4;4;1;1;13111609;2022-10-26;1;
1;1;3;54;2;2;9;13;1;6;2001;63;2;2;3;1;1;13111707;2022-10-22;-9;
3;7;6;62;1;1;12;13;1;2;1982;68;1;4;4;1;1;13111802;2022-10-16;-6;
1;5;5;77;2;2;8;13;1;2;1964;80;1;4;4;1;1;13111903;2022-10-21;-3;
1;4;5;52;2;2;7;13;1;6;2019;66;1;3;3;1;1;13111904;2022-10-21;-14;
1;5;6;63;2;2;7;13;1;6;1991;66;1;3;4;1;1;13111905;2022-10-21;-3;
3;6;6;73;1;1;15;13;1;4;1974;72;1;4;4;1;1;13111907;2022-10-21;1;
3;3;6;83;1;1;8;13;1;4;1970;75;2;4;4;1;1;13112001;2022-10-26;8;
3;7;7;68;1;1;9;13;1;4;1978;73;1;4;3;1;1;13112002;2022-10-26;-5;
1;7;7;63;2;2;8;13;1;6;1980;73;1;4;5;1;1;13112005;2022-10-27;-10;
3;1;5;73;1;1;8;13;1;3;1967;73;2;2;2;1;1;13112102;2022-10-21;0;
1;6;6;30;2;2;9;13;1;6;2009;31;1;4;4;1;1;13112106;2022-10-21;-1;
1;6;7;51;2;2;9;13;2;4;2000;49;1;4;4;1;1;13112107;2022-10-21;2;
2;6;7;20;1;1;9;13;2;4;2019;18;1;4;4;1;1;13112302;2022-10-26;2;
3;7;7;40;2;2;15;13;2;2;2018;40;1;4;4;1;1;13112304;2022-10-26;0;
3;7;7;38;2;2;15;13;2;2;2015;34;;5;4;1;1;13112305;2022-10-26;4;
1;7;4;58;1;1;15;13;1;5;2014;49;1;3;3;1;1;13112401;2022-10-21;9;
3;7;7;36;2;2;15;13;1;4;2015;42;1;5;4;1;1;13112402;2022-10-21;-6;
3;5;5;48;2;2;13;13;2;4;1999;47;1;3;3;1;1;13112403;2022-10-21;1;
2;5;5;52;1;1;15;13;3;4;2007;49;1;4;3;1;1;13112503;2022-10-25;3;
2;6;6;34;1;1;15;13;1;4;2019;37;1;4;4;1;1;13112505;2022-10-25;-3;
2;3;6;82;1;1;12;13;1;4;1980;88;2;3;4;1;1;13112506;2022-10-25;-6;
2;3;6;71;1;1;8;13;1;4;1972;74;2;3;3;1;1;13112601;2022-10-28;-3;
3;7;7;53;1;1;13;13;1;4;2000;50;1;4;4;1;1;13112702;2022-11-30;3;
3;1;5;74;2;2;6;13;1;3;1964;84;2;4;4;1;1;13112703;2022-11-30;-10;
3;6;6;54;1;1;9;13;2;5;2020;41;1;4;4;1;1;13112707;2022-12-02;13;
1;6;5;55;2;2;9;13;1;6;1989;54;;3;4;1;1;13112708;2022-12-02;1;
3;5;5;63;1;1;10;13;1;1;1981;65;;2;3;1;1;13112801;2022-11-28;-2;
3;5;6;42;1;1;13;13;1;4;2009;39;1;4;5;1;1;13112803;2022-11-28;3;
1;6;5;48;2;2;14;13;1;6;2001;49;1;3;4;1;1;13112804;2022-11-28;-1;
1;6;6;40;2;2;13;13;1;6;2008;49;1;4;4;1;1;13112805;2022-11-28;-9;
1;5;2;30;2;2;13;13;2;6;2017;47;1;4;4;1;1;13112806;2022-11-28;-17;
3;7;4;30;2;2;10;13;1;3;2021;29;1;4;3;1;1;13112808;2022-11-30;1;
3;6;7;76;1;1;8;13;1;5;1963;79;1;4;4;1;1;13112901;2022-11-24;-3;
3;5;7;75;1;1;8;13;1;4;1965;74;1;3;3;1;1;13112902;2022-11-24;1;
3;7;6;52;1;1;15;13;1;2;2012;42;1;4;4;1;1;13112910;2022-12-01;10;
3;2;5;78;1;1;9;13;1;3;1975;70;2;3;3;1;1;13113002;2022-11-21;8;
1;5;6;47;2;2;10;13;2;6;1998;49;1;4;4;1;1;13113003;2022-11-21;-2;
2;1;4;82;2;2;10;13;1;2;1964;78;2;5;4;1;1;13113004;2022-11-21;4;
3;5;7;36;1;1;10;13;2;4;2010;41;2;4;4;1;1;13113006;2022-11-21;-5;
3;6;7;50;1;1;13;13;2;2;2017;33;1;3;4;1;1;13113101;2022-11-21;17;
1;7;6;26;2;2;9;13;1;6;2020;31;1;4;4;1;1;13113104;2022-11-15;-5;
3;5;7;76;1;1;6;13;1;3;1956;89;2;4;4;1;1;13113105;2022-11-15;-13;
3;5;7;48;1;1;7;13;2;4;1998;49;1;4;4;1;1;13113108;2022-11-16;-1;
3;1;4;77;2;2;13;13;1;4;1990;65;2;3;3;1;1;13113201;2022-12-01;12;
3;6;7;53;2;2;13;13;1;2;1986;54;1;5;4;1;1;13113303;2022-11-14;-1;
3;7;6;56;1;1;7;13;1;5;1988;60;1;5;3;1;1;13113304;2022-11-17;-4;
1;6;6;56;2;2;13;13;2;2;2007;53;1;2;4;1;1;13113305;2022-11-17;3;
3;6;7;75;1;1;6;13;1;4;1992;67;2;3;3;1;1;13113402;2022-11-04;8;
3;7;5;35;1;1;7;13;1;5;2013;39;1;5;4;1;1;13113403;2022-11-07;-4;
1;7;7;57;2;2;7;13;1;6;2005;62;1;3;4;1;1;13113405;2022-11-07;-5;
3;3;6;78;1;1;8;13;1;2;1974;78;2;3;3;1;1;13113407;2022-11-07;0;
3;7;5;51;1;1;15;13;1;2;1994;47;1;5;4;1;1;13113501;2022-12-02;4;
1;1;6;74;2;2;11;13;1;6;1968;74;2;3;4;1;1;13113502;2022-12-02;0;
1;7;7;60;2;2;9;13;1;6;1988;58;1;4;4;1;1;13113503;2022-12-02;2;
1;7;7;46;2;2;15;13;2;6;2017;56;1;5;4;1;1;13113601;2022-12-01;-10;
3;6;6;76;1;1;10;13;1;5;1964;79;1;4;4;1;1;13113603;2022-12-01;-3;
2;6;3;24;2;2;13;13;2;2;2020;31;1;4;3;1;1;13113606;2022-12-01;-7;
3;7;5;42;2;2;17;13;8;3;2017;33;1;5;5;1;1;13114304;2022-09-08;9;
3;5;6;51;2;2;10;13;7;3;2018;54;2;4;4;1;1;13114905;2022-08-02;-3;
3;4;4;65;1;1;9;13;1;2;1988;55;1;3;3;1;1;13115006;2022-08-09;10;
3;7;7;29;2;2;15;13;8;3;2019;30;1;4;5;1;1;13115109;2022-08-09;-1;
3;4;6;35;1;1;9;13;2;2;2018;50;1;4;4;1;1;13115607;2022-09-30;-15;
3;6;6;68;1;1;9;13;1;4;1997;66;1;4;4;1;1;13115609;2022-10-01;2;
3;7;5;52;1;1;15;13;1;2;2013;44;1;4;4;1;1;13115705;2022-08-24;8;
3;6;6;40;1;1;13;13;8;4;2006;42;1;4;4;1;1;13115706;2022-08-27;-2;
3;7;6;42;1;1;12;13;3;4;2000;40;1;4;4;1;1;13115809;2022-11-05;2;
2;6;6;51;2;2;14;13;5;2;2005;49;1;4;4;1;1;13116401;2022-08-02;2;
3;6;5;38;1;1;9;13;8;2;2012;39;1;4;3;1;1;13116402;2022-08-06;-1;
3;5;5;58;2;2;9;13;5;4;1978;66;1;4;4;1;1;13116408;2022-08-15;-8;
3;5;4;62;2;2;9;13;1;3;1983;59;1;4;4;1;1;13116610;2022-10-30;3;
3;6;6;65;1;1;15;13;1;5;2015;63;1;4;5;1;1;13116702;2022-10-20;2;
3;7;4;30;1;1;9;13;2;4;2021;28;1;4;4;1;1;13116706;2022-10-20;2;
3;7;6;28;2;2;15;13;3;3;2020;35;1;4;4;1;1;13116707;2022-10-20;-7;
3;7;1;56;1;1;9;13;8;4;2005;54;2;1;1;1;1;13116708;2022-10-20;2;
3;7;7;53;1;1;15;13;8;3;2014;58;1;4;4;1;1;13116901;2022-10-17;-5;
3;6;6;30;2;2;14;13;2;2;2019;29;1;3;4;1;1;13116902;2022-10-17;1;
1;7;6;29;2;2;13;13;2;6;2020;30;1;4;4;1;1;13116905;2022-10-17;-1;
3;5;6;46;2;2;15;13;1;4;2019;51;1;3;3;1;1;13116906;2022-10-17;-5;
2;7;5;57;2;2;9;13;1;4;1990;63;1;4;3;1;1;13116907;2022-10-17;-6;
2;5;3;61;2;2;9;13;1;6;1977;56;1;3;4;1;1;13116908;2022-10-17;5;
3;4;5;43;2;2;9;13;1;4;2012;48;1;4;4;1;1;13116909;2022-10-17;-5;
3;7;7;67;1;1;15;13;1;;1979;67;1;4;4;1;1;13116910;2022-10-17;0;
2;4;7;83;2;2;13;13;1;3;1962;88;2;4;3;1;1;13117101;2022-10-14;-5;
3;7;6;61;1;1;9;13;1;5;2015;54;1;3;1;1;1;13117108;2022-10-14;7;
1;5;6;27;2;2;9;13;2;6;2019;34;1;3;3;1;1;13117301;2022-10-19;-7;
1;5;6;32;2;2;15;13;1;2;2016;33;1;5;4;1;1;13117303;2022-10-19;-1;
3;6;7;67;2;2;8;13;1;3;1975;69;1;3;3;1;1;13117305;2022-10-19;-2;
3;6;6;43;2;2;7;13;1;6;2000;47;1;4;4;1;1;13117306;2022-10-19;-4;
1;7;7;55;2;2;7;13;1;6;1987;57;1;4;5;1;1;13117308;2022-10-19;-2;
2;7;7;45;2;2;9;13;2;2;1998;55;1;4;4;1;1;13117309;2022-10-19;-10;
3;6;5;29;1;1;15;13;2;2;2017;35;1;3;4;1;1;13117310;2022-10-19;-6;
2;1;5;70;1;1;7;13;1;2;1970;63;2;3;3;1;1;13117402;2022-10-18;7;
3;4;7;61;2;2;7;13;1;3;1981;65;1;4;4;1;1;13117405;2022-10-18;-4;
2;5;3;44;2;2;10;13;1;2;2003;46;1;4;4;1;1;13117408;2022-10-18;-2;
2;1;6;82;2;2;8;13;2;2;1984;85;2;3;4;1;1;13117501;2022-10-15;-3;
1;6;6;49;2;2;10;13;1;6;1995;52;1;3;4;1;1;13117502;2022-10-15;-3;
2;2;3;39;2;2;11;13;2;6;2014;41;1;3;4;1;1;13117503;2022-10-15;-2;
3;5;7;35;1;1;7;13;2;5;2013;33;1;4;3;1;1;13117504;2022-10-15;2;
1;4;5;64;2;2;8;13;1;6;1963;79;2;2;3;1;1;13117505;2022-10-15;-15;
1;5;6;49;2;2;10;13;1;6;1998;53;1;4;4;1;1;13117507;2022-10-15;-4;
3;7;7;52;2;2;7;13;2;3;1990;53;1;4;4;1;1;13117508;2022-10-15;-1;
3;7;7;61;1;1;9;13;1;4;1990;72;1;4;4;1;1;13117603;2022-10-18;-11;
3;3;7;77;2;2;10;13;1;3;1968;85;2;3;4;1;1;13117801;2022-10-14;-8;
2;5;7;66;2;2;9;13;1;2;1975;68;2;3;3;1;1;13117803;2022-10-14;-2;
3;6;6;36;1;1;12;13;2;;2020;26;1;3;4;1;1;13117807;2022-10-14;10;
3;6;5;27;2;2;15;13;8;3;2019;29;1;4;5;1;1;13117808;2022-10-14;-2;
3;5;4;50;2;2;9;13;8;2;2013;50;1;4;4;1;1;13117809;2022-10-18;0;
2;5;5;30;2;2;14;13;2;2;2021;47;1;5;4;1;1;13117902;2022-10-28;-17;
;7;7;63;2;2;15;13;7;;2020;59;2;4;4;1;1;13117904;2022-10-07;4;
;7;7;57;2;2;9;13;1;;2019;57;1;4;4;1;1;13117905;2022-10-07;0;
;1;4;73;2;2;6;13;1;;1968;75;2;3;4;1;1;13117906;2022-10-07;-2;
;7;7;56;2;2;10;13;1;;1998;60;1;4;4;1;1;13117908;2022-10-11;-4;
;5;7;60;1;1;9;13;1;;2000;26;1;4;4;1;1;13117909;2022-10-11;34;
3;7;5;51;2;2;12;13;6;;2019;61;1;4;4;1;1;13118003;2022-11-30;-10;
;2;5;43;2;2;12;13;8;;2003;49;1;4;3;1;1;13118005;2022-11-30;-6;
3;6;4;38;2;2;11;13;6;;2018;41;1;4;3;1;1;13118006;2022-12-02;-3;
;3;4;60;1;1;9;13;1;;1990;50;2;3;3;1;1;13118007;2022-12-02;10;
2;5;6;31;2;2;11;13;2;2;2017;34;1;4;4;1;1;13118109;2022-10-28;-3;
3;5;5;55;1;1;8;13;1;5;1994;52;1;4;4;1;1;13118110;2022-10-28;3;
3;4;5;30;1;1;13;13;2;3;2019;31;1;5;5;1;1;13118201;2022-10-29;-1;
3;6;6;34;1;1;15;13;1;3;2005;34;1;4;5;1;1;13118203;2022-10-29;0;
;6;6;46;2;2;9;13;8;;2008;38;1;4;4;1;1;13118205;2022-10-18;8;
;4;4;67;2;2;9;13;1;;1975;73;1;4;3;1;1;13118209;2022-10-21;-6;
;3;5;38;2;2;9;13;1;;2008;44;1;4;4;1;1;13118304;2022-10-04;-6;
3;3;6;46;1;1;15;13;1;;2004;46;1;4;4;1;1;13118308;2022-10-05;0;
;7;5;23;2;2;14;13;1;;2018;25;1;4;4;1;1;13118310;2022-10-07;-2;
3;7;6;84;1;1;15;13;1;;1963;82;2;4;4;1;1;13118901;2022-09-12;2;
3;7;7;81;2;2;7;13;1;;1959;84;2;4;4;1;1;13118902;2022-09-12;-3;
3;7;5;46;2;2;15;13;1;;2004;45;1;4;4;1;1;13118903;2022-09-12;1;
;4;4;68;2;2;9;13;6;;2014;69;1;3;4;1;1;13118908;2022-09-26;-1;
;7;7;60;2;2;9;13;1;;1980;64;1;3;4;1;1;13118909;2022-10-03;-4;
1;6;6;61;2;2;9;13;1;2;1982;60;1;4;4;1;1;13119001;2022-08-25;1;
3;6;6;38;1;1;13;13;2;;2012;39;1;4;4;1;1;13119002;2022-08-25;-1;
2;6;6;64;2;2;17;13;1;;1985;68;1;4;5;1;1;13119006;2022-09-05;-4;
3;1;4;66;2;2;10;13;1;;1979;67;2;3;3;1;1;13119007;2022-09-06;-1;
;6;6;67;2;2;9;13;1;;1973;67;1;4;4;1;1;13119010;2022-09-08;0;
3;7;6;29;1;1;9;13;8;2;2019;32;1;4;3;1;1;13119101;2022-11-03;-3;
3;6;5;62;2;2;8;13;8;3;1980;82;;3;4;1;1;13119102;2022-11-03;-20;
2;7;7;23;2;2;12;13;8;2;2021;28;1;5;4;1;1;13119104;2022-11-05;-5;
3;3;5;36;2;2;11;13;2;4;2016;26;2;4;4;1;1;13119108;2022-11-05;10;
1;1;4;67;2;2;8;13;1;3;1991;73;2;2;2;1;1;13119110;2022-11-06;-6;
3;7;6;58;1;1;15;13;1;4;1988;55;1;4;4;1;1;13119202;2022-11-02;3;
1;7;7;37;2;2;9;13;8;1;2008;41;1;3;3;1;1;13119402;2022-11-03;-4;
2;6;6;35;2;2;12;13;8;2;2010;31;1;4;4;1;1;13119403;2022-11-03;4;
3;6;7;49;2;2;7;13;2;;1996;50;1;4;4;1;1;13119405;2022-11-05;-1;
1;6;7;66;2;2;9;13;1;6;1974;82;2;4;4;1;1;13119407;2022-11-05;-16;
2;6;4;38;1;1;12;13;8;2;2006;40;1;4;4;1;1;13119409;2022-11-05;-2;
1;5;7;28;2;2;9;13;1;2;2014;43;1;5;4;1;1;13119502;2022-11-06;-15;
2;1;4;41;2;2;10;13;1;2;2008;47;2;3;3;1;1;13119802;2022-09-28;-6;
3;7;4;26;1;1;13;13;8;3;2019;28;1;3;4;1;1;13119803;2022-09-28;-2;
3;7;4;35;2;2;15;13;2;4;2016;34;1;3;4;1;1;13119804;2022-09-28;1;
1;4;5;55;2;2;9;13;2;4;1989;59;1;4;3;1;1;13119805;2022-09-28;-4;
3;6;4;24;2;2;9;13;8;2;2018;29;1;4;4;1;1;13119807;2022-09-28;-5;
2;6;6;38;2;2;9;13;8;3;2002;48;1;3;4;1;1;13119808;2022-09-28;-10;
2;7;5;32;2;2;9;13;8;2;2014;31;1;4;4;1;1;13119809;2022-09-28;1;
3;4;6;64;1;1;7;13;2;1;2016;57;1;4;4;1;1;13120101;2022-08-17;7;
2;5;1;55;2;2;9;13;1;1;1999;65;1;3;3;1;1;13120102;2022-08-17;-10;
3;5;5;58;1;1;9;13;1;5;1982;60;1;2;4;1;1;13120202;2022-08-23;-2;
2;6;5;32;2;2;13;13;2;1;2014;38;1;3;4;1;1;13120203;2022-08-23;-6;
3;7;7;30;1;1;9;13;2;3;2012;28;1;5;5;1;1;13120205;2022-08-23;2;
1;7;6;43;2;2;9;13;1;1;1997;45;1;4;4;1;1;13120301;2022-08-23;-2;
3;7;5;40;1;1;9;13;1;5;2008;37;1;4;4;1;1;13120302;2022-08-24;3;
3;7;7;59;1;1;9;13;1;2;1991;62;1;3;2;1;1;13120304;2022-08-24;-3;
3;7;7;43;1;1;10;13;1;4;2000;42;1;4;4;1;1;13120401;2022-08-18;1;
3;5;5;44;1;1;7;13;1;5;1996;51;1;3;4;1;1;13120404;2022-08-21;-7;
2;6;4;42;2;2;9;13;2;2;2000;41;1;4;4;1;1;13120501;2022-08-16;1;
3;7;7;22;2;2;12;13;8;3;2022;20;1;3;5;1;1;13120503;2022-08-17;2;
3;7;6;35;1;1;13;13;2;3;2021;35;1;4;4;1;1;13120504;2022-08-17;0;
1;5;5;57;2;2;7;13;1;6;1998;63;1;3;4;1;1;13120601;2022-09-27;-6;
2;7;7;50;2;2;9;13;1;3;1990;54;1;4;4;1;1;13120602;2022-09-27;-4;
3;7;4;24;2;2;7;13;8;6;2022;99;1;3;3;1;1;13120603;2022-09-27;-75;
3;5;4;72;2;2;6;13;1;2;1971;76;2;2;3;1;1;13120606;2022-09-27;-4;
2;7;7;47;2;2;9;13;1;1;1995;50;1;4;4;1;1;13120609;2022-09-27;-3;
3;6;5;46;2;2;13;13;8;3;2010;42;2;4;4;1;1;13120701;2022-09-10;4;
3;6;6;61;1;1;14;13;1;4;1991;57;1;4;4;1;1;13120704;2022-09-10;4;
3;7;6;38;1;1;15;13;8;4;2017;29;1;5;4;1;1;13120705;2022-09-10;9;
3;7;6;38;2;2;17;13;1;3;2012;36;1;4;4;1;1;13120707;2022-09-10;2;
3;4;6;73;1;1;15;13;1;1;1976;66;2;4;4;1;1;13120708;2022-09-10;7;
3;6;6;73;1;1;6;13;1;3;1973;78;1;4;3;1;1;13120801;2022-09-13;-5;
1;7;6;66;2;2;7;13;1;6;1980;66;1;3;3;1;1;13120806;2022-09-13;0;
3;3;5;50;2;2;9;13;1;4;1991;53;1;4;4;1;1;13120807;2022-09-13;-3;
3;5;5;52;2;2;15;13;1;2;1996;58;1;4;4;1;1;13120903;2022-09-02;-6;
1;7;6;59;2;2;13;13;1;6;1992;69;1;5;4;1;1;13120905;2022-09-02;-10;
3;7;6;63;1;1;13;13;1;4;1982;61;1;4;5;1;1;13121006;2022-09-11;2;
1;;6;74;2;2;7;13;1;6;1965;77;1;4;4;1;1;13121007;2022-09-11;-3;
3;7;6;30;1;1;13;13;8;5;2022;30;1;5;4;1;1;13121008;2022-09-11;0;
3;7;7;50;1;1;9;13;1;4;2003;49;1;4;4;1;1;13121102;2022-09-07;1;
2;6;6;58;2;2;10;13;1;6;1990;61;1;4;4;1;1;13121103;2022-09-07;-3;
1;6;3;41;2;2;14;13;1;6;2007;42;1;4;4;1;1;13121104;2022-09-07;-1;
3;7;6;34;1;1;15;13;1;3;2015;34;1;3;4;1;1;13121105;2022-09-07;0;
3;6;6;31;2;2;12;13;2;2;2021;28;1;5;5;1;1;13121106;2022-09-07;3;
3;5;5;61;1;1;10;13;1;4;2000;60;1;3;3;1;1;13121201;2022-09-26;1;
1;5;3;34;2;2;15;13;2;6;2009;36;1;3;4;1;1;13121202;2022-09-26;-2;
1;6;5;45;2;2;12;13;1;6;2001;48;1;3;4;1;1;13121203;2022-09-26;-3;
3;2;4;68;2;2;10;13;1;2;1984;70;1;3;3;1;1;13121206;2022-09-26;-2;
2;3;3;45;2;2;12;13;8;1;2018;65;1;2;3;1;1;13121207;2022-09-26;-20;
1;6;6;55;2;2;10;13;1;6;1987;60;1;4;4;1;1;13121301;2022-09-21;-5;
3;5;6;36;1;1;15;13;2;4;2021;29;1;4;4;1;1;13121302;2022-09-21;7;
1;7;7;49;2;2;8;13;1;6;1997;56;1;3;5;1;1;13121303;2022-09-21;-7;
1;3;4;62;2;2;9;13;1;6;1978;66;2;3;3;1;1;13121306;2022-09-21;-4;
3;4;6;61;1;1;9;13;1;3;1980;60;1;4;4;1;1;13121307;2022-09-21;1;
3;;6;71;2;2;9;13;1;3;1990;69;2;2;1;1;1;13121309;2022-09-21;2;
3;7;6;23;2;2;9;13;2;3;2021;30;1;4;4;1;1;13121402;2022-09-03;-7;
3;5;2;26;2;2;13;13;8;2;2020;25;1;4;3;1;1;13121403;2022-09-03;1;
3;6;6;38;2;2;9;13;8;3;2015;39;1;4;4;1;1;13121406;2022-09-03;-1;
3;5;7;72;1;1;15;13;1;4;1975;73;2;4;4;1;1;13121407;2022-09-03;-1;
1;6;6;62;2;2;10;13;1;6;1979;64;1;3;4;1;1;13121502;2022-09-29;-2;
3;7;7;70;1;1;15;13;1;5;1977;66;2;4;4;1;1;13121503;2022-09-29;4;
1;6;5;48;2;2;13;13;1;6;2000;48;1;2;4;1;1;13121504;2022-09-29;0;
1;7;7;52;2;2;15;13;1;6;2000;59;1;4;5;1;1;13121505;2022-09-29;-7;
2;4;5;56;1;1;15;13;1;3;1995;56;1;3;4;1;1;13121506;2022-09-29;0;
1;4;4;70;2;2;9;13;1;2;1981;88;2;4;4;1;1;13121507;2022-09-29;-18;
3;7;7;27;2;2;14;13;6;1;2019;37;1;5;4;1;1;13121509;2022-09-29;-10;
3;6;5;28;1;1;15;13;2;4;2016;27;1;2;3;1;1;13121803;2022-09-23;1;
3;6;6;84;2;2;15;13;6;3;2003;78;2;4;4;1;1;13121807;2022-09-23;6;
1;6;6;51;2;2;9;13;1;6;1998;52;1;4;4;1;1;13121808;2022-09-23;-1;
2;5;2;30;2;2;13;13;2;4;2016;35;1;3;3;1;1;13121901;2022-07-29;-5;
2;6;6;69;2;2;7;13;7;2;1970;87;2;3;3;1;1;13121903;2022-08-16;-18;
1;3;4;42;2;2;13;13;8;6;2007;41;1;2;4;1;1;13121908;2022-09-09;1;
1;5;6;36;2;2;9;13;1;6;2003;39;1;4;4;1;1;13121909;2022-09-09;-3;
3;6;6;45;2;2;15;13;1;4;2007;48;2;4;5;1;1;13122101;2022-09-12;-3;
1;7;6;44;2;2;12;13;1;6;1999;46;1;4;4;1;1;13122104;2022-09-20;-2;
1;6;6;57;2;2;9;13;1;2;2018;60;1;4;4;1;1;13122109;2022-11-17;-3;
1;7;6;42;2;2;15;13;1;6;2002;58;1;4;5;1;1;13122302;2022-08-09;-16;
2;7;5;39;2;2;9;13;1;6;2003;40;1;5;4;1;1;13122303;2022-08-08;-1;
2;6;6;52;2;2;9;13;1;1;1986;59;1;4;5;1;1;13122307;2022-09-09;-7;
3;7;7;43;1;1;17;13;1;4;2010;43;1;5;5;1;1;13122401;2022-09-22;0;
3;5;6;43;2;2;13;13;1;3;2000;53;1;4;4;1;1;13122403;2022-09-22;-10;
2;5;2;67;2;2;6;13;1;5;1973;67;2;4;4;1;1;13122404;2022-09-22;0;
2;4;6;42;2;2;7;13;8;2;2008;53;1;3;4;1;1;13122408;2022-09-22;-11;
3;6;7;58;2;2;7;13;1;;1987;69;1;4;4;1;1;13122409;2022-09-22;-11;
3;7;6;55;1;1;9;13;2;4;2000;58;1;4;4;1;1;13122601;2022-10-28;-3;
3;7;7;50;2;2;12;13;1;;2002;50;1;5;5;1;1;13122603;2022-10-29;0;
;7;7;45;2;2;9;13;1;;1980;46;1;4;3;1;1;13122604;2022-11-23;-1;
;4;6;57;2;2;7;13;1;;1984;60;2;4;4;1;1;13122607;2022-11-22;-3;
1;5;1;39;2;2;13;13;1;6;2012;36;1;3;4;1;1;13122701;2022-11-15;3;
;7;7;55;1;1;7;13;1;;1997;50;2;3;3;1;1;13122705;2022-11-24;5;
1;5;5;50;2;2;9;13;1;6;1994;55;1;4;4;1;1;13122707;2022-11-15;-5;
3;6;6;92;1;1;6;13;1;2;1963;84;2;3;;1;1;13122708;2022-11-15;8;
3;6;5;28;2;2;13;13;2;4;2016;35;1;3;4;1;1;13122901;2022-11-21;-7;
1;7;7;57;2;2;11;13;1;6;2017;55;1;4;4;1;1;13122902;2022-11-21;2;
3;4;6;67;1;1;7;13;1;4;1976;69;1;3;4;1;1;13122905;2022-11-21;-2;
3;6;7;58;1;1;13;13;2;4;2005;46;1;4;4;1;1;13122907;2022-11-21;12;
1;6;5;43;2;2;13;13;2;6;2008;40;1;4;4;1;1;13122908;2022-11-21;3;
3;4;4;48;2;2;9;13;2;2;2004;51;2;3;3;1;1;13123004;2022-11-17;-3;
3;5;6;66;1;1;7;13;1;4;1980;66;1;3;3;1;1;13123203;2022-11-20;0;
3;4;7;85;1;1;8;13;1;4;1960;84;2;4;4;1;1;13123204;2022-11-20;1;
1;6;7;60;2;2;9;13;2;6;2017;62;1;3;4;1;1;13123301;2022-11-17;-2;
3;7;5;26;2;2;9;13;2;2;2019;39;;5;4;1;1;13123303;2022-11-17;-13;
3;1;6;50;2;2;7;13;1;3;1990;57;2;4;4;1;1;13123304;2022-11-17;-7;
3;4;5;35;2;2;9;13;2;3;2010;35;1;3;3;1;1;13123305;2022-11-17;0;
1;7;5;43;2;2;12;13;1;6;2002;44;1;4;4;1;1;13123307;2022-11-17;-1;
3;6;5;55;2;2;9;13;1;3;1997;67;1;3;4;1;1;13123308;2022-11-17;-12;
3;7;6;24;2;2;15;13;8;4;2020;24;1;4;4;1;1;13123310;2022-11-17;0;
3;5;6;75;1;1;6;13;1;4;1970;74;2;4;4;1;1;13123401;2022-11-16;1;
3;5;6;48;2;2;15;13;2;2;2005;48;1;3;4;1;1;13123402;2022-11-16;0;
;5;4;30;2;2;9;13;1;;2008;32;1;4;3;1;1;13123501;2022-11-16;-2;
3;5;6;71;2;2;7;13;1;;1974;68;1;3;4;1;1;13123502;2022-11-16;3;
3;7;7;52;2;2;13;13;1;;2016;49;1;4;4;1;1;13123504;2022-11-17;3;
;1;4;84;2;2;6;13;1;;1955;90;2;3;3;1;1;13123506;2022-11-17;-6;
;7;4;24;2;2;9;13;8;;2022;31;1;4;3;1;1;13123510;2022-11-18;-7;
1;6;6;58;2;2;9;13;2;6;2019;58;1;4;4;1;1;13123601;2022-11-18;0;
1;7;7;57;2;2;8;13;2;6;2003;62;1;4;4;1;1;13123602;2022-11-18;-5;
3;6;6;35;1;1;15;13;3;4;2016;35;1;4;4;1;1;13123605;2022-11-19;0;
3;7;5;62;1;1;9;13;1;4;1985;59;1;3;3;1;1;13123606;2022-11-18;3;
1;5;6;62;2;2;10;13;1;6;1987;67;2;4;4;1;1;13123609;2022-11-18;-5;
1;7;7;56;2;2;9;13;1;6;1985;55;1;3;4;1;1;13123610;2022-11-19;1;
1;7;5;55;2;2;7;13;2;6;2022;63;1;4;4;1;1;13123704;2022-11-18;-8;
1;1;5;78;2;2;7;13;1;4;1973;75;2;2;2;1;1;13123708;2022-11-18;3;
2;6;5;22;2;2;11;13;2;3;2020;25;1;3;4;1;1;13123801;2022-11-19;-3;
3;5;7;71;2;2;8;13;1;3;1976;81;1;4;5;1;1;13123803;2022-11-19;-10;
3;6;5;68;1;1;9;13;1;4;1990;69;1;4;4;1;1;13123805;2022-11-19;-1;
3;7;5;51;2;2;9;13;1;6;1991;50;1;5;4;1;1;13123806;2022-11-19;1;
1;1;2;39;2;2;15;13;8;6;2012;38;1;3;4;1;1;13123808;2022-11-19;1;
2;7;7;54;2;2;10;13;7;2;2019;60;1;4;4;1;1;13123810;2022-11-19;-6;
3;5;6;66;1;1;14;13;1;4;1983;68;2;4;4;1;1;13124007;2022-11-20;-2;
3;6;6;53;2;2;9;13;1;2;1989;57;1;4;5;1;1;13124008;2022-11-20;-4;
3;7;4;22;1;1;15;13;8;4;2022;28;1;4;4;1;1;13124009;2022-11-20;-6;
3;7;7;36;2;2;15;13;8;2;2009;47;1;4;4;1;1;13124010;2022-11-20;-11;
2;6;6;48;2;2;13;13;1;2;2000;50;1;4;4;1;1;13124104;2022-10-31;-2;
3;5;4;27;1;1;11;13;8;3;2021;28;1;4;4;1;1;13124109;2022-11-15;-1;
;4;4;37;1;1;5;13;8;;2019;38;1;5;3;1;1;13124110;2022-11-15;-1;
3;5;6;71;1;1;8;13;1;3;1979;67;1;4;4;1;1;13124202;2022-12-01;4;
1;7;7;52;2;2;7;13;1;6;1991;52;1;4;4;1;1;13124204;2022-12-01;0;
3;5;6;65;1;1;7;13;1;3;1966;64;2;4;3;1;1;13124206;2022-12-01;1;
1;7;7;48;2;2;9;13;1;2;1996;53;1;3;4;1;1;13124208;2022-12-01;-5;
;7;7;42;1;1;9;13;;5;2014;35;;;4;1;1;13124302;2022-11-22;7;
1;5;5;21;2;2;7;13;2;4;2018;27;1;4;4;1;1;13124405;2022-12-01;-6;
;6;6;36;2;2;7;13;2;;2014;38;1;3;4;1;1;13124501;2022-11-28;-2;
3;7;6;55;2;2;7;13;1;3;1992;64;1;3;4;1;1;13124710;2022-12-01;-9;
1;4;4;45;1;1;12;13;1;1;1997;42;1;2;3;1;1;13124802;2022-08-30;3;
1;7;7;36;2;2;9;13;7;2;2012;46;1;3;5;1;1;13124804;2022-09-09;-10;
3;7;3;27;2;2;11;13;1;3;2018;32;1;4;4;1;1;13125102;2022-08-22;-5;
3;6;6;34;1;1;14;13;2;4;2018;25;1;4;4;1;1;13125104;2022-08-24;9;
1;7;6;34;2;2;11;13;2;6;2015;45;1;4;4;1;1;13125106;2022-08-18;-11;
3;4;6;82;1;1;7;13;1;3;1970;78;2;4;3;1;1;13125701;2022-09-13;4;
3;1;7;81;2;2;6;13;1;1;1963;78;2;3;4;1;1;13125706;2022-09-13;3;
2;7;7;55;2;2;9;13;2;1;2005;56;1;3;4;1;1;13125707;2022-09-27;-1;
2;7;1;31;2;2;7;13;1;1;2012;43;1;3;3;1;1;13125709;2022-09-27;-12;
2;5;5;67;2;2;16;13;1;2;1979;62;1;3;3;1;1;13125801;2022-10-27;5;
1;7;7;60;2;2;7;13;1;6;2009;69;1;1;4;1;1;13125802;2022-10-27;-9;
2;1;7;73;2;2;6;13;1;2;1962;78;2;4;3;1;1;13125803;2022-10-27;-5;
3;1;4;75;2;2;8;13;2;5;1971;75;2;5;3;1;1;13125805;2022-11-03;0;
1;5;5;53;2;2;11;13;2;6;1991;53;2;3;3;1;1;13125806;2022-11-03;0;
3;1;5;39;2;2;9;13;2;3;2015;39;2;3;3;1;1;13125902;2022-10-14;0;
3;7;7;31;2;2;9;13;2;3;2011;31;1;4;4;1;1;13125906;2022-10-17;0;
2;7;5;76;2;2;6;13;1;1;1971;76;;4;4;1;1;13125909;2022-10-20;0;
2;1;7;72;2;2;6;13;1;2;1969;73;2;1;3;1;1;13125910;2022-10-20;-1;
2;7;7;34;2;2;15;13;1;4;2010;35;1;5;5;1;1;13126007;2022-10-29;-1;
2;6;6;47;1;1;13;13;1;3;2010;46;1;4;4;1;1;13126010;2022-10-30;1;
3;7;7;41;1;2;13;13;2;3;2020;39;1;5;5;1;1;13126201;2022-10-30;2;
2;4;2;55;2;2;7;13;2;2;2011;51;1;3;3;1;1;13126601;2022-11-24;4;
3;;5;75;1;1;7;13;1;1;1980;81;;4;;1;1;13127109;2022-11-24;-6;
3;5;5;55;1;1;9;13;1;4;1998;45;1;3;3;1;1;13127204;2022-11-23;10;
3;7;6;35;1;1;15;13;1;3;2012;36;;4;5;1;1;13127206;2022-11-23;-1;
3;;;65;2;2;9;13;1;2;1968;79;;4;3;1;1;13127208;2022-11-23;-14;
2;5;6;30;2;2;11;13;1;2;2010;35;2;4;4;1;1;13127301;2022-11-23;-5;
1;2;7;52;2;2;10;13;1;6;1989;55;2;2;4;1;1;13127302;2022-11-23;-3;
3;5;6;72;1;1;15;13;1;4;1985;73;2;3;4;1;1;13127305;2022-11-24;-1;
1;7;5;34;2;2;9;13;8;6;2018;42;1;3;3;1;1;13127306;2022-11-23;-8;
2;7;6;55;1;1;9;13;1;3;2018;55;1;5;5;1;1;13127308;2022-11-23;0;
2;5;6;64;2;2;9;13;1;2;1975;65;1;4;4;1;1;13127310;2022-11-24;-1;
3;6;6;45;2;2;13;13;1;3;2017;48;1;4;4;1;1;13127702;2022-12-01;-3;
3;6;5;25;2;2;13;13;8;3;2020;26;1;4;4;1;1;13127706;2022-12-01;-1;
3;7;6;48;2;2;9;13;2;3;2020;53;1;4;4;1;1;13127710;2022-12-01;-5;
3;6;7;32;2;2;12;13;2;3;2018;36;1;4;4;1;1;13127801;2022-11-30;-4;
2;7;6;37;2;2;12;13;1;2;2010;38;1;4;4;1;1;13127802;2022-11-30;-1;
3;7;7;53;1;1;13;13;1;4;2013;28;1;4;4;1;1;13127804;2022-11-30;25;
3;7;7;58;2;2;11;13;8;3;1989;60;1;4;4;1;1;13127806;2022-11-30;-2;
3;7;7;52;1;1;9;13;8;3;2017;31;1;4;4;1;1;13127807;2022-11-30;21;
3;;5;80;1;1;8;13;1;3;1969;82;1;4;3;1;1;13127808;2022-11-30;-2;
3;6;6;32;2;2;9;13;1;3;2012;34;1;4;4;1;1;13127810;2022-11-30;-2;
1;7;5;71;2;2;7;13;3;4;2001;72;2;5;5;1;1;13127901;2022-11-30;-1;
3;6;4;51;2;2;9;13;1;6;1990;50;1;4;3;1;1;13127905;2022-11-30;1;
3;5;5;49;2;2;15;13;1;3;2002;56;1;4;3;1;1;13128001;2022-11-30;-7;
3;;6;71;2;2;13;13;7;3;1998;82;2;4;4;1;1;13128004;2022-11-30;-11;
3;7;5;52;2;2;15;13;8;4;2020;49;1;4;4;1;1;13128006;2022-11-30;3;
3;5;5;57;2;2;15;13;1;3;2002;57;2;5;4;1;1;13128103;2022-11-30;0;
2;5;5;41;1;1;15;13;1;3;2001;41;2;5;5;1;1;13128104;2022-11-30;0;
3;5;5;75;2;2;8;13;1;3;1967;75;2;4;5;1;1;13128105;2022-11-30;0;
3;6;6;42;2;2;13;13;1;3;2002;41;1;5;4;1;1;13128201;2022-11-29;1;
3;4;5;71;2;2;9;13;1;3;1993;72;2;4;4;1;1;13128202;2022-11-29;-1;
3;5;6;60;2;2;14;13;1;3;1999;70;2;4;4;1;1;13128204;2022-11-29;-10;
3;4;4;43;1;1;7;13;2;;2022;36;2;3;3;1;1;13128205;2022-11-29;7;
3;5;4;64;1;1;9;13;1;3;1980;64;2;3;4;1;1;13128206;2022-11-29;0;
1;5;5;56;2;2;15;13;1;6;2000;58;1;4;5;1;1;13128301;2022-11-29;-2;
2;6;5;32;2;2;15;13;5;4;2000;33;2;;4;1;1;13128303;2022-11-29;-1;
1;5;6;38;2;2;9;13;1;4;2000;40;1;4;4;1;1;13128304;2022-11-29;-2;
1;5;5;62;2;2;7;13;1;6;1981;60;1;5;3;1;1;13128305;2022-11-29;2;
3;7;5;24;2;2;13;13;8;6;2021;25;1;4;5;1;1;13128306;2022-11-29;-1;
2;6;5;70;2;2;9;13;1;6;1980;70;1;5;5;1;1;13128309;2022-11-29;0;
2;4;4;28;2;2;13;13;2;3;2012;30;1;3;4;1;1;13128401;2022-08-14;-2;
2;4;4;26;2;4;14;13;3;3;2019;30;1;3;3;1;1;13128408;2022-08-21;-4;
2;4;5;39;1;1;15;13;1;4;2016;37;1;3;3;1;1;13128501;2022-08-17;2;
2;3;4;30;1;1;13;13;2;3;2019;29;1;3;3;1;1;13128504;2022-08-17;1;
2;5;5;41;1;1;15;13;2;3;2016;36;1;4;4;1;1;13128508;2022-08-18;5;
2;4;5;40;2;2;15;13;1;3;2001;44;2;3;3;1;1;13128601;2022-08-16;-4;
2;2;4;34;2;2;13;13;1;3;2019;32;2;3;3;1;1;13128610;2022-08-18;2;
2;4;4;44;1;1;12;13;2;4;2016;36;1;3;3;1;1;13128706;2022-08-19;8;
2;4;4;55;2;2;8;13;1;2;2015;55;1;3;3;1;1;13128801;2022-08-22;0;
2;4;4;33;1;1;13;13;2;4;2011;30;1;4;4;1;1;13128809;2022-08-23;3;
2;4;4;42;1;1;15;13;1;2;2002;40;1;3;3;1;1;13128901;2022-08-24;2;
3;5;4;34;1;1;13;13;2;3;2010;34;1;4;5;1;1;13128905;2022-12-01;0;
3;4;5;50;2;2;13;13;1;3;1999;50;1;5;4;1;1;13128907;2022-12-01;0;
3;4;4;36;1;1;14;13;2;4;2015;32;1;3;4;1;1;13129101;2022-08-09;4;
3;4;4;70;1;1;8;13;1;4;2003;69;2;3;3;1;1;13129103;2022-08-09;1;
3;4;4;39;2;2;15;13;1;3;2016;40;1;3;4;1;1;13129106;2022-08-09;-1;
2;4;4;33;1;5;13;13;2;3;2020;35;1;4;4;1;1;13129107;2022-08-09;-2;
2;5;5;54;2;2;15;13;1;2;2014;58;1;5;5;1;1;13129201;2022-08-10;-4;
3;4;4;42;2;2;15;13;1;2;2020;40;1;3;4;1;1;13129202;2022-08-10;2;
2;4;4;35;1;1;15;13;1;3;2017;32;1;3;3;1;1;13129208;2022-08-10;3;
2;5;5;56;2;2;8;13;1;2;2017;54;1;3;3;1;1;13129301;2022-08-11;2;
2;4;3;36;2;2;11;13;3;3;2020;41;1;3;4;1;1;13129303;2022-08-11;-5;
3;4;4;29;1;1;13;13;2;4;2021;26;1;4;4;1;1;13129307;2022-08-11;3;
2;4;4;39;1;1;10;13;1;3;2015;38;2;3;3;1;1;13129401;2022-08-12;1;
1;4;3;44;2;2;11;13;2;4;2003;46;1;3;3;1;1;13129404;2022-08-12;-2;
2;4;4;28;2;3;13;13;2;3;2020;28;1;3;4;1;1;13129501;2022-08-13;0;
3;4;4;38;1;1;14;13;1;4;2017;40;1;3;3;1;1;13129502;2022-08-13;-2;
1;6;7;66;2;2;15;13;1;1;1982;67;2;4;4;1;1;13129801;2022-10-04;-1;
2;7;7;72;2;2;15;13;1;3;1974;73;2;3;5;1;1;13129802;2022-10-04;-1;
1;7;7;66;2;2;15;13;1;6;1978;69;1;5;5;1;1;13129803;2022-10-04;-3;
3;6;6;44;2;2;15;13;1;3;2008;48;1;4;4;1;1;13130501;2022-11-29;-4;
3;7;7;30;2;2;9;13;2;3;2020;30;1;4;4;1;1;13130801;2022-12-01;0;
2;6;6;48;2;2;9;13;1;2;1993;50;1;4;4;1;1;13130803;2022-12-01;-2;
3;6;6;60;2;2;8;13;1;2;1980;60;2;4;3;1;1;13130901;2022-11-29;0;
2;7;6;36;2;2;11;13;1;2;2015;30;1;4;5;1;1;13130903;2022-11-29;6;
3;6;5;61;2;2;7;13;1;3;1979;64;1;4;3;1;1;13130905;2022-11-29;-3;
3;7;6;30;1;1;15;13;1;3;2010;30;1;4;5;1;1;13130906;2022-11-29;0;
1;6;6;63;2;2;11;13;1;2;1982;64;1;4;4;1;1;13130907;2022-11-29;-1;
3;5;6;75;2;2;7;13;1;2;1968;74;1;4;4;1;1;13130908;2022-11-29;1;
3;6;6;26;2;2;13;13;2;3;2018;31;1;4;4;1;1;13130909;2022-11-29;-5;
3;6;7;80;1;1;8;13;1;4;1966;78;1;5;4;1;1;13131005;2022-08-21;2;
3;5;6;47;1;1;15;13;1;4;2010;45;1;4;4;1;1;13131006;2022-08-21;2;
3;7;7;25;1;1;12;13;2;3;2018;25;1;4;4;1;1;13131102;2022-12-01;0;
2;6;6;52;2;2;7;13;2;2;1980;72;1;4;4;1;1;13131103;2022-12-01;-20;
3;6;6;70;1;1;7;13;1;4;1970;65;1;4;3;1;1;13131107;2022-12-01;5;
3;6;6;35;2;2;9;13;2;3;2018;30;1;4;4;1;1;13131109;2022-12-01;5;
3;6;5;29;1;1;14;13;2;3;2010;29;1;5;4;1;1;13131303;2022-12-01;0;
3;5;4;72;1;1;13;13;1;3;1993;72;2;4;3;1;1;13131304;2022-12-01;0;
3;5;5;54;2;2;13;13;1;3;2002;54;2;5;4;1;1;13131305;2022-12-01;0;
3;6;5;39;2;2;9;13;2;3;2012;25;1;5;4;1;1;13131309;2022-12-01;14;
1;6;5;55;2;2;15;13;1;1;2000;55;1;5;5;1;1;13131803;2022-11-26;0;
1;6;6;28;2;2;16;13;8;4;2018;28;1;5;5;1;1;13131804;2022-11-26;0;
3;6;6;45;1;1;13;13;6;4;2008;33;1;4;4;1;1;13131810;2022-11-25;12;
3;7;6;26;2;2;9;13;2;3;2019;28;1;4;4;1;1;13131901;2022-11-26;-2;
3;6;7;42;2;2;9;13;1;2;2007;50;1;4;4;1;1;13131903;2022-11-26;-8;
2;6;6;65;2;2;7;13;1;2;1980;72;1;4;4;1;1;13131904;2022-11-26;-7;
2;7;6;53;2;2;11;13;1;2;1991;52;1;4;5;1;1;13131905;2022-11-26;1;
2;3;6;70;2;2;8;13;1;2;1980;74;2;4;4;1;1;13131908;2022-11-26;-4;
3;6;5;32;2;1;15;13;2;3;2017;35;1;4;4;1;1;13132003;2022-11-26;-3;
3;6;5;39;1;1;9;13;1;3;2012;38;1;4;4;1;1;13132004;2022-11-26;1;
3;7;7;33;1;1;9;13;1;4;2016;37;1;4;5;1;1;13132006;2022-11-26;-4;
3;6;6;27;2;2;13;13;2;2;2016;32;1;4;4;1;1;13132009;2022-11-26;-5;
3;4;4;52;2;2;9;13;1;3;1998;52;1;4;4;1;1;13132103;2022-11-25;0;
3;3;4;71;2;2;9;13;1;3;1974;73;2;4;4;1;1;13132106;2022-11-25;-2;
3;2;4;81;1;1;7;13;1;3;1979;78;2;3;4;1;1;13132108;2022-11-25;3;
3;5;5;71;2;2;13;13;2;3;2000;57;2;5;4;1;1;13132209;2022-11-24;14;
3;3;5;74;2;2;9;13;1;3;1993;77;2;4;4;1;1;13132210;2022-11-24;-3;
3;6;6;30;2;2;13;13;2;3;2018;32;1;5;4;1;1;13132301;2022-11-25;-2;
3;6;6;52;2;2;11;13;2;3;2019;51;1;4;4;1;1;13132305;2022-11-25;1;
3;5;7;68;2;2;11;13;1;3;1976;68;1;4;4;1;1;13132307;2022-11-25;0;
3;7;7;59;1;1;15;13;1;4;1984;57;1;4;4;1;1;13132308;2022-11-25;2;
2;6;4;46;2;2;15;13;1;4;2010;55;1;4;4;1;1;13132502;2022-11-25;-9;
2;6;6;35;2;2;15;13;1;3;2006;55;1;4;4;1;1;13132503;2022-11-25;-20;
1;5;5;62;2;2;7;13;1;6;1986;70;;3;3;1;1;13132504;2022-11-25;-8;
3;5;5;29;2;2;13;13;2;3;2018;32;1;3;3;1;1;13132508;2022-11-25;-3;
1;5;5;40;2;2;11;13;1;2;2005;44;1;3;3;1;1;13132510;2022-11-25;-4;
1;5;6;55;2;2;11;13;1;4;1985;55;2;;4;1;1;13132601;2022-11-10;0;
1;6;5;30;2;2;9;13;2;4;2018;30;2;5;4;1;1;13132606;2022-11-10;0;
1;6;6;52;2;2;7;13;1;2;1999;53;1;;3;1;1;13132607;2022-11-10;-1;
1;7;5;40;2;2;9;13;1;5;2008;46;1;4;4;1;1;13132804;2022-09-10;-6;
3;6;6;47;2;2;11;13;1;4;1996;51;1;3;4;1;1;13132805;2022-09-10;-4;
3;7;7;72;1;1;8;13;7;1;2010;50;1;4;4;1;1;13132901;2022-11-08;22;
3;5;5;75;1;1;9;13;1;4;1990;54;2;4;3;1;1;13132907;2022-11-08;21;
3;7;7;56;2;2;12;13;8;2;1994;46;1;4;4;1;1;13132908;2022-11-08;10;
3;6;7;52;2;2;9;13;1;3;1985;57;1;4;4;1;1;13132910;2022-11-09;-5;
1;6;5;27;2;2;7;13;5;5;2014;37;2;;;1;1;13133001;2022-11-09;-10;
2;3;3;35;2;2;9;13;2;3;2018;41;2;;3;1;1;13133003;2022-11-09;-6;
1;5;4;42;2;2;9;13;1;4;1996;42;1;;5;1;1;13133004;2022-11-09;0;
1;;4;68;2;2;6;13;1;3;1985;73;2;4;3;1;1;13133005;2022-11-09;-5;
1;5;5;52;2;2;9;13;1;3;1988;58;2;;5;1;1;13133007;2022-11-09;-6;
1;5;4;48;2;2;8;13;1;1;1994;53;2;4;4;1;1;13133009;2022-11-09;-5;
3;5;5;45;1;1;7;13;2;3;2016;32;1;5;4;1;1;13133102;2022-11-10;13;
2;6;5;50;1;1;9;13;1;3;1987;50;1;5;4;1;1;13133103;2022-11-10;0;
3;4;4;62;1;1;7;13;1;3;1975;61;2;2;4;1;1;13133104;2022-11-10;1;
3;3;4;62;1;1;8;13;1;3;1984;57;2;2;4;1;1;13133105;2022-11-10;5;
3;4;4;66;1;1;7;13;2;3;1986;60;2;2;4;1;1;13133106;2022-11-10;6;
3;6;6;37;2;2;15;13;1;3;2010;35;1;5;4;1;1;13133110;2022-11-10;2;
2;4;4;84;2;2;1;13;1;3;2000;84;2;2;3;1;1;13133202;2022-11-08;0;
3;5;4;30;2;2;7;13;2;6;2011;45;1;5;4;1;1;13133205;2022-11-08;-15;
3;1;5;56;2;2;9;13;1;6;1990;56;1;3;4;1;1;13133206;2022-11-09;0;
2;4;5;58;1;1;7;13;1;4;1983;59;2;3;4;1;1;13133208;2022-10-07;-1;
3;6;6;25;2;2;9;13;8;2;2015;33;1;4;4;1;1;13133307;2022-11-10;-8;
3;6;7;52;2;2;9;13;1;2;1989;54;1;5;4;1;1;13133309;2022-11-10;-2;
1;6;6;52;2;2;9;13;1;2;1990;52;1;4;4;1;1;13133501;2022-11-09;0;
3;7;7;50;1;1;10;13;1;4;1990;99;1;4;4;1;1;13133503;2022-11-09;-49;
2;7;7;35;2;2;9;13;8;2;2017;36;1;4;4;1;1;13133507;2022-11-09;-1;
3;5;6;61;2;2;9;13;1;3;1972;62;2;4;4;1;1;13133508;2022-11-09;-1;
3;6;6;23;2;2;9;13;8;3;2014;27;1;4;4;1;1;13133510;2022-11-09;-4;
2;4;5;71;2;2;7;13;1;3;1966;76;2;3;4;1;1;13133804;2022-11-09;-5;
1;5;6;61;2;2;15;13;1;1;1986;61;1;3;4;1;1;13133901;2022-10-01;0;
2;4;5;44;2;2;16;13;2;3;2018;47;1;4;4;1;1;13133903;2022-10-29;-3;
3;5;5;35;2;2;9;13;2;3;2021;40;;4;3;1;1;13133909;2022-11-13;-5;
3;4;5;64;1;1;7;13;1;2;1978;62;;3;3;1;1;13134005;2022-10-15;2;
3;7;7;30;2;2;9;13;8;1;2022;22;1;3;4;1;1;13134009;2022-10-15;8;
2;7;7;54;2;2;7;13;1;2;1996;62;1;4;4;1;1;13134010;2022-10-16;-8;
3;5;5;27;2;2;13;13;2;3;2022;26;1;3;3;1;1;13134103;2022-10-13;1;
3;7;7;51;2;2;9;13;1;6;1990;50;;3;4;1;1;13134104;2022-10-13;1;
1;4;5;35;2;2;7;13;2;2;2018;33;2;3;5;1;1;13134106;2022-10-13;2;
1;7;6;56;2;2;9;13;1;6;2000;57;1;4;3;1;1;13134107;2022-10-13;-1;
3;7;6;21;2;2;9;13;8;2;2022;22;1;4;4;1;1;13134109;2022-10-13;-1;
3;4;5;26;2;2;13;13;2;3;2020;26;1;4;3;1;1;13134207;2022-11-30;0;
3;3;3;33;2;2;13;13;1;4;2019;40;1;4;4;1;1;13134209;2022-12-01;-7;
2;6;5;30;1;1;8;13;1;3;2015;30;1;4;4;1;1;13134302;2022-11-16;0;
3;6;6;30;1;1;9;13;2;5;2014;26;1;;3;1;1;13134403;2022-11-14;4;
3;5;5;28;1;1;11;13;1;3;2019;28;;4;4;1;1;13134404;2022-11-14;0;
1;5;5;55;2;2;7;13;1;3;1986;55;;2;3;1;1;13134501;2022-12-01;0;
3;4;4;42;1;1;9;13;1;2;2005;32;1;4;4;1;1;13134510;2022-11-10;10;
3;7;7;47;1;1;15;13;1;2;2000;45;;4;4;1;1;13134605;2022-10-09;2;
2;2;3;71;1;1;6;13;1;2;1971;69;2;2;2;1;1;13134702;2022-09-07;2;
3;7;7;24;2;2;12;13;2;2;2022;30;1;5;5;1;1;13134703;2022-09-07;-6;
3;4;5;75;1;1;8;13;1;3;1973;75;2;3;3;1;1;13134707;2022-10-13;0;
3;7;6;22;1;1;14;13;2;4;2021;22;1;4;4;1;1;13134802;2022-09-06;0;
3;4;4;74;1;1;9;13;1;4;1969;71;1;2;3;1;1;13134803;2022-09-06;3;
3;7;5;75;1;1;15;13;1;3;1984;57;2;3;4;1;1;13134903;2022-10-09;18;
1;6;5;56;1;1;9;13;1;5;1990;58;1;4;4;1;1;13134904;2022-10-09;-2;
3;1;2;78;2;2;9;13;1;3;1975;78;2;2;2;1;1;13134905;2022-10-09;0;
3;6;6;68;2;2;9;13;1;3;1975;68;1;4;4;1;1;13134907;2022-11-22;0;
3;7;6;73;2;2;15;13;1;3;1972;78;1;5;3;1;1;13134908;2022-11-22;-5;
3;6;6;83;1;1;14;13;1;5;1964;82;1;4;4;1;1;13135001;2022-10-04;1;
3;6;6;37;2;2;9;13;2;2;2019;40;1;4;4;1;1;13135006;2022-11-22;-3;
3;2;4;41;2;2;11;13;2;2;2019;41;1;3;3;1;1;13135101;2022-09-28;0;
2;7;5;55;2;2;9;13;1;4;1986;55;1;3;3;1;1;13135102;2022-09-28;0;
3;7;4;22;2;2;9;13;2;4;2019;99;1;4;3;1;1;13135103;2022-09-28;-77;
1;6;7;33;2;2;12;13;2;5;2018;54;1;4;4;1;1;13135104;2022-09-28;-21;
2;7;7;49;2;2;14;13;1;2;2007;49;1;5;5;1;1;13135203;2022-10-28;0;
3;5;5;66;2;2;9;13;1;3;1982;61;2;3;5;1;1;13135206;2022-11-12;5;
1;5;4;54;2;2;9;13;1;1;1986;54;1;4;4;1;1;13135208;2022-11-13;0;
1;5;5;47;2;2;9;13;1;6;1993;54;1;4;4;1;1;13135209;2022-11-13;-7;
1;6;5;24;2;2;9;13;8;6;2016;24;1;5;5;1;1;13135302;2022-11-16;0;
1;5;5;47;2;2;9;13;1;6;1993;47;1;5;5;1;1;13135305;2022-11-16;0;
1;5;5;36;2;2;8;13;2;6;2003;38;1;3;3;1;1;13135405;2022-11-12;-2;
2;4;4;42;2;2;9;13;5;4;2015;53;1;4;4;1;1;13135408;2022-11-12;-11;
3;5;5;82;1;1;8;13;1;3;1982;83;2;4;4;1;1;13135506;2022-08-23;-1;
1;5;7;59;2;2;7;13;1;6;1982;59;1;3;3;1;1;13135601;2022-11-28;0;
2;6;6;53;2;2;11;13;8;3;1987;53;1;4;4;1;1;13135605;2022-11-29;0;
1;;5;73;1;1;8;13;1;3;1975;68;2;5;3;1;1;13135701;2022-11-14;5;
2;6;6;35;2;2;7;13;2;4;2009;48;1;4;4;1;1;13135703;2022-11-14;-13;
1;5;5;26;2;2;12;13;2;1;2019;27;1;4;4;1;1;13135704;2022-11-14;-1;
3;6;4;32;1;1;14;13;2;1;2017;29;1;3;5;1;1;13135706;2022-11-14;3;
3;7;7;49;1;1;11;13;8;4;1987;51;1;4;4;1;1;13135803;2022-11-28;-2;
3;7;6;34;2;2;15;13;1;5;2008;39;1;5;5;1;1;13135902;2022-11-25;-5;
2;1;7;70;2;2;6;13;1;2;1975;82;2;3;4;1;1;13135903;2022-11-30;-12;
1;7;7;46;1;1;15;13;1;5;2001;50;1;;4;1;1;13136001;2022-11-06;-4;
3;5;6;34;1;2;9;13;1;5;2003;35;1;3;5;1;1;13136003;2022-11-06;-1;
3;4;5;52;1;1;5;13;2;3;1993;50;1;3;3;1;1;13136007;2022-11-04;2;
2;6;6;53;2;2;9;13;2;3;2010;61;1;5;4;1;1;13136010;2022-11-04;-8;
2;6;7;39;2;2;11;13;1;3;2004;50;1;4;4;1;1;13136102;2022-11-14;-11;
2;1;6;70;2;2;9;13;2;2;1986;71;2;4;4;1;1;13136104;2022-11-14;-1;
3;5;5;33;1;1;11;13;1;3;2005;33;1;4;4;1;1;13136201;2022-11-12;0;
3;5;5;66;2;2;9;13;1;3;1993;66;2;3;4;1;1;13136203;2022-11-12;0;
3;1;4;66;2;2;14;13;1;3;1978;67;2;3;4;1;1;13136205;2022-11-12;-1;
3;6;6;31;2;2;9;13;2;3;2019;35;1;4;5;1;1;13136207;2022-11-14;-4;
3;6;4;43;2;2;12;13;1;3;1999;43;1;2;4;1;1;13136210;2022-11-12;0;
3;5;6;72;1;1;13;13;2;3;1990;74;1;4;4;1;1;13136303;2022-08-26;-2;
3;5;7;41;1;1;15;13;8;5;2018;38;1;5;4;1;1;13136305;2022-08-28;3;
3;6;6;72;1;1;8;13;1;3;1973;75;1;4;4;1;1;13136401;2022-08-29;-3;
1;7;7;52;2;2;11;13;1;1;1996;50;1;4;5;1;1;13136402;2022-08-29;2;
1;7;6;47;2;2;9;13;1;2;2003;43;1;4;4;1;1;13136601;2022-08-28;4;
3;1;6;55;2;2;7;13;1;;1988;60;2;3;4;1;1;13136603;2022-08-28;-5;
2;7;6;23;2;2;9;13;2;1;2018;25;1;5;4;1;1;13136604;2022-08-29;-2;
3;7;7;66;1;1;11;13;1;4;1978;61;1;4;4;1;1;13136605;2022-08-29;5;
3;7;7;69;1;1;13;13;1;4;1978;64;1;4;4;1;1;13136609;2022-11-11;5;
3;7;6;18;1;1;9;13;2;6;2021;18;1;4;4;1;1;13136701;2022-08-25;0;
3;4;3;74;1;1;7;13;1;4;1971;70;1;3;4;1;1;13136704;2022-08-26;4;
3;1;7;79;1;1;6;13;1;2;1968;77;2;4;4;1;1;13136705;2022-08-26;2;
3;5;6;32;1;1;9;13;2;3;2019;31;1;4;4;1;1;13136708;2022-11-10;1;
1;6;5;44;2;2;13;13;1;2;2001;52;1;3;3;1;1;13136709;2022-11-10;-8;
1;7;7;35;2;2;11;13;8;1;2010;37;1;5;5;1;1;13136710;2022-11-10;-2;
1;5;4;52;2;2;7;13;1;6;1992;56;1;3;3;1;1;13136803;2022-11-02;-4;
1;3;2;75;2;2;6;13;1;6;1987;73;1;4;4;1;1;13136908;2022-11-08;2;
2;5;5;30;2;2;14;13;1;1;2015;35;1;4;4;1;1;13137001;2022-11-08;-5;
1;5;3;72;2;2;6;13;1;1;1985;67;1;4;4;1;1;13137008;2022-11-09;5;
1;5;5;40;2;2;7;13;1;2;2012;46;1;;5;1;1;13137009;2022-10-30;-6;
3;7;6;25;2;2;9;13;8;2;2019;26;1;5;5;1;1;13137010;2022-10-30;-1;
3;4;6;67;1;1;7;13;1;4;1970;65;1;3;2;1;1;13137804;2022-10-19;2;
3;6;6;45;1;1;9;13;1;3;2020;46;1;4;4;1;1;13137806;2022-10-19;-1;
3;6;6;54;1;1;9;13;1;3;1999;56;1;4;4;1;1;13137807;2022-10-19;-2;
3;6;6;58;1;1;9;13;1;3;2001;58;1;4;3;1;1;13137808;2022-10-19;0;
3;6;6;54;2;2;9;13;1;3;2019;56;1;4;4;1;1;13137809;2022-10-19;-2;
3;6;6;41;2;2;10;13;1;3;2001;45;1;4;4;1;1;13137810;2022-10-19;-4;
2;4;4;28;2;2;8;13;8;3;2021;32;1;4;4;1;1;13137902;2022-09-27;-4;
3;6;6;56;2;2;9;13;1;2;1990;58;1;4;4;1;1;13137904;2022-09-26;-2;
1;4;5;32;2;2;15;13;1;5;2017;37;1;4;4;1;1;13137907;2022-10-29;-5;
1;6;6;48;1;1;9;13;1;4;2016;39;1;4;4;1;1;13137909;2022-10-29;9;
3;4;4;47;2;2;10;13;6;4;2021;52;2;4;4;1;1;13138002;2022-09-30;-5;
2;5;5;36;2;2;9;13;4;3;2019;38;1;4;3;1;1;13138009;2022-09-30;-2;
1;6;6;60;1;1;6;13;1;2;1987;57;2;4;4;1;1;13138201;2022-11-18;3;
3;5;5;21;1;1;9;13;8;3;2021;20;1;4;4;1;1;13138205;2022-11-18;1;
3;6;6;45;2;2;9;13;2;3;2000;50;1;4;4;1;1;13138207;2022-11-18;-5;
3;6;6;50;1;1;9;13;1;2;1980;54;1;4;4;1;1;13138301;2022-11-29;-4;
1;6;7;62;2;2;7;13;1;1;1966;65;2;4;4;1;1;13138305;2022-11-29;-3;
3;7;6;40;2;2;9;13;2;3;2015;41;1;5;4;1;1;13138307;2022-11-29;-1;
3;6;5;27;2;2;9;13;8;3;2019;26;1;4;4;1;1;13138310;2022-10-31;1;
3;3;6;55;1;1;9;13;5;1;2021;50;1;4;4;1;1;13138401;2022-11-29;5;
1;7;7;38;2;2;11;13;1;1;2018;38;2;5;5;1;1;13138402;2022-11-29;0;
1;7;4;22;2;2;9;13;8;1;2019;21;1;4;4;1;1;13138501;2022-10-04;1;
2;5;6;47;2;2;9;13;1;2;1995;57;1;4;4;1;1;13138502;2022-10-13;-10;
3;6;5;37;2;2;9;13;2;3;2019;42;2;4;3;1;1;13138505;2022-10-03;-5;
3;5;6;41;2;2;14;13;4;3;1989;57;1;4;4;1;1;13138507;2022-10-25;-16;
3;6;7;41;2;2;12;13;8;2;2011;42;1;3;4;1;1;13138601;2022-09-26;-1;
1;6;5;68;2;2;7;13;7;2;2012;62;1;3;4;1;1;13138606;2022-09-26;6;
3;6;5;52;1;1;9;13;8;4;2017;44;2;4;4;1;1;13138607;2022-09-26;8;
3;5;6;36;2;2;9;13;1;3;2020;20;1;3;3;1;1;13138608;2022-10-12;16;
1;6;7;30;2;2;8;13;1;4;2017;30;1;4;4;1;1;13138610;2022-10-25;0;
3;5;6;35;2;2;9;13;8;2;1995;37;1;4;4;1;1;13138701;2022-09-30;-2;
2;5;5;47;2;2;7;13;1;3;1990;48;2;3;4;1;1;13138702;2022-09-30;-1;
3;5;7;55;2;2;8;13;1;3;1985;57;2;4;4;1;1;13138704;2022-10-03;-2;
2;7;7;45;2;2;10;13;1;4;1985;48;1;4;4;1;1;13138706;2022-10-03;-3;
2;3;4;31;2;2;9;13;8;3;2021;35;2;4;4;1;1;13138708;2022-10-03;-4;
3;6;4;61;2;2;11;13;7;3;2011;63;1;4;4;1;1;13138709;2022-10-03;-2;
3;6;6;38;1;1;9;13;8;3;2021;36;1;4;4;1;1;13138810;2022-11-18;2;
3;6;6;47;1;1;9;13;1;3;2012;39;1;4;4;1;1;13138902;2022-11-30;8;
3;6;5;50;1;1;9;13;1;3;1999;49;1;5;4;1;1;13138907;2022-11-30;1;
3;6;5;46;1;1;9;13;1;3;2015;45;1;5;5;1;1;13138909;2022-11-30;1;
3;7;6;49;2;2;12;13;1;3;2015;50;1;5;4;1;1;13138910;2022-11-30;-1;
3;5;5;35;2;2;9;13;1;3;2015;40;1;5;4;1;1;13139006;2022-11-29;-5;
1;5;1;61;2;2;7;13;5;4;1998;58;1;2;2;1;1;13139105;2022-09-26;3;
3;4;4;41;1;1;7;13;2;2;2000;99;1;3;4;1;1;13139107;2022-09-26;-58;
2;4;4;42;2;2;9;13;1;3;2020;42;1;4;4;1;1;13139108;2022-09-26;0;
1;3;3;62;2;2;7;13;7;4;1997;63;1;4;4;1;1;13139110;2022-09-26;-1;
3;2;6;65;2;2;9;13;1;3;1982;68;1;4;4;1;1;13139204;2022-11-30;-3;
3;6;5;35;2;2;9;13;2;3;2015;33;1;5;4;1;1;13139206;2022-11-30;2;
3;6;5;28;2;2;9;13;8;3;2019;29;1;5;5;1;1;13139208;2022-11-30;-1;
3;6;5;29;1;1;9;13;1;3;2010;26;1;5;4;1;1;13139209;2022-11-30;3;
2;6;4;54;1;1;8;13;1;2;1992;51;2;4;4;1;1;13139406;2022-10-13;3;
2;7;7;45;1;1;9;13;1;3;1987;44;2;4;4;1;1;13139408;2022-10-12;1;
3;7;5;49;1;1;9;13;1;4;1980;47;2;4;3;1;1;13139409;2022-10-14;2;
3;7;5;41;2;2;9;13;1;3;2020;45;1;4;4;1;1;13139602;2022-11-23;-4;
2;6;4;62;1;1;10;13;1;6;1980;60;1;4;4;1;1;13139705;2022-11-17;2;
3;6;5;59;1;1;9;13;8;3;1985;62;1;4;3;1;1;13139707;2022-11-17;-3;
3;6;4;37;2;2;11;13;8;2;2013;38;1;4;4;1;1;13139708;2022-11-17;-1;
3;6;5;50;1;1;9;13;1;3;2010;49;1;5;4;1;1;13140004;2022-11-24;1;
3;5;5;33;1;1;9;13;1;3;2015;23;1;5;4;1;1;13140005;2022-11-24;10;
3;7;5;28;1;1;9;13;3;3;2014;21;1;5;5;1;1;13140006;2022-11-24;7;
3;6;5;31;2;2;9;13;2;3;2019;33;1;5;4;1;1;13140009;2022-11-24;-2;
3;6;6;29;2;2;9;13;2;3;2019;33;1;5;4;1;1;13140010;2022-11-24;-4;
2;2;4;65;1;1;9;13;1;2;2019;58;1;4;4;1;1;13140101;2022-10-12;7;
3;5;5;42;2;2;12;13;1;3;2010;45;1;4;4;1;1;13140105;2022-10-12;-3;
2;5;5;40;2;2;9;13;1;2;2021;42;1;4;4;1;1;13140108;2022-10-13;-2;
3;6;6;36;2;2;9;13;1;4;2000;38;1;4;4;1;1;13140204;2022-10-28;-2;
3;5;5;32;2;2;9;13;8;4;2013;33;1;4;4;1;1;13140205;2022-09-05;-1;
3;5;7;77;1;1;15;13;1;4;1968;76;1;4;3;1;1;13140301;2022-10-11;1;
3;6;6;48;2;2;9;13;1;2;2010;50;1;4;4;1;1;13140309;2022-10-11;-2;
3;6;5;40;1;1;9;13;1;3;2014;39;1;4;3;1;1;13140401;2022-08-10;1;
3;7;7;62;1;1;14;13;1;;2008;62;1;4;5;1;1;13140403;2022-08-10;0;
2;2;6;78;2;2;7;13;1;2;1967;80;2;3;4;1;1;13140404;2022-08-10;-2;
3;7;6;44;2;2;14;13;2;2;2009;18;1;5;4;1;1;13140406;2022-08-10;26;
1;5;4;22;2;2;7;13;2;2;2016;35;1;3;3;1;1;13140407;2022-08-10;-13;
3;6;6;50;1;1;9;13;1;4;1990;40;1;4;4;1;1;13140503;2022-10-27;10;
3;6;6;39;1;1;12;13;1;1;2019;38;1;4;4;1;1;13140602;2022-10-27;1;
2;7;5;34;2;2;15;13;1;5;2011;36;1;4;4;1;1;13140901;2022-08-18;-2;
1;7;6;57;2;2;9;13;1;6;1997;60;1;4;4;1;1;13141302;2022-10-03;-3;
3;3;5;81;1;1;7;13;1;3;1965;79;2;4;4;1;1;13141307;2022-10-29;2;
3;3;5;78;2;2;8;13;1;2;1966;80;2;4;3;1;1;13141308;2022-10-29;-2;
3;6;6;33;2;2;9;13;8;3;2018;36;1;5;4;1;1;13141309;2022-10-29;-3;
3;5;5;37;1;1;9;13;8;3;2018;33;1;4;4;1;1;13141310;2022-10-29;4;
3;5;7;37;1;1;9;13;2;3;2010;30;1;4;4;1;1;13141402;2022-10-13;7;
3;7;7;40;1;1;13;13;2;3;2016;35;1;4;4;1;1;13141404;2022-10-13;5;
3;6;6;45;1;1;9;13;1;3;2000;44;1;4;4;1;1;13141409;2022-10-13;1;
3;6;6;52;2;2;9;13;1;3;2008;50;1;4;4;1;1;13141410;2022-10-13;2;
1;7;4;57;2;2;9;13;5;4;2006;48;1;3;4;1;1;13141501;2022-08-05;9;
1;5;4;30;2;2;7;13;1;1;2018;27;2;4;4;1;1;13141507;2022-08-05;3;
1;7;7;48;2;2;9;13;1;1;1996;48;1;5;5;1;1;13141601;2022-11-17;0;
3;3;5;78;1;1;8;13;1;3;1966;60;1;4;4;1;1;13141608;2022-11-17;18;
3;6;6;49;2;2;10;13;1;3;1990;57;1;4;4;1;1;13141610;2022-11-17;-8;
1;5;5;23;2;2;8;13;8;6;2021;21;1;4;4;1;1;13141707;2022-10-04;2;
3;5;4;30;1;1;9;13;8;3;2020;28;2;3;3;1;1;13141708;2022-10-05;2;
2;6;4;61;2;2;8;13;1;2;1981;62;2;4;4;1;1;13141802;2022-08-02;-1;
1;7;5;28;2;2;11;13;2;3;2018;29;1;3;4;1;1;13141806;2022-08-02;-1;
3;6;5;30;2;2;9;13;8;3;2021;33;1;5;5;1;1;13141901;2022-12-01;-3;
3;6;5;49;2;2;9;13;1;3;2000;48;1;5;5;1;1;13141902;2022-12-01;1;
3;6;5;45;1;1;9;13;1;3;2001;43;1;5;5;1;1;13141905;2022-12-01;2;
3;7;6;31;2;2;9;13;1;3;2018;30;1;5;5;1;1;13141906;2022-12-01;1;
3;6;6;56;2;2;9;13;1;3;1981;57;1;5;5;1;1;13141909;2022-12-01;-1;
3;7;6;38;1;1;9;13;2;3;2002;29;1;5;5;1;1;13141910;2022-12-01;9;
1;6;7;60;2;2;10;13;1;6;1982;63;1;4;3;1;1;13142101;2022-09-27;-3;
1;2;6;58;2;2;9;13;1;2;1979;61;2;4;4;1;1;13142203;2022-09-27;-3;
2;3;5;53;2;2;7;13;1;3;2000;55;1;4;3;1;1;13142207;2022-09-27;-2;
2;6;4;34;2;2;9;13;1;3;2011;34;2;4;4;1;1;13142208;2022-09-27;0;
1;5;5;45;2;2;10;13;1;4;2019;49;1;4;4;1;1;13142210;2022-09-26;-4;
3;6;7;46;1;1;10;13;1;3;2000;39;1;4;4;1;1;13142402;2022-10-20;7;
1;7;5;32;2;2;9;13;2;1;2012;33;1;4;4;1;1;13142404;2022-10-04;-1;
1;6;6;58;2;2;9;13;1;4;1970;60;1;4;4;1;1;13142405;2022-10-20;-2;
3;5;5;52;2;2;15;13;1;3;2001;56;1;4;4;1;1;13142407;2022-10-20;-4;
3;6;6;34;1;1;14;13;2;3;2020;34;1;4;4;1;1;13142408;2022-10-20;0;
1;3;3;58;2;2;9;13;1;6;2001;65;1;3;3;1;1;13142503;2022-10-19;-7;
3;5;5;34;2;2;9;13;8;3;2011;40;1;4;4;1;1;13142505;2022-10-19;-6;
3;4;5;68;2;2;6;13;1;3;1972;70;2;3;4;1;1;13142508;2022-10-19;-2;
2;5;6;46;2;2;11;13;8;4;2000;50;1;4;4;1;1;13142602;2022-10-03;-4;
3;7;6;36;1;1;15;13;1;2;2010;35;1;5;4;1;1;13142603;2022-10-03;1;
3;7;7;45;1;1;9;13;1;3;1990;40;1;4;4;1;1;13142604;2022-10-05;5;
3;6;4;36;1;1;9;13;5;3;2017;35;1;;4;1;1;13142606;2022-10-03;1;
3;6;6;57;1;1;9;13;5;3;2019;60;1;4;4;1;1;13142607;2022-10-20;-3;
3;6;6;42;1;1;9;13;2;2;2021;40;1;4;4;1;1;13142610;2022-10-19;2;
2;4;7;60;1;1;9;13;1;2;2000;45;2;3;3;1;1;13142703;2022-10-19;15;
3;4;5;44;2;2;17;13;1;4;2014;44;1;4;4;1;1;13143407;2022-09-30;0;
2;7;6;42;1;1;15;13;8;5;2010;44;1;4;4;1;1;13143409;2022-09-30;-2;
2;7;4;41;2;2;9;13;1;2;2000;43;1;3;4;1;1;13143410;2022-10-04;-2;
3;7;6;43;1;1;14;13;1;2;2015;42;1;5;4;1;1;13143501;2022-09-22;1;
2;2;6;81;1;1;8;13;1;5;1963;76;1;4;4;1;1;13143504;2022-09-23;5;
3;7;6;63;2;1;15;13;1;3;1986;62;1;4;4;1;1;13143506;2022-09-23;1;
3;5;5;42;1;1;15;13;1;4;2008;33;1;4;4;1;1;13143508;2022-10-31;9;
3;4;6;63;2;2;13;13;1;4;1989;60;2;4;4;1;1;13143605;2022-08-26;3;
3;7;6;49;2;2;14;13;3;3;2014;42;1;4;4;1;1;13143702;2022-09-09;7;
3;7;7;62;2;2;9;13;8;3;2018;66;1;5;4;1;1;13143703;2022-09-09;-4;
2;7;5;35;2;2;13;13;5;3;2015;34;1;3;4;1;1;13143704;2022-10-09;1;
3;6;6;37;2;2;17;13;8;4;2016;35;1;4;4;1;1;13143707;2022-10-08;2;
3;5;5;34;1;1;12;13;8;4;2019;35;1;4;4;1;1;13143708;2022-10-09;-1;
1;5;4;67;2;2;9;13;1;1;1980;62;2;2;4;1;1;13143709;2022-10-08;5;
3;4;4;70;2;2;14;13;1;4;1997;75;2;4;4;1;1;13143801;2022-08-19;-5;
2;4;5;81;1;1;8;13;5;4;1962;77;2;3;4;1;1;13143802;2022-08-19;4;
2;7;3;29;2;2;9;13;2;2;2009;34;1;4;3;1;1;13143803;2022-08-19;-5;
3;7;7;47;1;1;17;13;2;5;2011;42;1;4;3;1;1;13143804;2022-08-19;5;
3;6;6;32;1;1;17;13;2;5;2022;32;1;4;5;1;1;13143806;2022-08-20;0;
3;7;4;60;1;1;9;13;1;4;2000;51;1;4;4;1;1;13143810;2022-08-19;9;
3;5;6;31;2;2;17;13;2;5;2016;38;1;4;5;1;1;13144101;2022-08-20;-7;
3;7;7;88;1;1;8;13;1;3;1956;91;2;4;4;1;1;13144102;2022-08-20;-3;
3;5;5;26;2;2;13;13;2;4;2019;24;1;4;4;1;1;13144201;2022-10-28;2;
3;5;4;47;1;1;17;13;2;4;2008;42;2;4;3;1;1;13144203;2022-10-28;5;
3;6;6;39;2;2;17;13;8;3;2018;45;1;4;4;1;1;13144205;2022-10-28;-6;
3;6;3;40;2;2;13;13;1;3;2002;42;1;4;4;1;1;13144207;2022-11-30;-2;
1;6;6;25;2;2;9;13;2;6;2012;24;1;3;4;1;1;13144301;2022-09-27;1;
3;7;4;28;1;1;14;13;2;4;2022;31;1;4;4;1;1;13144308;2022-09-27;-3;
1;1;2;52;2;2;9;13;2;6;2012;48;2;1;1;1;1;13144310;2022-09-27;4;
3;6;5;42;2;2;13;13;5;3;2000;43;1;4;4;1;1;13144402;2022-12-02;-1;
3;7;5;23;1;1;15;13;8;6;2022;23;1;4;4;1;1;13144403;2022-12-02;0;
3;6;6;28;2;2;13;13;8;1;2017;33;1;4;3;1;1;13144503;2022-11-18;-5;
2;6;5;62;2;2;7;13;1;2;1980;58;1;4;4;1;1;13144604;2022-10-26;4;
1;6;6;61;2;2;15;13;1;6;1985;62;1;3;4;1;1;13145102;2022-12-02;-1;
3;7;7;66;1;1;15;13;1;2;2017;63;1;4;4;1;1;13145105;2022-12-02;3;
2;7;7;52;1;1;9;13;1;4;2002;47;1;4;4;1;1;13145401;2022-08-01;5;
2;5;4;55;1;1;9;13;2;1;1990;60;1;3;3;1;1;13145402;2022-08-01;-5;
1;7;7;20;2;2;9;13;8;6;2019;22;1;5;5;1;1;13145405;2022-08-02;-2;
1;6;7;56;2;2;10;13;1;6;1986;66;1;4;4;1;1;13145505;2022-08-11;-10;
3;4;5;75;1;1;10;13;1;3;1975;70;1;2;4;1;1;13145601;2022-09-30;5;
2;7;6;39;2;2;9;13;2;2;2010;36;1;4;4;1;1;13145602;2022-09-30;3;
3;6;6;75;1;1;8;13;1;4;1970;69;2;3;4;1;1;13145606;2022-09-30;6;
3;6;4;45;2;2;13;13;1;2;2000;48;1;4;4;1;1;13145607;2022-10-01;-3;
1;7;7;44;2;2;9;13;2;6;2014;50;1;4;4;1;1;13145701;2022-08-03;-6;
3;5;6;56;1;1;9;13;1;4;1989;54;1;3;4;1;1;13145702;2022-08-03;2;
1;5;6;70;2;2;8;13;1;6;1977;65;1;4;4;1;1;13145704;2022-09-29;5;
3;6;6;35;1;1;9;13;2;5;2011;37;1;3;3;1;1;13145706;2022-09-29;-2;
3;7;7;73;2;2;15;13;1;5;1972;80;1;4;1;1;1;13146001;2022-11-17;-7;
3;3;4;55;2;2;11;13;2;2;2013;63;1;3;4;1;1;13146102;2022-11-29;-8;
3;5;5;46;1;1;9;13;2;3;2014;62;2;4;4;1;1;13146105;2022-11-30;-16;
3;;6;78;1;1;8;13;1;;1973;68;2;4;4;1;1;13146107;2022-11-29;10;
1;4;6;63;2;2;10;13;1;6;1979;67;1;4;4;1;1;13146201;2022-11-30;-4;
3;7;6;39;2;2;10;13;1;2;2002;41;1;3;4;1;1;13146202;2022-11-30;-2;
3;6;6;74;1;1;8;13;1;4;1973;67;1;4;4;1;1;13146204;2022-11-30;7;
2;6;6;78;2;2;10;13;1;2;1965;78;;3;3;1;1;13146206;2022-11-30;0;
2;4;5;68;1;1;7;13;2;4;2010;60;;3;3;1;1;13146207;2022-11-30;8;
3;7;5;33;2;2;17;13;2;4;2019;32;1;2;3;1;1;13146208;2022-11-30;1;
1;7;7;58;2;2;9;13;1;1;1987;57;1;4;4;1;1;13146305;2022-09-29;1;
3;7;5;47;1;1;7;13;1;3;2009;49;1;4;4;1;1;13146307;2022-09-29;-2;
1;6;5;62;2;2;9;13;1;6;2002;62;1;3;3;1;1;13146308;2022-09-30;0;
3;7;7;58;1;1;9;13;1;5;1995;56;2;4;4;1;1;13146309;2022-09-30;2;
1;7;7;69;2;2;7;13;1;6;1975;74;1;3;4;1;1;13146310;2022-09-30;-5;
2;6;6;62;1;1;13;13;1;2;1989;64;1;4;4;1;1;13146503;2022-10-05;-2;
2;6;5;35;2;2;15;13;1;2;2008;37;1;5;4;1;1;13146505;2022-10-05;-2;
3;6;5;56;1;1;17;13;1;5;1982;56;1;4;4;1;1;13146506;2022-10-06;0;
2;6;5;66;1;1;15;13;1;2;1975;63;1;3;3;1;1;13146507;2022-10-06;3;
1;4;6;65;2;2;10;13;1;1;1993;66;;3;4;1;1;13146510;2022-10-07;-1;
3;7;5;52;1;1;7;13;1;5;1997;48;1;3;3;1;1;13146702;2022-10-12;4;
3;7;7;26;1;1;7;13;2;3;2015;26;1;5;4;1;1;13146704;2022-10-12;0;
1;6;6;60;2;2;13;13;1;1;2004;59;1;3;3;1;1;13146802;2022-10-07;1;
3;7;7;35;1;1;15;13;2;3;2014;29;1;4;4;1;1;13146803;2022-10-07;6;
2;7;7;56;2;2;13;13;2;2;1993;56;1;4;4;1;1;13146805;2022-10-07;0;
1;3;3;57;2;2;9;13;1;1;1980;63;;2;3;1;1;13146806;2022-10-08;-6;
3;4;5;84;1;1;8;13;1;5;1968;74;2;4;4;1;1;13146808;2022-10-08;10;
3;1;6;75;1;1;13;13;1;3;1972;68;2;3;3;1;1;13146901;2022-09-30;7;
2;7;6;19;2;2;9;13;2;2;2022;22;1;3;4;1;1;13146902;2022-09-30;-3;
3;7;6;26;1;1;14;13;2;4;2015;24;1;5;4;1;1;13147003;2022-10-14;2;
3;6;6;61;1;1;9;13;1;3;1986;60;1;5;4;1;1;13147004;2022-10-14;1;
1;7;7;60;2;2;11;13;1;2;1986;67;1;5;5;1;1;13147101;2022-09-26;-7;
3;6;7;52;1;1;9;13;1;3;2000;37;1;4;4;1;1;13147102;2022-10-10;15;
3;6;7;43;2;2;9;13;2;3;2013;40;1;3;3;1;1;13147103;2022-10-10;3;
3;6;5;60;1;1;13;13;1;5;1987;59;1;4;4;1;1;13147201;2022-10-01;1;
3;7;5;66;1;1;7;13;2;5;1980;70;1;4;4;1;1;13147204;2022-10-01;-4;
1;5;5;42;2;2;9;13;2;1;1997;44;1;2;3;1;1;13147206;2022-10-03;-2;
3;6;6;63;1;1;9;13;1;3;2010;59;1;4;4;1;1;13147208;2022-10-03;4;
2;6;6;38;2;2;10;13;1;1;2004;41;1;4;4;1;1;13147209;2022-10-03;-3;
3;6;7;56;1;1;9;13;2;5;1998;60;1;4;3;1;1;13147210;2022-10-03;-4;
1;7;6;69;2;2;9;13;1;2;1973;73;1;4;4;1;1;13147401;2022-09-26;-4;
3;4;6;55;1;1;13;13;1;3;2013;53;1;4;3;1;1;13147402;2022-09-26;2;
3;7;7;65;2;2;9;13;1;3;1976;65;1;3;4;1;1;13147501;2022-10-17;0;
3;4;5;51;2;2;7;13;2;2;1989;54;1;2;3;1;1;13147503;2022-10-17;-3;
1;7;5;41;2;2;11;13;2;6;2012;33;1;4;4;1;1;13147701;2022-11-26;8;
3;7;6;40;2;2;15;13;3;2;2020;42;1;4;4;1;1;13147705;2022-11-26;-2;
3;7;7;45;1;1;11;13;2;3;2011;36;1;4;4;1;1;13147707;2022-11-26;9;
2;7;5;50;2;2;9;13;1;2;1994;51;;4;4;1;1;13147709;2022-11-26;-1;
3;6;6;78;1;1;8;13;1;4;1970;66;1;3;3;1;1;13148103;2022-11-26;12;
2;6;6;47;2;2;15;13;2;2;2005;47;1;4;4;1;1;13148104;2022-11-26;0;
2;6;6;22;2;2;9;13;2;2;2018;32;1;4;4;1;1;13148106;2022-11-26;-10;
3;4;6;77;1;1;7;13;1;2;1980;72;1;4;4;1;1;13148108;2022-11-26;5;
3;4;6;58;1;1;9;13;2;4;2002;53;2;4;4;1;1;13148109;2022-11-26;5;
2;5;6;72;2;2;6;13;1;3;1970;74;1;3;4;1;1;13148402;2022-11-27;-2;
2;4;6;75;2;2;7;13;1;2;1970;73;2;4;4;1;1;13148404;2022-11-27;2;
3;6;6;47;1;1;9;13;1;4;1995;52;1;4;3;1;1;13148405;2022-11-27;-5;
1;6;4;55;2;2;7;13;1;6;2005;59;1;3;3;1;1;13148409;2022-11-28;-4;
1;7;5;56;2;2;7;13;2;6;1988;59;1;3;3;1;1;13148602;2022-11-28;-3;
1;1;5;57;2;2;7;13;1;6;1995;54;1;4;3;1;1;13148603;2022-11-28;3;
2;7;6;56;1;1;7;13;8;3;1988;58;;3;3;1;1;13148609;2022-11-28;-2;
1;7;4;43;2;2;9;13;2;1;2022;28;;3;4;1;1;13148610;2022-11-28;15;
2;3;6;71;2;2;7;13;1;2;1970;75;2;3;4;1;1;13148702;2022-11-14;-4;
1;7;5;29;2;2;9;13;2;6;2015;30;1;4;4;1;1;13148801;2022-10-12;-1;
2;6;4;39;2;2;9;13;2;3;2022;41;1;3;3;1;1;13148802;2022-10-12;-2;
2;4;5;47;2;2;9;13;1;2;1989;50;1;3;3;1;1;13148803;2022-10-12;-3;
3;4;6;61;1;1;7;13;8;4;2000;47;1;4;3;1;1;13148805;2022-10-12;14;
1;7;7;38;2;2;9;13;1;6;2000;47;1;4;5;1;1;13148807;2022-11-19;-9;
3;2;4;60;2;2;7;13;1;4;1983;70;2;3;3;1;1;13148901;2022-11-23;-10;
1;6;4;32;2;2;13;13;2;6;2008;38;1;4;4;1;1;13148904;2022-11-23;-6;
3;6;3;64;1;1;7;13;2;3;1991;77;1;3;2;1;1;13148905;2022-11-23;-13;
1;6;6;62;2;2;15;13;1;6;1982;60;1;3;4;1;1;13148906;2022-11-24;2;
1;4;6;59;2;2;7;13;1;6;1980;65;1;4;3;1;1;13148908;2022-11-24;-6;
3;6;6;26;2;2;13;13;2;2;2021;22;1;5;4;1;1;13149002;2022-11-28;4;
3;7;5;25;2;2;10;13;2;4;2014;27;1;4;3;1;1;13149006;2022-11-29;-2;
1;6;6;62;2;2;7;13;1;6;1983;59;1;3;3;1;1;13149009;2022-11-30;3;
3;7;7;44;1;1;7;13;1;3;2005;40;1;4;4;1;1;13149103;2022-11-11;4;
3;6;2;33;2;2;15;13;8;3;2017;27;1;4;4;1;1;13149104;2022-11-11;6;
3;7;7;57;2;2;11;13;1;3;1982;60;1;4;4;1;1;13149105;2022-11-11;-3;
3;6;7;46;2;2;9;13;1;3;1992;51;1;4;4;1;1;13149109;2022-11-11;-5;
2;6;6;46;1;1;7;13;2;3;1993;43;1;4;4;1;1;13149201;2022-10-07;3;
1;6;6;23;2;2;9;13;2;6;2016;36;1;4;4;1;1;13149202;2022-10-07;-13;
1;6;7;44;2;2;9;13;1;1;1995;48;1;4;4;1;1;13149204;2022-10-07;-4;
1;2;6;64;2;2;7;13;1;6;2017;58;2;2;4;1;1;13149205;2022-10-08;6;
1;6;6;61;2;2;11;13;1;6;1988;57;1;4;4;1;1;13149206;2022-10-08;4;
2;6;6;33;2;2;14;13;2;2;2011;30;1;4;3;1;1;13149207;2022-10-08;3;
3;6;6;32;2;2;9;13;2;3;2018;30;1;5;4;1;1;13149208;2022-10-08;2;
2;5;7;30;2;2;13;13;2;2;2019;30;1;4;4;1;1;13149210;2022-11-19;0;
3;6;5;46;2;2;9;13;1;3;2008;33;2;4;4;1;1;13149301;2022-11-11;13;
3;4;4;67;2;2;7;13;1;3;1973;71;2;3;4;1;1;13149302;2022-11-11;-4;
2;;4;65;2;2;7;13;1;2;1983;67;2;3;3;1;1;13149304;2022-11-11;-2;
3;6;6;41;1;1;15;13;1;3;2001;31;1;5;4;1;1;13149305;2022-11-11;10;
2;6;6;23;2;2;9;13;2;3;2022;25;1;4;4;1;1;13149308;2022-11-11;-2;
3;6;6;36;1;1;10;13;1;3;2008;36;1;5;4;1;1;13149403;2022-11-15;0;
3;6;6;26;2;2;13;13;1;3;2015;26;1;5;4;1;1;13149404;2022-11-15;0;
1;3;4;30;2;2;9;13;2;2;2020;41;1;4;5;1;1;13149501;2022-11-11;-11;
2;6;6;42;2;2;9;13;3;4;2020;42;1;5;5;1;1;13149504;2022-11-11;0;
1;6;6;54;2;2;9;13;1;6;1984;56;1;5;5;1;1;13149606;2022-11-11;-2;
1;6;5;33;2;2;13;13;1;6;2008;35;1;5;4;1;1;13149608;2022-11-12;-2;
3;6;6;20;2;2;7;13;2;3;2019;25;1;4;4;1;1;13149702;2022-11-20;-5;
3;6;6;27;2;2;9;13;2;2;2021;34;1;4;4;1;1;13149704;2022-11-20;-7;
1;6;6;62;2;2;7;13;1;6;1984;58;2;4;4;1;1;13149705;2022-11-20;4;
2;7;5;24;2;2;9;13;2;2;2015;24;1;5;5;1;1;13149708;2022-11-20;0;
3;4;6;39;1;1;9;13;2;4;2012;40;1;4;3;1;1;13149709;2022-11-20;-1;
3;6;7;45;2;2;9;13;2;5;1994;53;1;4;5;1;1;13149802;2022-11-15;-8;
1;4;6;66;2;2;7;13;1;6;1974;69;1;3;4;1;1;13149903;2022-11-21;-3;
3;6;6;44;1;1;7;13;1;5;1998;43;1;4;3;1;1;13149904;2022-11-21;1;
1;6;5;69;2;2;6;13;2;6;2016;69;1;2;3;1;1;13149907;2022-11-22;0;
1;7;7;28;2;2;9;13;2;6;2010;31;1;3;4;1;1;13150001;2022-11-25;-3;
3;3;6;52;2;2;7;13;1;6;1996;52;2;3;4;1;1;13150006;2022-11-25;0;
3;6;6;40;2;2;12;13;2;2;2018;42;1;4;5;1;1;13150008;2022-11-25;-2;
1;2;3;67;2;2;8;13;1;6;1995;67;2;4;3;1;1;13150101;2022-11-25;0;
1;7;7;40;2;1;10;13;1;6;2006;38;1;4;5;1;1;13150102;2022-11-25;2;
3;6;7;79;1;1;12;13;1;4;1962;76;2;4;3;1;1;13150109;2022-11-25;3;
1;3;5;62;2;2;9;13;1;6;1979;60;1;3;3;1;1;13150110;2022-11-25;2;
3;7;7;49;1;1;9;13;1;2;2016;48;1;4;4;1;1;13150201;2022-11-27;1;
3;5;5;71;1;1;6;13;1;4;1974;64;1;4;3;1;1;13150202;2022-11-27;7;
3;6;7;55;2;2;10;13;1;6;1998;55;1;2;4;1;1;13150203;2022-11-27;0;
2;6;6;24;2;2;13;13;2;2;2015;28;1;4;3;1;1;13150303;2022-10-05;-4;
3;6;6;76;2;2;6;13;1;3;1972;75;1;5;5;1;1;13150304;2022-10-05;1;
1;6;4;28;2;2;9;13;2;6;2016;46;1;4;4;1;1;13150305;2022-10-06;-18;
3;6;6;54;1;1;9;13;2;2;2016;33;1;4;4;1;1;13150306;2022-10-06;21;
1;6;6;21;2;2;9;13;8;6;2022;22;1;4;4;1;1;13150402;2022-11-30;-1;
1;6;7;42;2;2;12;13;2;6;2002;41;1;4;4;1;1;13150403;2022-12-01;1;
1;4;6;74;2;2;6;13;1;1;1969;75;2;3;3;1;1;13150404;2022-12-01;-1;
2;1;4;45;2;2;9;13;2;2;2005;52;2;3;3;1;1;13150406;2022-12-01;-7;
3;1;6;69;2;2;10;13;1;3;1977;72;2;3;3;1;1;13150501;2022-11-28;-3;
1;6;6;67;2;2;7;13;1;2;1971;77;1;3;2;1;1;13150506;2022-11-28;-10;
3;6;6;36;1;1;15;13;1;3;2012;36;1;5;5;1;1;13150809;2022-12-02;0;
3;5;4;54;2;2;13;13;1;3;1996;54;2;4;4;1;1;13150909;2022-12-02;0;
3;3;4;68;2;2;8;13;1;3;1998;68;2;4;3;1;1;13150910;2022-12-02;0;
3;6;5;40;2;2;14;13;8;2;2012;40;1;3;4;1;1;13151405;2022-11-10;0;
3;7;7;37;2;2;13;13;8;2;2021;39;1;5;5;1;1;13151501;2022-12-01;-2;
2;6;5;65;2;2;15;13;1;2;1985;66;1;4;5;1;1;13151901;2022-11-08;-1;
3;7;7;40;2;2;11;13;1;3;2010;50;1;5;4;1;1;13152201;2022-12-02;-10;
3;6;5;35;2;2;12;13;1;3;2012;36;1;4;4;1;1;13152207;2022-12-02;-1;
3;7;7;48;2;2;9;13;5;3;2020;42;1;4;4;1;1;13152209;2022-12-01;6;
3;7;6;52;1;1;9;13;1;3;2019;48;1;4;4;1;1;13152210;2022-12-01;4;
3;7;7;25;2;2;13;13;2;3;2021;28;1;5;5;1;1;13152601;2022-10-28;-3;
2;5;6;28;2;2;9;13;2;2;2015;35;1;4;5;1;1;13152602;2022-10-29;-7;
3;4;6;30;1;1;12;13;2;3;2021;30;1;;;1;1;13152706;2022-10-28;0;
1;5;7;59;1;1;9;13;1;3;1987;59;2;3;2;1;1;13152902;2022-10-19;0;
3;4;7;59;2;2;9;13;1;3;1987;59;1;4;4;1;1;13152903;2022-10-19;0;
3;6;6;27;2;2;14;13;2;;2022;30;1;3;4;1;1;13153101;2022-11-01;-3;
1;3;3;59;2;2;9;13;1;1;1982;65;2;3;4;1;1;13153102;2022-10-10;-6;
1;4;4;64;2;2;9;13;1;1;1983;68;2;3;3;1;1;13153103;2022-11-01;-4;
2;6;6;58;1;1;9;13;1;4;1986;57;1;4;3;1;1;13153106;2022-11-01;1;
2;4;3;65;1;1;7;13;1;1;1977;59;2;2;3;1;1;13153108;2022-10-07;6;
2;6;4;62;2;2;7;13;1;5;1982;61;2;3;3;1;1;13153202;2022-09-08;1;
1;7;6;37;2;2;7;13;2;1;2002;38;1;4;3;1;1;13153206;2022-12-01;-1;
3;6;5;46;1;1;13;13;1;4;1997;46;1;5;4;1;1;13153207;2022-12-01;0;
1;6;4;34;2;2;7;13;2;5;2018;34;1;3;4;1;1;13153301;2022-10-05;0;
1;4;5;56;2;2;7;13;2;1;1998;56;2;3;3;1;1;13153302;2022-10-05;0;
1;5;5;67;1;1;6;13;2;5;1992;60;1;3;2;1;1;13153303;2022-10-05;7;
2;5;5;65;2;2;7;13;1;3;1975;67;1;4;4;1;1;13153310;2022-10-05;-2;
3;4;4;69;1;1;7;13;1;5;1975;64;1;2;4;1;1;13153403;2022-09-13;5;
1;7;4;38;2;2;9;13;2;6;2008;38;1;3;4;1;1;13153404;2022-09-13;0;
2;6;4;22;2;2;14;13;1;2;2020;29;1;4;4;1;1;13153405;2022-09-13;-7;
2;5;5;58;2;2;9;13;2;2;2014;58;1;4;3;1;1;13153501;2022-10-12;0;
3;7;7;37;2;2;12;13;1;2;2008;42;1;4;4;1;1;13153504;2022-10-12;-5;
1;3;1;54;2;2;9;13;2;1;2002;48;2;3;3;1;1;13153505;2022-10-12;6;
2;3;5;79;2;2;8;13;1;2;1968;75;2;1;3;1;1;13153602;2022-10-02;4;
3;6;6;49;1;1;9;13;1;5;1996;46;1;5;3;1;1;13153603;2022-10-02;3;
1;7;7;51;1;1;12;13;1;5;2009;51;1;3;4;1;1;13153606;2022-10-02;0;
3;6;4;66;1;1;9;13;2;3;1986;68;1;3;3;1;1;13153804;2022-10-10;-2;
1;7;4;38;2;2;9;13;1;1;2001;40;1;4;3;1;1;13153805;2022-10-10;-2;
3;4;4;75;2;2;8;13;1;3;1971;82;2;3;2;1;1;13153904;2022-10-23;-7;
3;;5;55;2;2;15;13;2;3;1990;59;1;4;4;1;1;13153906;2022-10-30;-4;
3;5;6;32;2;2;15;13;2;4;2015;32;1;3;5;1;1;13154002;2022-10-06;0;
3;6;6;65;1;1;9;13;2;4;1982;65;1;4;5;1;1;13154004;2022-10-06;0;
3;6;6;38;1;1;9;13;2;4;2010;34;1;4;4;1;1;13154102;2022-09-27;4;
3;7;6;26;2;2;15;13;8;2;2022;34;1;4;4;1;1;13154104;2022-09-27;-8;
2;7;7;56;2;2;9;13;7;2;2020;55;;5;4;1;1;13154105;2022-09-27;1;
3;7;6;76;1;1;6;13;1;3;1969;74;2;3;3;1;1;13154501;2022-11-23;2;
3;2;3;53;1;1;9;13;1;6;2004;55;2;3;2;1;1;13154504;2022-11-23;-2;
2;1;3;53;2;2;12;13;1;5;1986;68;1;3;3;1;1;13154505;2022-11-23;-15;
1;1;2;59;2;2;9;13;1;1;1980;64;2;2;2;1;1;13154710;2022-08-04;-5;
3;6;5;65;2;2;9;13;2;3;1985;82;2;3;3;1;1;13154802;2022-11-20;-17;
3;7;6;52;1;1;15;13;1;4;1992;50;1;4;4;1;1;13154803;2022-11-20;2;
3;5;5;55;1;1;11;13;1;2;1992;52;1;4;3;1;1;13154804;2022-11-20;3;
3;6;7;39;1;1;13;13;1;4;2013;31;1;4;4;1;1;13154805;2022-11-20;8;
2;7;7;40;2;2;9;13;1;2;2014;50;1;5;4;1;1;13154806;2022-11-20;-10;
3;5;5;56;1;1;9;13;1;3;1989;53;1;4;4;1;1;13154902;2022-10-13;3;
3;;4;65;2;2;9;13;2;4;2019;65;2;4;3;1;1;13154904;2022-11-15;0;
1;7;5;41;2;2;9;13;2;1;1999;44;1;4;2;1;1;13154905;2022-11-15;-3;
3;7;6;55;2;2;10;13;1;3;1988;62;1;5;4;1;1;13154906;2022-11-15;-7;
2;2;3;76;2;2;6;13;1;2;1965;80;2;1;1;1;1;13155002;2022-11-17;-4;
3;6;5;66;1;1;7;13;1;2;1978;63;2;4;3;1;1;13155003;2022-11-17;3;
2;5;6;56;2;2;9;13;1;2;1988;60;1;4;3;1;1;13155201;2022-11-18;-4;
1;7;7;32;2;2;9;13;2;1;2002;34;1;4;4;1;1;13155203;2022-11-18;-2;
3;6;4;39;1;1;9;13;1;4;2020;35;1;4;4;1;1;13155204;2022-11-18;4;
2;7;5;31;2;2;9;13;2;1;2013;26;1;4;3;1;1;13155205;2022-11-18;5;
2;5;6;70;1;1;9;13;1;3;1972;70;1;3;4;1;1;13155301;2022-11-16;0;
1;6;4;40;1;1;9;13;1;5;2010;38;1;4;1;1;1;13155303;2022-11-16;2;
3;7;7;41;1;1;9;13;2;4;1998;38;1;3;4;1;1;13155304;2022-11-16;3;
3;4;6;59;2;2;7;13;2;3;1998;59;2;4;3;1;1;13155305;2022-11-16;0;
3;4;5;61;1;1;15;13;2;3;1998;49;1;4;5;1;1;13155403;2022-11-04;12;
3;5;5;35;2;2;15;13;2;3;2018;37;1;;3;1;1;13155404;2022-11-04;-2;
1;7;5;42;2;2;9;13;1;6;1997;48;1;3;4;1;1;13155801;2022-09-27;-6;
2;7;7;36;1;1;9;13;8;4;2015;26;1;4;4;1;1;13155802;2022-09-27;10;
3;6;6;74;1;1;8;13;1;3;1971;72;1;3;4;1;1;13155803;2022-09-27;2;
3;7;7;35;1;1;13;13;1;4;2015;32;1;5;5;1;1;13155901;2022-09-27;3;
3;7;6;37;1;1;15;13;2;4;2011;34;1;5;4;1;1;13155902;2022-09-27;3;
3;6;3;20;2;2;7;13;2;1;2021;27;1;4;4;1;1;13156301;2022-10-29;-7;
3;6;4;53;2;2;10;13;1;2;1990;52;1;4;4;1;1;13156302;2022-10-29;1;
3;5;7;75;2;2;9;13;1;2;1968;75;;4;4;1;1;13156303;2022-10-30;0;
1;6;7;55;2;2;11;13;1;6;1991;58;1;3;3;1;1;13156308;2022-11-10;-3;
2;4;5;63;2;2;9;13;1;4;1981;63;1;3;3;1;1;13156309;2022-11-10;0;
3;6;6;41;2;2;14;13;8;3;2018;41;1;4;4;1;1;13156903;2022-09-06;0;
1;6;6;31;2;2;14;13;8;6;2016;32;2;4;4;1;1;13156905;2022-09-07;-1;
1;6;5;58;2;2;7;13;1;6;1992;65;2;3;3;1;1;13156906;2022-09-07;-7;
3;6;6;54;2;2;7;13;1;3;1992;65;2;4;4;1;1;13156907;2022-09-07;-11;
3;7;7;35;2;2;14;13;5;3;2020;34;1;4;4;1;1;13156908;2022-09-07;1;
3;7;7;27;2;2;9;13;1;4;2016;30;1;5;5;1;1;13156909;2022-09-07;-3;
1;6;6;56;2;2;7;13;1;6;2007;56;1;3;4;1;1;13157002;2022-09-05;0;
3;7;7;36;2;2;9;13;1;3;2008;34;1;4;4;1;1;13157005;2022-09-05;2;
3;7;7;53;1;1;13;13;1;4;1996;45;1;4;4;1;1;13157006;2022-09-05;8;
1;4;6;58;2;2;8;13;1;6;1982;62;1;4;3;1;1;13157007;2022-09-05;-4;
2;7;7;31;1;1;11;13;8;3;2018;33;1;4;3;1;1;13157009;2022-09-06;-2;
3;7;6;33;1;1;9;13;1;3;2017;31;2;4;4;1;1;13157010;2022-09-06;2;
1;4;4;49;2;2;13;13;1;1;1995;50;1;2;3;1;1;13157201;2022-09-22;-1;
3;6;6;48;2;2;15;13;1;2;1999;50;1;5;4;1;1;13157203;2022-09-22;-2;
1;4;5;60;2;2;11;13;1;1;1995;62;1;3;4;1;1;13157304;2022-09-21;-2;
2;7;7;26;2;2;15;13;1;6;2021;29;1;3;5;1;1;13157307;2022-09-22;-3;
2;6;5;25;1;1;15;13;8;4;2021;27;1;4;4;1;1;13157501;2022-08-31;-2;
3;3;1;25;2;2;15;13;8;4;2022;23;1;4;4;1;1;13157801;2022-09-10;2;
2;6;4;26;2;2;15;13;1;2;2021;29;1;3;4;1;1;13157802;2022-09-11;-3;
3;7;6;18;2;2;9;13;8;4;2022;22;1;4;5;1;1;13157805;2022-09-12;-4;
2;7;3;26;2;2;13;13;8;2;2022;25;1;2;4;1;1;13157808;2022-09-12;1;
2;7;7;25;1;1;11;13;2;4;2020;27;1;4;4;1;1;13157901;2022-10-18;-2;
1;5;5;44;2;2;11;13;2;1;1996;47;1;3;3;1;1;13157902;2022-10-18;-3;
2;6;7;55;2;2;9;13;1;2;1989;63;1;4;4;1;1;13157910;2022-11-13;-8;
3;4;5;57;2;2;6;13;5;2;2000;43;2;3;3;1;1;13158202;2022-09-13;14;
1;7;5;53;2;2;7;13;1;1;1997;52;2;4;3;1;1;13158502;2022-10-20;1;
3;7;5;29;2;2;9;13;2;2;2021;39;1;3;3;1;1;13158503;2022-10-20;-10;
2;6;7;78;1;1;14;13;1;4;1968;75;1;3;5;1;1;13158601;2022-10-14;3;
2;5;7;79;1;1;6;13;1;4;1973;68;2;4;4;1;1;13158602;2022-10-14;11;
3;4;5;64;1;1;13;13;1;3;1991;60;2;3;3;1;1;13158604;2022-10-14;4;
3;6;5;30;1;1;15;13;2;3;2020;27;1;4;5;1;1;13158605;2022-10-14;3;
3;5;6;76;1;1;7;13;1;4;1966;74;1;4;3;1;1;13158608;2022-10-19;2;
3;6;7;67;2;2;13;13;1;6;1980;64;1;4;5;1;1;13158705;2022-09-07;3;
3;7;6;42;2;2;9;13;8;6;2017;44;1;4;4;1;1;13158902;2022-10-13;-2;
2;7;6;38;1;1;13;13;1;3;2011;42;1;4;4;1;1;13158908;2022-11-01;-4;
2;6;5;42;2;2;12;13;6;2;2011;38;1;4;4;1;1;13158909;2022-11-01;4;
3;7;5;32;2;2;14;13;1;3;2018;31;1;4;4;1;1;13158910;2022-11-02;1;
3;7;6;31;1;1;9;13;8;3;2019;32;1;5;4;1;1;13159103;2022-11-20;-1;
1;5;6;74;2;2;6;13;1;2;1972;78;;3;3;1;1;13159201;2022-09-23;-4;
3;4;5;29;2;2;11;13;2;1;2012;26;1;3;4;1;1;13159207;2022-09-28;3;
3;7;7;62;2;2;15;13;1;3;1987;63;2;5;5;1;1;13159208;2022-09-29;-1;
3;;6;54;2;2;13;13;1;2;1991;56;1;5;4;1;1;13159209;2022-09-29;-2;
2;7;6;54;2;2;13;13;1;6;1988;54;;4;4;1;1;13159210;2022-09-29;0;
3;7;7;46;1;1;15;13;1;3;2008;46;1;5;5;1;1;13159302;2022-10-28;0;
2;3;3;71;1;1;7;13;1;4;1980;68;2;3;3;1;1;13159303;2022-10-28;3;
3;7;7;32;2;2;11;13;1;2;2015;35;1;4;4;1;1;13159306;2022-11-08;-3;
3;6;6;50;1;1;9;13;1;3;1993;53;1;4;4;1;1;13159404;2022-11-07;-3;
3;6;6;49;1;1;9;13;1;3;1995;46;2;4;5;1;1;13159408;2022-11-07;3;
2;3;4;48;2;2;7;13;1;3;1991;54;2;;4;1;1;13159501;2022-11-08;-6;
1;4;5;22;2;2;8;13;8;6;2018;26;1;5;3;1;1;13159502;2022-11-08;-4;
3;5;6;27;2;2;9;13;2;3;2013;27;1;4;3;1;1;13159505;2022-11-05;0;
2;4;5;75;1;1;9;13;1;3;1967;70;2;2;3;1;1;13159508;2022-11-06;5;
2;6;6;60;2;2;11;13;2;3;2008;58;2;5;4;1;1;13159601;2022-11-07;2;
3;5;5;25;2;2;11;13;2;3;2017;35;2;4;4;1;1;13159605;2022-11-07;-10;
2;5;5;52;2;2;9;13;8;3;1999;52;2;4;4;1;1;13159610;2022-11-08;0;
3;5;4;51;2;2;7;13;1;3;2009;61;2;4;5;1;1;13159701;2022-11-05;-10;
2;6;5;48;1;1;9;13;2;3;2010;45;1;3;4;1;1;13159703;2022-11-05;3;
1;6;4;52;2;2;7;13;1;6;2005;56;1;3;4;1;1;13159705;2022-11-05;-4;
1;5;5;53;2;2;9;13;1;1;1989;56;1;3;4;1;1;13159708;2022-11-05;-3;
2;6;6;60;1;1;11;13;1;3;1992;60;1;5;4;1;1;13159709;2022-11-05;0;
1;5;4;62;2;2;9;13;2;6;2011;62;1;5;4;1;1;13159710;2022-11-05;0;
1;4;6;42;2;2;8;13;1;2;2016;44;1;4;3;1;1;13159802;2022-11-07;-2;
1;3;4;22;2;2;9;13;2;3;2019;20;1;;3;1;1;13159803;2022-11-07;2;
3;5;5;27;2;2;15;13;8;2;2018;29;1;5;4;1;1;13159805;2022-11-07;-2;
1;6;6;28;2;2;9;13;2;6;2015;25;1;5;4;1;1;13159807;2022-11-07;3;
2;5;5;49;1;1;8;13;1;3;2018;32;2;5;4;1;1;13159808;2022-11-07;17;
2;4;5;25;2;2;9;13;2;6;2010;28;1;;4;1;1;13159810;2022-11-07;-3;
3;7;7;71;1;1;7;13;1;3;1971;69;2;3;4;1;1;13159901;2022-11-06;2;
3;6;7;21;2;2;11;13;8;3;2017;22;1;4;4;1;1;13159902;2022-11-06;-1;
3;6;7;41;2;2;9;13;8;3;2015;52;1;4;4;1;1;13159904;2022-11-06;-11;
3;7;7;38;2;2;9;13;1;3;2002;43;1;4;4;1;1;13159905;2022-11-06;-5;
1;7;6;34;2;2;12;13;8;3;2019;28;1;4;4;1;1;13160002;2022-11-07;6;
3;4;4;60;2;2;9;13;1;2;1990;59;1;4;4;1;1;13160003;2022-11-07;1;
3;5;5;72;2;2;7;13;1;3;1978;82;2;5;4;1;1;13160101;2022-11-08;-10;
2;6;6;74;2;2;7;13;1;4;1969;77;2;4;4;1;1;13160103;2022-11-08;-3;
2;4;6;50;2;2;8;13;1;2;1973;52;1;3;3;1;1;13160105;2022-11-07;-2;
1;1;4;35;2;2;9;13;8;5;2008;37;2;4;4;1;1;13160109;2022-11-07;-2;
1;7;7;20;2;2;9;13;8;2;2014;31;1;4;4;1;1;13160204;2022-11-04;-11;
3;7;7;39;2;2;15;13;1;3;2009;36;1;5;5;1;1;13160205;2022-11-04;3;
3;3;4;26;2;2;13;13;8;3;2011;28;1;4;4;1;1;13160206;2022-11-05;-2;
3;6;6;78;1;1;6;13;1;4;1973;70;2;4;3;1;1;13160207;2022-11-05;8;
3;6;7;35;2;2;9;13;8;3;2021;34;1;4;4;1;1;13160208;2022-11-05;1;
2;4;5;71;1;1;15;13;1;2;1986;63;2;4;4;1;1;13160302;2022-08-16;8;
2;6;5;39;2;2;13;13;1;3;2003;44;2;4;5;1;1;13160304;2022-11-06;-5;
3;3;5;78;1;1;7;13;1;3;1972;83;2;2;4;1;1;13160305;2022-11-06;-5;
1;6;6;29;2;2;15;13;8;3;2017;35;2;4;5;1;1;13160307;2022-11-06;-6;
3;6;6;34;1;1;15;13;2;2;2015;36;1;3;4;1;1;13160504;2022-08-24;-2;
2;7;7;42;1;1;17;13;1;4;2013;39;1;4;5;1;1;13160507;2022-09-13;3;
3;6;5;33;1;1;9;13;2;3;2016;39;1;4;4;1;1;13160510;2022-10-24;-6;
3;6;7;36;2;2;10;13;1;4;2017;31;1;5;5;1;1;13160601;2022-09-15;5;
3;6;5;36;1;1;13;13;2;3;2018;29;1;4;3;1;1;13160603;2022-09-15;7;
1;7;5;50;2;2;11;13;1;1;1996;52;1;4;4;1;1;13160604;2022-09-26;-2;
3;7;6;31;2;2;9;13;8;3;2010;34;1;4;5;1;1;13160806;2022-11-05;-3;
1;4;2;43;2;2;9;13;8;3;2000;44;1;3;3;1;1;13160904;2022-10-20;-1;
1;4;5;59;2;2;7;13;8;3;1991;64;2;3;4;1;1;13160905;2022-10-20;-5;
1;7;7;40;2;2;9;13;1;1;2001;43;1;3;4;1;1;13160906;2022-10-20;-3;
1;7;6;45;2;2;9;13;1;1;1994;45;1;4;5;1;1;13160910;2022-10-25;0;
1;5;6;62;1;1;9;13;1;5;1986;60;1;4;4;1;1;13161002;2022-09-30;2;
1;7;7;61;2;2;6;13;2;6;1978;65;1;3;4;1;1;13161101;2022-09-21;-4;
3;7;7;39;1;1;9;13;1;4;2004;41;1;3;4;1;1;13161104;2022-09-22;-2;
1;5;7;51;2;2;7;13;2;2;1986;71;1;2;4;1;1;13161105;2022-09-26;-20;
3;7;5;61;2;2;9;13;1;3;1989;60;1;4;4;1;1;13161106;2022-09-27;1;
1;1;4;73;2;2;6;13;1;3;1967;76;1;3;3;1;1;13161201;2022-10-21;-3;
1;2;5;63;2;2;9;13;1;2;1978;61;2;3;4;1;1;13161202;2022-10-21;2;
3;6;6;70;1;1;15;13;1;5;1971;71;2;4;4;1;1;13161203;2022-10-24;-1;
1;6;3;29;2;2;14;13;8;6;2022;30;1;4;4;1;1;13161303;2022-10-17;-1;
2;7;4;23;2;2;9;13;2;2;2014;23;1;4;3;1;1;13161305;2022-10-17;0;
2;4;5;78;1;1;6;13;1;3;1970;78;2;3;3;1;1;13161401;2022-12-02;0;
1;5;6;51;1;1;7;13;1;5;1993;47;1;5;4;1;1;13161605;2022-10-16;4;
1;7;7;25;2;2;9;13;2;1;2018;24;1;4;4;1;1;13161606;2022-10-16;1;
3;6;4;32;1;1;9;13;2;4;2015;36;1;4;3;1;1;13161703;2022-11-27;-4;
3;7;5;27;2;2;14;13;2;1;2014;30;1;4;3;1;1;13161704;2022-11-27;-3;
2;7;7;31;1;1;9;13;2;4;2015;40;1;4;4;1;1;13161705;2022-11-27;-9;
2;7;7;37;1;1;15;13;2;2;2017;36;1;4;4;1;1;13161801;2022-12-03;1;
3;7;7;51;1;1;15;13;2;3;2011;47;1;5;3;1;1;13161803;2022-12-03;4;
3;6;6;51;2;2;11;13;1;1;1995;49;1;3;4;1;1;13161804;2022-12-03;2;
3;7;5;43;1;1;9;13;2;3;2002;43;;3;3;1;1;13161906;2022-10-23;0;
3;5;5;29;2;2;9;13;2;3;2019;30;1;3;3;1;1;13161910;2022-10-23;-1;
3;5;4;49;1;2;9;13;2;3;2016;46;1;3;3;1;1;13162001;2022-11-25;3;
3;5;6;52;1;1;9;13;8;3;1992;51;1;4;4;1;1;13162004;2022-11-25;1;
2;5;6;58;2;2;7;13;2;2;1986;63;1;5;4;1;1;13162005;2022-11-25;-5;
2;7;5;33;2;2;9;13;1;2;2006;33;1;4;3;1;1;13162101;2022-11-29;0;
2;7;5;57;2;2;11;13;1;1;1986;57;1;4;4;1;1;13162105;2022-11-29;0;
3;6;4;55;1;1;9;13;1;4;1996;60;1;4;2;1;1;13162204;2022-12-02;-5;
3;4;5;76;1;1;6;13;2;3;2002;77;2;3;3;1;1;13162205;2022-12-02;-1;
3;7;6;59;2;2;13;13;1;3;2006;57;1;5;4;1;1;13162206;2022-12-02;2;
3;6;5;64;1;1;7;13;2;4;1984;70;1;4;3;1;1;13162301;2022-11-24;-6;
3;4;4;30;2;2;9;13;8;2;2022;31;2;4;3;1;1;13162303;2022-11-24;-1;
2;7;5;71;1;1;10;13;1;3;1972;67;1;4;3;1;1;13162401;2022-12-01;4;
1;6;6;69;2;2;9;13;1;1;1978;68;2;4;5;1;1;13162501;2022-12-02;1;
3;7;6;44;1;1;9;13;2;3;2009;46;1;4;3;1;1;13162503;2022-12-02;-2;
2;6;6;44;2;2;9;13;2;2;2010;45;1;3;3;1;1;13162602;2022-11-29;-1;
3;6;5;30;1;1;13;13;2;5;2020;23;2;4;2;1;1;13162604;2022-11-29;7;
1;5;6;51;2;2;9;13;2;1;1995;55;1;3;3;1;1;13162606;2022-11-29;-4;
3;6;2;41;2;2;13;13;2;3;2018;43;1;3;3;1;1;13162703;2022-11-30;-2;
3;6;4;23;2;2;14;13;2;2;2019;27;1;4;4;1;1;13162704;2022-11-30;-4;
2;7;4;34;2;2;9;13;8;1;2007;35;1;4;3;1;1;13162804;2022-11-28;-1;
3;7;7;73;1;1;7;13;1;3;1988;75;1;3;5;1;1;13163002;2022-12-02;-2;
2;2;6;97;2;2;6;13;1;2;1975;68;2;3;3;1;1;13163102;2022-11-26;29;
3;4;3;50;2;2;15;13;1;4;1994;52;1;4;4;1;1;13163203;2022-11-04;-2;
3;;3;75;1;1;6;13;1;3;1982;77;2;4;2;1;1;13163204;2022-11-05;-2;
3;7;7;49;1;1;9;13;1;4;1998;44;1;3;4;1;1;13163205;2022-11-05;5;
1;6;6;49;2;2;7;13;1;6;2002;39;1;3;3;1;1;13163302;2022-08-18;10;
1;7;7;56;2;2;9;13;1;2;1985;56;1;4;4;1;1;13163401;2022-08-17;0;
3;6;6;66;1;1;7;13;2;4;1980;60;1;3;2;1;1;13163405;2022-08-16;6;
2;7;6;45;1;1;7;13;5;2;2012;36;1;4;4;1;1;13163408;2022-08-17;9;
3;1;6;29;2;2;9;13;1;2;2015;30;2;4;4;1;1;13163501;2022-08-23;-1;
3;5;4;33;2;2;9;13;2;2;2007;32;1;3;4;1;1;13163503;2022-08-23;1;
2;6;7;49;2;2;9;13;8;2;1998;47;1;3;4;1;1;13163506;2022-08-24;2;
1;6;2;58;2;2;9;13;1;2;1984;62;1;2;4;1;1;13163507;2022-08-25;-4;
1;5;5;44;2;2;13;13;1;2;1998;44;1;2;4;1;1;13163509;2022-08-25;0;
3;6;7;76;1;1;8;13;1;3;1970;73;2;3;4;1;1;13163601;2022-08-30;3;
3;7;5;29;2;2;13;13;2;4;2013;30;1;4;4;1;1;13163603;2022-08-25;-1;
1;7;6;47;1;1;9;13;2;2;1998;57;1;4;4;1;1;13163604;2022-08-26;-10;
3;1;6;47;2;2;9;13;1;4;1992;52;1;3;3;1;1;13163607;2022-08-26;-5;
1;7;7;60;2;2;9;13;5;6;2015;62;1;4;4;1;1;13163701;2022-11-07;-2;
1;5;6;40;1;1;13;13;1;2;2010;39;2;4;4;1;1;13163704;2022-11-07;1;
3;6;6;29;2;2;9;13;2;3;2014;34;1;4;4;1;1;13163705;2022-11-07;-5;
2;7;6;44;2;2;15;13;1;2;1999;48;1;4;5;1;1;13163706;2022-11-07;-4;
3;6;6;34;2;2;13;13;2;4;2020;27;1;4;4;1;1;13163707;2022-11-08;7;
3;6;6;30;1;1;14;13;2;3;2013;28;1;4;4;1;1;13163801;2022-11-14;2;
3;7;6;62;1;1;9;13;1;4;1987;55;1;3;3;1;1;13163802;2022-11-14;7;
1;5;6;50;2;2;10;13;1;6;2003;51;1;4;4;1;1;13163806;2022-11-17;-1;
2;6;6;42;1;1;15;13;1;2;2011;36;1;3;4;1;1;13163809;2022-11-17;6;
1;5;6;64;2;2;7;13;1;6;1973;67;1;3;4;1;1;13163810;2022-11-17;-3;
1;7;4;45;1;1;15;13;1;1;2006;40;1;3;4;1;1;13163903;2022-11-10;5;
3;6;6;60;1;1;15;13;1;4;1986;63;1;3;4;1;1;13163904;2022-11-10;-3;
1;7;7;37;2;2;13;13;1;6;2002;42;1;5;5;1;1;13163905;2022-11-10;-5;
3;5;4;50;2;2;15;13;1;3;1994;51;2;3;4;1;1;13163906;2022-11-10;-1;
3;6;6;54;1;1;9;13;2;5;2013;51;1;4;4;1;1;13163907;2022-11-10;3;
1;7;7;42;2;2;9;13;2;6;2000;41;1;4;3;1;1;13163908;2022-11-12;1;
3;7;7;29;2;2;15;13;2;5;2016;30;1;4;4;1;1;13164001;2022-11-13;-1;
1;5;4;31;2;2;9;13;1;6;2017;33;1;3;3;1;1;13164006;2022-11-18;-2;
1;5;5;45;2;2;11;13;2;6;1996;57;1;3;4;1;1;13164008;2022-11-18;-12;
3;2;6;36;2;2;9;13;2;5;2016;26;2;4;4;1;1;13164010;2022-11-18;10;
2;1;4;73;2;2;8;13;1;2;1968;79;2;3;4;1;1;13164101;2022-08-29;-6;
3;6;7;62;1;1;13;13;1;4;1990;53;1;4;5;1;1;13164102;2022-08-29;9;
1;6;6;23;2;2;9;13;2;6;2016;24;1;4;4;1;1;13164103;2022-08-29;-1;
3;7;6;24;1;1;7;13;2;4;2022;20;1;4;3;1;1;13164104;2022-09-20;4;
3;7;7;51;1;1;9;13;2;2;2018;47;1;5;4;1;1;13164107;2022-09-21;4;
3;6;6;53;2;2;7;13;2;1;2001;55;1;4;4;1;1;13164201;2022-11-15;-2;
2;5;6;56;2;2;13;13;2;2;2014;55;1;4;4;1;1;13164203;2022-11-15;1;
3;2;6;29;1;1;9;13;2;4;2012;27;2;3;4;1;1;13164206;2022-11-16;2;
3;6;6;68;2;2;6;13;1;3;1969;72;1;3;4;1;1;13164209;2022-11-16;-4;
3;6;6;79;2;2;8;13;1;3;1976;74;1;4;4;1;1;13164301;2022-11-09;5;
3;5;5;40;1;1;9;13;2;3;2016;42;1;3;4;1;1;13164303;2022-11-09;-2;
2;5;3;44;2;2;9;13;2;2;2003;40;1;3;3;1;1;13164304;2022-11-09;4;
1;6;6;28;2;2;9;13;1;6;2010;29;1;4;4;1;1;13164305;2022-11-11;-1;
3;5;6;60;1;1;9;13;1;3;1992;57;2;3;4;1;1;13164306;2022-11-11;3;
3;1;6;50;1;1;9;13;1;5;1992;50;2;5;3;1;1;13164308;2022-11-12;0;
3;7;6;33;2;2;15;13;2;3;2013;32;1;5;5;1;1;13164309;2022-11-12;1;
3;6;6;20;1;1;9;13;8;3;2022;23;1;4;4;1;1;13164401;2022-11-10;-3;
3;5;5;64;1;1;9;13;1;4;1981;64;1;5;5;1;1;13164402;2022-11-10;0;
3;7;5;28;1;1;12;13;2;2;2017;29;1;3;4;1;1;13164403;2022-11-10;-1;
3;7;7;48;1;1;10;13;1;4;1998;48;1;4;4;1;1;13164404;2022-11-10;0;
3;6;6;42;2;2;15;13;6;4;2017;44;1;4;4;1;1;13164406;2022-11-10;-2;
1;7;6;29;2;2;13;13;8;6;2018;31;1;3;4;1;1;13164408;2022-11-10;-2;
3;6;6;44;2;2;13;13;2;4;2022;43;1;4;4;1;1;13164708;2022-11-08;1;
3;3;5;62;1;1;10;13;1;4;1983;62;1;3;3;1;1;13164803;2022-11-11;0;
3;5;5;56;1;1;13;13;1;4;1990;50;2;4;4;1;1;13164805;2022-11-11;6;
3;6;6;64;1;1;9;13;1;5;1990;60;1;4;4;1;1;13164806;2022-11-11;4;
3;7;3;57;2;2;15;13;1;6;1987;60;1;4;3;1;1;13164809;2022-11-12;-3;
1;7;;60;2;2;7;13;1;6;2002;52;1;3;;1;1;13164810;2022-11-12;8;
3;1;6;76;2;2;8;13;1;3;1962;82;2;4;3;1;1;13164901;2022-11-13;-6;
2;;;75;2;2;6;13;1;2;1966;80;;3;3;1;1;13164906;2022-11-13;-5;
3;2;5;69;2;2;6;13;1;3;1970;75;1;2;4;1;1;13164907;2022-11-13;-6;
3;5;5;41;1;1;15;13;1;4;2000;41;1;3;4;1;1;13165002;2022-11-12;0;
3;6;7;38;1;1;9;13;1;2;2013;35;1;4;4;1;1;13165003;2022-11-13;3;
3;4;5;63;2;2;1;13;1;3;1986;70;2;2;2;1;1;13165004;2022-11-13;-7;
3;5;5;76;2;2;15;13;1;3;1966;80;1;3;4;1;1;13165006;2022-11-10;-4;
3;6;3;34;2;2;15;13;2;4;2016;33;1;4;4;1;1;13165201;2022-11-12;1;
3;3;4;77;1;1;12;13;1;4;1976;66;2;3;4;1;1;13165202;2022-11-12;11;
3;6;6;55;1;1;11;13;1;4;1990;55;1;3;4;1;1;13165203;2022-11-12;0;
3;5;7;58;1;1;9;13;1;4;1978;59;1;2;4;1;1;13165205;2022-11-12;-1;
3;5;6;60;1;1;15;13;1;4;1989;58;1;4;4;1;1;13165206;2022-11-10;2;
2;6;6;38;2;2;12;13;1;2;2012;31;1;4;4;1;1;13165209;2022-11-08;7;
3;5;6;59;2;2;9;13;1;3;2007;64;1;3;3;1;1;13165210;2022-11-12;-5;
1;6;7;63;2;2;7;13;1;6;1977;70;1;3;4;1;1;13165301;2022-11-07;-7;
3;7;6;47;2;2;15;13;2;2;2012;41;1;4;4;1;1;13165302;2022-11-07;6;
1;7;7;58;2;2;9;13;1;6;1988;58;1;4;4;1;1;13165403;2022-11-07;0;
1;6;6;75;2;2;9;13;1;3;1972;71;2;3;4;1;1;13165405;2022-11-07;4;
3;;;82;2;2;7;13;1;;1958;89;2;2;1;1;1;13165406;2022-11-07;-7;
3;5;;74;1;1;9;13;2;;1982;56;;3;3;1;1;13165408;2022-11-07;18;
3;6;7;81;1;1;14;13;6;3;2016;77;1;5;4;1;1;13165409;2022-11-08;4;
3;5;7;61;1;1;13;13;1;4;1981;63;1;4;4;1;1;13165502;2022-11-14;-2;
3;5;6;47;2;2;15;13;8;3;1996;57;1;4;4;1;1;13165506;2022-11-14;-10;
1;5;7;62;2;2;12;13;1;6;1987;76;1;4;3;1;1;13165507;2022-11-14;-14;
1;4;6;65;2;2;15;13;1;2;1982;69;2;4;4;1;1;13165508;2022-11-14;-4;
3;6;6;18;2;2;9;13;2;3;2020;19;1;3;4;1;1;13165803;2022-07-29;-1;
2;7;7;32;2;2;10;13;1;2;2008;33;1;4;4;1;1;13165804;2022-07-29;-1;
1;6;6;52;2;2;9;13;1;2;1984;61;1;4;4;1;1;13165901;2022-08-01;-9;
3;7;5;51;1;1;10;13;1;1;2020;46;1;5;4;1;1;13165902;2022-08-01;5;
1;7;2;52;2;2;9;13;1;2;1990;51;1;2;4;1;1;13166001;2022-08-24;1;
2;7;7;37;2;2;10;13;1;1;2006;36;1;4;4;1;1;13166002;2022-08-24;1;
3;6;6;72;1;1;9;13;1;4;1969;71;;3;4;1;1;13166003;2022-08-24;1;
1;7;7;70;2;2;14;13;1;3;1975;74;1;4;4;1;1;13166005;2022-08-24;-4;
3;6;6;55;1;1;7;13;1;1;1990;56;1;4;4;1;1;13166101;2022-08-08;-1;
1;2;7;73;2;2;6;13;1;2;1968;76;1;4;4;1;1;13166102;2022-08-08;-3;
1;6;7;54;2;2;9;13;1;6;1994;52;1;3;5;1;1;13166103;2022-08-08;2;
2;7;5;27;2;2;9;13;2;2;2015;25;1;4;4;1;1;13166104;2022-08-08;2;
3;7;7;77;2;2;6;13;1;2;1970;72;1;3;4;1;1;13166201;2022-08-17;5;
3;4;6;67;2;2;9;13;1;1;1976;68;2;3;5;1;1;13166203;2022-08-17;-1;
1;5;3;27;2;2;9;13;2;1;2021;26;1;3;4;1;1;13166205;2022-08-17;1;
2;5;6;65;2;2;6;13;1;1;1973;68;2;3;3;1;1;13166302;2022-08-07;-3;
1;7;7;47;2;2;15;13;1;2;2008;63;1;4;4;1;1;13166303;2022-08-10;-16;
1;7;5;29;2;2;11;13;2;6;2017;26;1;4;4;1;1;13166304;2022-08-10;3;
1;7;6;51;2;2;10;13;1;6;2001;49;1;4;4;1;1;13166305;2022-08-10;2;
2;1;5;73;2;2;1;13;1;2;1967;78;2;3;4;1;1;13166307;2022-08-11;-5;
2;5;7;37;2;2;12;13;1;2;2007;40;1;4;5;1;1;13166308;2022-08-11;-3;
3;2;6;74;1;1;6;13;1;3;1970;74;2;2;4;1;1;13166402;2022-08-22;0;
3;4;6;76;1;1;8;13;1;4;1960;76;1;4;3;1;1;13166403;2022-08-22;0;
3;1;7;60;2;2;6;13;1;2;1985;70;2;4;4;1;1;13166501;2022-08-25;-10;
3;5;7;65;1;1;10;13;1;1;1973;65;2;4;4;1;1;13166601;2022-08-23;0;
3;5;6;72;1;1;8;13;1;3;1968;72;1;2;4;1;1;13166602;2022-08-23;0;
1;6;2;59;1;1;11;13;1;2;2011;58;1;3;4;1;1;13166603;2022-08-23;1;
2;6;5;62;2;2;10;13;1;3;1983;67;2;3;4;1;1;13166604;2022-08-23;-5;
2;7;6;35;2;2;15;13;8;2;2017;34;1;3;4;1;1;13166605;2022-08-23;1;
2;5;6;71;2;2;8;13;8;2;1987;64;2;4;4;1;1;13166803;2022-08-09;7;
3;7;7;52;2;2;15;13;1;3;1996;60;1;4;4;1;1;13167701;2022-11-28;-8;
2;4;6;83;2;2;7;13;1;3;1955;84;2;3;3;1;1;13167703;2022-11-28;-1;
3;;6;84;2;2;8;13;1;3;1960;76;2;4;4;1;1;13167705;2022-11-28;8;
3;3;5;22;2;2;15;13;2;3;2018;25;1;4;4;1;1;13167706;2022-11-28;-3;
3;7;5;34;2;2;14;13;1;3;2014;32;1;4;4;1;1;13167707;2022-11-28;2;
3;7;7;26;2;2;15;13;2;3;2016;28;1;5;4;1;1;13167709;2022-11-28;-2;
3;5;5;68;2;2;13;13;1;3;1982;68;2;5;4;1;1;13167803;2022-11-28;0;
3;5;4;62;2;1;13;13;1;3;1992;54;2;3;4;1;1;13167804;2022-11-28;8;
3;6;5;55;2;2;13;13;1;3;2015;63;2;5;4;1;1;13167805;2022-11-28;-8;
3;5;5;75;1;1;15;13;1;3;1970;74;2;3;4;1;1;13167806;2022-11-28;1;
2;6;6;48;2;2;13;13;1;2;2010;52;1;4;4;1;1;13167902;2022-11-28;-4;
3;6;4;38;1;1;14;13;2;3;2000;40;1;4;4;1;1;13167903;2022-11-28;-2;
3;5;5;81;1;1;15;13;1;3;1966;71;2;4;3;1;1;13167907;2022-11-28;10;
3;6;6;42;2;2;15;13;1;3;2002;56;1;4;4;1;1;13167909;2022-11-28;-14;
2;6;6;63;2;2;9;13;1;2;1982;64;1;3;4;1;1;13168001;2022-08-31;-1;
1;7;6;52;2;2;15;13;1;6;1992;52;1;4;4;1;1;13168002;2022-08-31;0;
2;6;7;47;2;2;10;13;2;2;2000;53;1;4;4;1;1;13168004;2022-08-31;-6;
3;7;7;53;2;2;13;13;1;4;1989;54;1;4;4;1;1;13168005;2022-08-31;-1;
2;7;7;45;1;1;10;13;1;4;1991;45;1;3;3;1;1;13168103;2022-09-28;0;
3;7;5;29;1;1;11;13;8;3;2014;30;1;3;3;1;1;13168106;2022-10-04;-1;
2;1;2;52;2;2;7;13;1;3;1997;62;2;2;3;1;1;13168107;2022-10-04;-10;
2;7;7;23;2;2;13;13;8;2;2022;30;1;4;4;1;1;13168110;2022-10-07;-7;
3;7;7;67;1;1;9;13;1;3;1988;74;1;4;4;1;1;13168302;2022-09-01;-7;
1;5;6;35;2;2;9;13;1;6;2007;34;1;4;4;1;1;13168303;2022-09-01;1;
3;5;5;24;2;2;7;13;2;2;2015;29;1;4;4;1;1;13168304;2022-09-01;-5;
1;3;5;56;2;2;7;13;1;6;1986;57;1;2;3;1;1;13168307;2022-09-01;-1;
2;6;3;44;2;2;7;13;1;2;2001;49;1;2;4;1;1;13168308;2022-09-01;-5;
3;6;3;24;1;1;16;13;2;3;2022;26;1;4;4;1;1;13168403;2022-08-30;-2;
3;6;6;61;1;1;9;13;1;3;1984;57;1;4;5;1;1;13168404;2022-08-30;4;
1;3;5;60;2;2;7;13;1;6;1977;66;1;2;3;1;1;13168405;2022-08-30;-6;
3;6;6;25;2;2;9;13;8;3;2021;24;1;4;4;1;1;13168407;2022-08-30;1;
1;5;3;56;2;2;7;13;1;6;1987;61;1;3;4;1;1;13168408;2022-08-30;-5;
2;5;7;66;2;2;7;13;8;5;2003;54;1;3;1;1;1;13168501;2022-08-24;12;
2;7;7;55;2;2;1;13;1;3;1995;52;1;5;4;1;1;13168502;2022-08-24;3;
1;6;4;44;2;2;11;13;1;6;2018;41;1;3;4;1;1;13168503;2022-08-24;3;
1;4;4;62;2;2;7;13;1;2;1977;71;1;3;3;1;1;13168505;2022-10-07;-9;
2;3;1;74;2;2;7;13;1;1;2002;65;1;3;5;1;1;13168506;2022-08-24;9;
3;5;3;33;2;2;11;13;2;6;2020;36;1;3;3;1;1;13168507;2022-08-24;-3;
2;1;7;66;2;2;7;13;1;2;1970;74;2;2;4;1;1;13168701;2022-08-23;-8;
1;6;7;41;2;2;7;13;8;6;1994;48;1;3;4;1;1;13168702;2022-08-23;-7;
3;1;4;59;2;2;9;13;2;5;1997;53;2;3;2;1;1;13168705;2022-10-27;6;
1;6;6;63;2;2;11;13;1;4;1973;76;1;3;4;1;1;13168706;2022-08-23;-13;
1;6;5;33;2;2;9;13;1;6;2017;40;1;3;4;1;1;13168707;2022-08-23;-7;
2;6;3;40;2;2;7;13;1;6;2022;33;1;3;4;1;1;13168708;2022-08-23;7;
3;5;6;72;1;1;8;13;1;3;1976;68;2;3;3;1;1;13168709;2022-10-27;4;
3;5;5;53;2;2;17;13;1;3;2020;62;1;4;4;1;1;13168901;2022-10-18;-9;
2;4;4;50;2;2;9;13;1;2;1991;53;1;3;4;1;1;13168902;2022-10-18;-3;
3;6;5;45;2;2;13;13;1;1;2000;47;1;4;5;1;1;13168906;2022-10-20;-2;
3;6;4;25;2;2;14;13;8;3;2022;27;1;4;4;1;1;13169103;2022-09-28;-2;
2;6;5;30;1;1;9;13;1;3;2017;28;1;3;3;1;1;13169106;2022-09-29;2;
1;2;5;58;2;2;8;13;1;1;1994;64;2;3;3;1;1;13169107;2022-09-30;-6;
3;7;7;41;2;2;10;13;3;4;2020;42;1;3;3;1;1;13169110;2022-09-30;-1;
2;6;4;53;2;2;9;13;1;6;1979;58;1;4;4;1;1;13169206;2022-10-18;-5;
3;7;6;38;1;1;13;13;1;3;2015;40;1;4;4;1;1;13169301;2022-10-24;-2;
3;4;4;54;1;1;15;13;2;4;2014;46;1;3;3;1;1;13169302;2022-10-24;8;
3;7;6;42;1;1;17;13;1;4;2016;40;1;5;4;1;1;13169307;2022-11-14;2;
3;7;1;28;1;1;10;13;8;3;2021;38;2;4;3;1;1;13169401;2022-11-15;-10;
3;5;6;38;1;1;9;13;1;5;2006;41;1;4;4;1;1;13169402;2022-11-15;-3;
3;5;4;61;1;1;7;13;2;3;1982;68;1;4;3;1;1;13169501;2022-10-27;-7;
2;2;6;37;2;2;14;13;1;2;2005;40;1;4;4;1;1;13169502;2022-08-26;-3;
3;7;7;47;1;1;12;13;8;3;2006;51;1;4;4;1;1;13169504;2022-08-27;-4;
1;4;3;41;2;2;9;13;2;6;2022;39;1;3;3;1;1;13169505;2022-10-27;2;
2;4;4;32;2;2;9;13;2;2;2018;35;1;4;4;1;1;13169506;2022-08-26;-3;
2;7;7;24;2;2;9;13;2;2;2016;26;1;5;4;1;1;13169507;2022-08-26;-2;
3;4;3;50;1;1;9;13;1;2;2003;39;1;2;3;1;1;13169803;2022-10-28;11;
2;7;5;37;2;2;11;13;1;3;2004;40;1;3;4;1;1;13169806;2022-10-28;-3;
1;6;4;40;2;2;7;13;1;6;2022;33;1;3;3;1;1;13169807;2022-10-28;7;
1;6;6;48;2;2;12;13;1;6;1996;59;1;3;4;1;1;13169902;2022-10-07;-11;
3;7;4;25;2;2;9;13;8;2;2016;25;1;3;3;1;1;13169903;2022-10-11;0;
3;4;6;58;2;2;7;13;1;3;1982;64;2;3;3;1;1;13169907;2022-10-28;-6;
1;5;7;29;2;2;7;13;8;6;2018;29;1;4;4;1;1;13169908;2022-10-28;0;
3;6;6;36;2;2;11;13;8;3;2021;36;1;4;4;1;1;13170003;2022-08-28;0;
3;6;6;27;2;2;13;13;1;2;2015;29;1;3;4;1;1;13170004;2022-08-28;-2;
1;7;6;35;2;2;12;13;8;6;2017;40;1;3;4;1;1;13170006;2022-10-28;-5;
1;5;7;33;2;2;9;13;8;6;2016;42;1;4;4;1;1;13170201;2022-08-29;-9;
1;7;6;32;2;2;14;13;8;6;2005;41;1;4;4;1;1;13170202;2022-08-29;-9;
1;7;6;21;2;2;9;13;8;6;2020;22;1;4;3;1;1;13170203;2022-08-29;-1;
3;3;7;39;1;1;9;13;1;4;2004;42;1;3;3;1;1;13170204;2022-10-27;-3;
1;5;4;27;2;2;7;13;2;6;2019;35;;2;4;1;1;13170206;2022-08-29;-8;
2;7;7;28;2;2;11;13;2;2;2016;31;1;3;4;1;1;13170207;2022-08-29;-3;
2;3;6;32;2;2;7;13;2;2;2019;38;1;4;4;1;1;13170209;2022-08-29;-6;
1;5;4;48;2;2;7;13;2;6;1991;54;1;3;4;1;1;13170210;2022-08-29;-6;
3;7;5;64;1;1;7;13;1;5;1966;59;1;3;3;1;1;13170602;2022-10-24;5;
1;7;5;26;2;2;7;13;8;6;2020;26;1;4;3;1;1;13170605;2022-10-24;0;
2;4;1;44;2;2;7;13;1;6;1997;44;1;2;3;1;1;13170701;2022-10-21;0;
3;4;6;63;1;1;9;13;1;5;1976;61;2;3;4;1;1;13170702;2022-10-21;2;
3;7;6;27;1;1;9;13;2;4;2015;22;1;2;3;1;1;13170703;2022-10-21;5;
1;6;4;69;2;2;1;13;1;6;1983;63;2;2;2;1;1;13170704;2022-10-21;6;
1;7;7;38;2;2;11;13;2;2;2019;40;1;5;4;1;1;13170705;2022-10-21;-2;
1;1;1;23;2;2;9;13;8;4;2019;23;1;1;3;1;1;13170708;2022-10-22;0;
3;7;7;56;2;2;7;13;1;3;1978;65;1;3;3;1;1;13170709;2022-10-21;-9;
1;1;5;64;1;1;7;13;1;2;1978;61;2;2;2;1;1;13170710;2022-10-21;3;
3;7;5;28;2;2;11;13;1;2;2013;29;1;4;4;1;1;13170801;2022-10-04;-1;
1;3;5;52;2;2;9;13;1;6;1989;55;2;3;4;1;1;13170802;2022-10-04;-3;
1;5;6;38;2;2;9;13;1;6;2007;46;1;4;4;1;1;13170804;2022-10-04;-8;
3;5;5;57;2;2;7;13;1;3;1987;55;1;2;4;1;1;13170805;2022-10-04;2;
1;1;2;44;2;2;7;13;2;6;2007;46;2;2;3;1;1;13170808;2022-10-17;-2;
2;5;5;45;2;2;9;13;1;2;1998;52;1;3;3;1;1;13170901;2022-09-28;-7;
3;7;5;25;2;2;13;13;2;2;2020;27;1;4;5;1;1;13170902;2022-09-28;-2;
1;5;3;38;2;2;11;13;2;2;2003;60;1;3;3;1;1;13170903;2022-09-28;-22;
3;7;6;28;2;2;13;13;2;3;2012;29;1;5;4;1;1;13170904;2022-09-28;-1;
3;7;7;39;2;2;9;13;2;2;2009;39;1;4;5;1;1;13170905;2022-09-28;0;
2;5;6;67;2;2;9;13;2;2;2002;76;2;4;4;1;1;13170908;2022-09-26;-9;
1;6;5;47;2;2;7;13;1;1;1990;50;1;3;4;1;1;13170909;2022-09-26;-3;
2;3;5;50;2;2;7;13;1;6;1998;58;2;3;3;1;1;13170910;2022-09-26;-8;
1;7;6;53;2;2;9;13;1;6;1986;55;1;4;4;1;1;13171007;2022-10-21;-2;
3;7;5;31;2;2;13;13;2;4;2020;30;1;4;4;1;1;13171008;2022-10-22;1;
1;5;3;56;2;2;1;13;1;6;1988;60;1;3;2;1;1;13171009;2022-10-22;-4;
3;7;4;43;2;2;7;13;2;3;2015;38;1;2;4;1;1;13171010;2022-10-22;5;
2;1;5;30;2;2;9;13;2;6;2019;42;2;3;3;1;1;13171203;2022-10-26;-12;
1;7;7;40;2;2;7;13;2;6;2017;55;1;4;4;1;1;13171204;2022-10-26;-15;
1;6;5;52;2;2;7;13;1;6;1991;53;1;4;3;1;1;13171207;2022-09-28;-1;
2;7;7;48;2;2;7;13;1;3;1995;49;1;4;4;1;1;13171208;2022-10-25;-1;
1;2;5;35;2;2;7;13;8;6;2015;28;1;4;4;1;1;13171301;2022-09-23;7;
2;5;4;72;1;1;7;13;2;4;1980;77;2;4;3;1;1;13171302;2022-09-23;-5;
3;5;3;66;1;1;9;13;1;1;1982;56;1;3;3;1;1;13171305;2022-09-23;10;
1;7;4;48;2;2;11;13;2;6;1998;49;1;4;4;1;1;13171308;2022-09-23;-1;
1;6;3;58;2;2;7;13;1;6;1982;60;1;3;3;1;1;13171309;2022-09-23;-2;
2;5;5;58;2;2;7;13;1;4;1994;51;1;3;4;1;1;13171310;2022-10-27;7;
3;7;6;18;2;2;9;13;8;5;2021;19;1;3;4;1;1;13171601;2022-10-24;-1;
3;5;6;38;1;1;11;13;1;5;2003;37;1;4;4;1;1;13171606;2022-10-22;1;
1;5;7;23;2;2;11;13;2;6;2017;24;1;4;3;1;1;13171607;2022-10-24;-1;
3;1;2;52;2;2;9;13;1;5;1999;46;2;3;2;1;1;13171610;2022-10-24;6;
3;5;7;26;1;1;9;13;8;5;2016;25;1;4;3;1;1;13171701;2022-10-25;1;
1;5;7;60;1;1;7;13;1;6;1979;58;2;4;4;1;1;13171702;2022-10-25;2;
1;7;5;31;2;2;9;13;1;6;2019;27;1;4;4;1;1;13171703;2022-10-25;4;
3;5;6;61;1;1;7;13;5;5;1986;60;2;3;3;1;1;13171704;2022-10-25;1;
1;6;6;51;1;1;7;13;1;6;1998;58;1;4;4;1;1;13171705;2022-10-25;-7;
3;7;2;21;1;1;13;13;2;5;2022;22;1;4;3;1;1;13171709;2022-10-25;-1;
1;7;7;28;2;2;11;13;2;2;2017;29;1;5;5;1;1;13171710;2022-10-25;-1;
3;7;5;57;2;2;7;13;1;3;1997;67;1;3;4;1;1;13171801;2022-09-15;-10;
1;7;7;31;1;1;14;13;1;6;2015;32;1;4;4;1;1;13171802;2022-09-15;-1;
1;6;4;45;2;2;9;13;2;6;1998;46;1;3;4;1;1;13171804;2022-09-15;-1;
1;5;5;61;2;2;7;13;8;6;1983;64;1;3;3;1;1;13171805;2022-10-27;-3;
3;6;6;34;2;2;11;13;2;2;2009;35;1;4;4;1;1;13171806;2022-09-15;-1;
1;1;7;65;2;2;7;13;1;6;1975;67;2;3;4;1;1;13171807;2022-09-15;-2;
1;7;7;34;2;2;7;13;1;1;2005;39;1;3;4;1;1;13171810;2022-10-27;-5;
3;7;7;26;1;1;13;13;8;5;2017;26;1;4;4;1;1;13171901;2022-10-14;0;
1;6;6;29;2;2;9;13;8;6;2016;31;1;5;3;1;1;13171904;2022-10-14;-2;
3;7;5;31;2;2;7;13;8;3;2012;46;1;3;3;1;1;13171907;2022-10-17;-15;
3;1;3;38;2;2;9;13;8;2;2011;41;1;1;3;1;1;13171908;2022-10-17;-3;
1;2;1;59;2;2;7;13;1;6;1985;66;2;2;3;1;1;13171909;2022-10-17;-7;
2;7;7;65;1;1;9;13;1;3;1982;65;1;4;4;1;1;13172003;2022-10-13;0;
3;7;7;47;1;1;12;13;5;5;2006;45;1;4;3;1;1;13172004;2022-10-13;2;
1;5;7;57;2;2;9;13;1;6;1995;56;1;3;4;1;1;13172005;2022-10-13;1;
3;5;5;31;1;1;9;13;1;4;2016;28;1;4;4;1;1;13172008;2022-10-18;3;
3;7;5;34;1;1;7;13;8;4;2009;32;1;4;4;1;1;13172009;2022-10-18;2;
1;5;4;48;2;2;9;13;2;6;2011;43;1;3;3;1;1;13172102;2022-10-18;5;
1;6;4;35;2;2;13;13;1;6;2017;40;1;3;4;1;1;13172104;2022-10-18;-5;
1;1;7;67;2;2;7;13;1;6;1983;65;2;2;5;1;1;13172105;2022-10-19;2;
2;7;4;65;2;2;7;13;1;2;1981;66;1;3;4;1;1;13172107;2022-10-19;-1;
1;7;6;56;2;2;9;13;1;6;1985;62;2;3;4;1;1;13172108;2022-10-19;-6;
1;7;7;29;2;2;9;13;8;6;2018;35;1;5;4;1;1;13172205;2022-10-20;-6;
2;7;6;45;1;1;9;13;2;5;2019;35;1;2;3;1;1;13172206;2022-09-07;10;
3;7;6;27;1;1;12;13;2;3;2017;27;1;4;4;1;1;13172207;2022-10-20;0;
2;5;7;56;1;1;9;13;1;2;1990;54;1;3;5;1;1;13172208;2022-09-07;2;
1;1;5;63;2;2;11;13;1;6;1978;67;2;4;4;1;1;13172210;2022-10-20;-4;
3;7;7;43;2;2;15;13;8;4;2020;44;1;5;4;1;1;13172302;2022-10-12;-1;
2;4;3;36;2;2;15;13;1;2;2006;37;2;4;4;1;1;13172303;2022-10-12;-1;
3;4;5;79;1;1;9;13;1;3;1961;79;2;4;4;1;1;13172304;2022-10-12;0;
2;6;3;34;2;2;11;13;8;2;2021;36;1;3;3;1;1;13172308;2022-10-20;-2;
2;7;6;54;2;2;9;13;1;2;1990;56;1;4;4;1;1;13172310;2022-10-19;-2;
2;6;7;71;2;2;7;13;8;3;1990;66;1;4;4;1;1;13172401;2022-09-12;5;
1;7;6;51;2;2;7;13;1;2;1992;58;1;3;3;1;1;13172402;2022-09-12;-7;
1;7;7;54;2;2;7;13;1;2;1988;56;1;4;4;1;1;13172404;2022-09-12;-2;
1;6;5;55;2;2;9;13;1;6;2005;43;1;4;3;1;1;13172405;2022-09-12;12;
3;6;7;42;2;2;7;13;2;1;2010;43;1;2;4;1;1;13172406;2022-09-12;-1;
1;6;5;47;2;2;9;13;2;6;1995;53;1;4;3;1;1;13172407;2022-09-12;-6;
1;5;5;62;2;2;9;13;1;6;1980;65;;3;3;1;1;13172408;2022-09-12;-3;
1;5;4;43;1;1;12;13;1;6;2001;46;1;2;3;1;1;13172409;2022-09-12;-3;
1;7;6;53;2;2;11;13;1;6;1989;56;1;3;4;1;1;13172410;2022-09-12;-3;
1;6;6;43;2;2;9;13;8;6;2003;50;2;3;3;1;1;13172501;2022-08-26;-7;
1;7;6;33;2;2;9;13;2;6;2015;30;1;3;4;1;1;13172504;2022-08-29;3;
3;6;4;30;2;2;13;13;1;2;2007;36;1;4;3;1;1;13172505;2022-09-01;-6;
1;7;5;37;2;2;11;13;6;6;2018;40;1;4;4;1;1;13172509;2022-10-27;-3;
1;7;6;47;1;1;9;13;1;5;1991;47;1;3;4;1;1;13172602;2022-08-27;0;
2;6;7;36;2;2;7;13;8;2;2004;47;1;3;3;1;1;13172604;2022-08-26;-11;
1;5;4;36;2;2;9;13;2;5;2020;34;1;4;4;1;1;13172605;2022-10-27;2;
1;7;7;20;2;2;12;13;1;6;2020;23;1;4;5;1;1;13172606;2022-08-27;-3;
1;3;4;55;2;2;7;13;2;6;1999;76;1;3;4;1;1;13172608;2022-08-26;-21;
1;4;6;50;2;2;9;13;1;6;2002;49;1;4;4;1;1;13172609;2022-08-26;1;
3;6;6;69;1;1;6;13;1;3;1974;65;;3;4;1;1;13172610;2022-10-27;4;
2;4;7;71;2;2;7;13;1;3;1994;55;1;3;4;1;1;13172701;2022-09-09;16;
1;7;4;40;1;1;9;13;8;5;2004;46;1;3;4;1;1;13172702;2022-09-10;-6;
3;7;6;47;2;2;9;13;1;5;1991;50;1;4;4;1;1;13172704;2022-09-10;-3;
2;7;6;28;2;2;9;13;8;2;2012;30;1;4;4;1;1;13172705;2022-09-10;-2;
2;;4;73;2;2;1;13;1;6;1975;73;;2;3;1;1;13172706;2022-09-09;0;
2;7;7;31;2;2;11;13;1;2;2011;50;1;4;4;1;1;13172709;2022-09-10;-19;
3;6;6;54;1;1;7;13;1;5;1990;53;1;4;4;1;1;13172710;2022-09-10;1;
2;7;5;42;2;2;11;13;1;2;2000;49;1;3;4;1;1;13172801;2022-09-02;-7;
1;7;6;42;2;2;9;13;1;6;2000;50;1;2;3;1;1;13172802;2022-09-03;-8;
2;5;5;43;1;1;12;13;1;4;2005;34;1;3;4;1;1;13172805;2022-09-03;9;
2;4;5;24;2;2;14;13;2;1;2018;27;1;3;3;1;1;13172806;2022-09-02;-3;
1;5;7;57;2;2;9;13;1;6;1991;61;1;4;4;1;1;13172809;2022-09-03;-4;
3;4;7;49;2;2;9;13;2;3;1988;51;1;4;4;1;1;13172901;2022-09-06;-2;
1;7;7;38;2;2;9;13;8;6;2018;38;2;4;4;1;1;13172902;2022-09-06;0;
2;5;6;61;2;2;7;13;1;1;1982;66;2;4;3;1;1;13172904;2022-09-06;-5;
3;7;4;47;1;1;9;13;1;6;1989;55;1;3;3;1;1;13172905;2022-09-06;-8;
2;7;6;49;2;2;11;13;1;2;1997;51;1;3;4;1;1;13172906;2022-09-06;-2;
1;5;5;37;2;2;11;13;1;6;2016;50;1;4;4;1;1;13172908;2022-09-06;-13;
1;6;5;48;2;2;11;13;1;6;2002;40;1;4;4;1;1;13172910;2022-09-06;8;
3;4;5;33;2;2;11;13;8;3;2020;33;1;3;3;1;1;13173003;2022-09-01;0;
1;7;7;29;2;2;9;13;8;6;2011;28;1;4;4;1;1;13173005;2022-10-26;1;
3;6;6;62;1;1;9;13;2;5;2013;40;1;4;3;1;1;13173006;2022-09-01;22;
3;7;5;60;2;2;7;13;1;4;1986;60;1;3;4;1;1;13173008;2022-10-26;0;
3;4;5;55;1;1;7;13;8;4;1995;60;2;3;3;1;1;13173009;2022-10-26;-5;
1;5;6;34;2;2;10;13;2;6;2005;38;1;4;4;1;1;13173102;2022-09-14;-4;
1;7;7;50;2;2;7;13;2;6;2000;50;1;3;4;1;1;13173107;2022-09-14;0;
3;6;5;46;2;2;9;13;1;2;1994;50;1;3;3;1;1;13173108;2022-09-14;-4;
3;6;6;61;2;2;15;13;2;2;1994;68;2;4;3;1;1;13173109;2022-09-14;-7;
3;6;5;57;1;1;9;13;2;2;1994;51;1;3;4;1;1;13173110;2022-09-14;6;
2;3;7;67;1;1;7;13;1;2;1995;76;2;1;4;1;1;13173201;2022-08-31;-9;
2;7;5;62;2;2;9;13;1;4;1989;59;2;3;4;1;1;13173202;2022-08-31;3;
2;1;5;60;2;2;7;13;8;6;2007;80;2;2;4;1;1;13173203;2022-08-31;-20;
3;7;5;29;1;1;9;13;8;4;2018;31;1;3;3;1;1;13173204;2022-09-01;-2;
3;3;1;41;2;2;9;13;8;3;2002;47;2;2;3;1;1;13173303;2022-09-07;-6;
1;7;6;39;2;2;9;13;1;6;2006;53;1;4;4;1;1;13173304;2022-09-07;-14;
3;7;7;51;1;1;11;13;1;5;1994;51;1;5;4;1;1;13173309;2022-09-07;0;
3;1;5;71;2;2;13;13;1;5;1977;72;2;5;3;1;1;13173902;2022-08-22;-1;
3;6;6;34;2;2;9;13;1;3;2019;34;1;4;5;1;1;13174002;2022-09-20;0;
3;3;5;70;1;1;15;13;1;5;1985;69;2;3;3;1;1;13174401;2022-08-31;1;
3;6;6;41;2;2;12;13;1;3;2007;42;1;4;4;1;1;13174403;2022-09-01;-1;
1;6;6;53;2;2;13;13;1;6;1994;53;2;4;5;1;1;13174404;2022-09-01;0;
3;6;5;56;1;1;13;13;1;4;1994;54;1;4;4;1;1;13174405;2022-09-01;2;
3;5;5;64;2;2;13;13;1;2;1982;69;2;4;4;1;1;13174406;2022-09-02;-5;
1;6;7;52;2;2;13;13;1;6;2000;52;1;4;4;1;1;13174407;2022-09-02;0;
3;7;5;27;2;2;13;13;1;2;2020;40;1;4;4;1;1;13174409;2022-09-05;-13;
1;7;5;41;2;2;15;13;1;1;2009;41;1;4;4;1;1;13174505;2022-09-27;0;
3;7;5;47;1;1;15;13;2;5;2005;46;1;5;5;1;1;13174506;2022-09-27;1;
3;6;4;33;1;1;14;13;2;3;2018;25;1;3;4;1;1;13174702;2022-09-14;8;
2;2;7;69;2;2;12;13;1;2;1971;71;1;3;3;1;1;13174706;2022-09-15;-2;
3;6;5;27;1;1;13;13;8;3;2020;28;;3;4;1;1;13174707;2022-09-15;-1;
2;7;7;46;1;1;9;13;2;3;2010;46;1;5;4;1;1;13174708;2022-09-15;0;
2;2;6;79;2;2;8;13;1;3;1961;82;2;3;4;1;1;13174709;2022-09-15;-3;
3;4;6;41;2;2;13;13;1;2;2000;42;1;4;4;1;1;13174710;2022-09-15;-1;
3;4;4;34;1;1;11;13;2;4;2010;47;1;4;4;1;1;13174801;2022-09-06;-13;
1;6;7;33;2;2;7;13;2;1;2006;39;1;4;4;1;1;13174802;2022-09-06;-6;
2;3;4;63;2;2;7;13;1;3;1975;65;1;4;4;1;1;13174808;2022-09-07;-2;
3;7;5;42;1;1;11;13;1;4;2003;39;1;4;4;1;1;13174810;2022-09-13;3;
3;6;5;80;1;1;8;13;8;4;2002;60;2;4;4;1;1;13174902;2022-08-25;20;
1;7;5;23;2;2;11;13;8;6;2020;25;1;3;3;1;1;13174903;2022-08-25;-2;
1;7;3;36;2;2;9;13;8;6;2020;24;1;4;3;1;1;13174904;2022-08-25;12;
1;7;7;43;2;2;7;13;1;6;1998;43;1;3;3;1;1;13174908;2022-08-25;0;
3;5;5;46;1;1;12;13;1;3;2018;42;1;4;4;1;1;13175002;2022-11-04;4;
3;5;5;39;1;1;15;13;1;5;2000;38;1;4;4;1;1;13175004;2022-11-04;1;
3;7;7;36;1;1;14;13;8;3;2018;36;1;4;3;1;1;13175101;2022-11-11;0;
2;2;7;54;2;2;7;13;2;6;1996;64;2;2;3;1;1;13175104;2022-11-12;-10;
2;7;5;25;2;2;9;13;8;3;2019;24;1;3;4;1;1;13175108;2022-11-14;1;
2;5;3;39;2;2;11;13;1;2;2002;41;1;3;4;1;1;13175202;2022-11-08;-2;
2;4;5;58;2;2;9;13;1;2;1986;60;2;3;3;1;1;13175203;2022-11-08;-2;
3;7;7;68;1;1;9;13;1;4;1980;64;1;4;4;1;1;13175204;2022-11-08;4;
2;5;7;43;2;2;9;13;1;2;1997;46;1;3;3;1;1;13175206;2022-11-09;-3;
3;7;6;28;2;2;11;13;8;3;2021;29;1;4;4;1;1;13175207;2022-11-09;-1;
3;6;6;29;1;1;15;13;8;4;2018;30;1;4;3;1;1;13175208;2022-11-09;-1;
2;5;6;62;2;2;9;13;6;2;2014;50;1;4;4;1;1;13175210;2022-11-11;12;
1;7;6;60;2;2;9;13;1;1;1988;57;1;3;4;1;1;13175301;2022-11-14;3;
2;2;5;65;2;2;7;13;1;2;1972;69;2;2;3;1;1;13175302;2022-11-14;-4;
2;5;1;34;2;2;11;13;2;2;2021;37;1;2;2;1;1;13175305;2022-11-14;-3;
2;7;7;61;2;2;11;13;1;3;1981;62;1;4;4;1;1;13175306;2022-11-14;-1;
1;7;5;60;2;2;7;13;2;2;1986;60;1;2;2;1;1;13175309;2022-11-15;0;
2;7;7;48;2;2;11;13;1;2;1981;51;1;4;4;1;1;13175310;2022-11-15;-3;
1;7;4;62;2;2;7;13;1;2;1995;66;1;3;3;1;1;13175401;2022-11-07;-4;
1;6;5;58;2;2;11;13;1;2;1991;62;1;3;3;1;1;13175402;2022-11-07;-4;
1;7;7;32;1;1;7;13;1;5;2010;37;1;5;4;1;1;13175403;2022-11-07;-5;
1;6;6;62;1;1;11;13;1;5;1982;58;1;4;3;1;1;13175404;2022-11-07;4;
3;7;7;49;1;1;9;13;8;3;2019;52;1;4;5;1;1;13175408;2022-11-08;-3;
3;4;7;73;1;1;7;13;1;5;1973;71;;4;4;1;1;13175409;2022-11-08;2;
1;6;4;37;2;2;11;13;1;1;2012;42;1;3;3;1;1;13175410;2022-11-10;-5;
2;5;1;40;2;2;11;13;2;1;2011;41;1;3;3;1;1;13175501;2022-11-10;-1;
3;6;5;49;2;2;13;13;2;2;2020;32;1;3;4;1;1;13175502;2022-11-10;17;
3;7;4;70;1;1;7;13;1;3;1973;75;;3;1;1;1;13175503;2022-11-10;-5;
2;5;7;35;2;2;11;13;1;2;2007;53;2;3;2;1;1;13175504;2022-11-11;-18;
3;7;7;42;1;1;11;13;1;5;2018;28;1;5;4;1;1;13175505;2022-11-11;14;
1;7;5;57;2;2;7;13;1;1;1992;55;1;4;4;1;1;13175507;2022-11-12;2;
3;7;7;55;1;1;7;13;2;5;1994;60;1;3;4;1;1;13175508;2022-11-12;-5;
2;7;1;57;2;2;7;13;1;6;1980;65;1;2;3;1;1;13175509;2022-11-12;-8;
2;7;5;34;1;1;17;13;1;2;2018;31;1;4;4;1;1;13175604;2022-11-07;3;
3;6;7;60;2;2;9;13;1;3;1983;62;1;3;4;1;1;13175607;2022-11-08;-2;
3;4;5;48;2;2;7;13;1;4;1992;61;1;4;4;1;1;13175701;2022-11-13;-13;
2;7;1;57;2;2;9;13;2;1;2007;77;1;1;1;1;1;13175702;2022-11-14;-20;
3;5;6;34;2;2;13;13;8;3;2017;50;1;3;4;1;1;13175704;2022-11-14;-16;
2;3;5;78;2;2;7;13;1;2;1965;79;2;3;4;1;1;13175705;2022-11-14;-1;
2;6;7;63;2;2;9;13;1;2;1977;68;1;4;3;1;1;13175706;2022-11-14;-5;
3;7;6;43;2;2;13;13;8;4;2013;45;1;4;3;1;1;13175708;2022-11-14;-2;
2;3;6;47;2;2;12;13;8;2;2017;72;1;2;4;1;1;13175709;2022-11-15;-25;
1;1;6;55;2;2;11;13;1;6;1987;58;2;3;1;1;1;13175801;2022-11-10;-3;
2;3;4;72;2;2;6;13;1;6;1971;92;2;3;3;1;1;13175802;2022-11-10;-20;
1;5;6;46;2;2;11;13;2;1;1998;47;1;4;4;1;1;13175803;2022-11-10;-1;
1;5;6;46;2;2;7;13;2;6;2006;59;1;3;4;1;1;13175805;2022-11-11;-13;
2;3;5;78;2;2;6;13;1;6;1973;77;2;3;3;1;1;13175806;2022-11-11;1;
2;6;3;48;2;2;9;13;1;2;1999;46;1;4;3;1;1;13175902;2022-11-14;2;
3;7;6;29;2;2;9;13;2;3;2015;30;1;4;4;1;1;13175905;2022-11-15;-1;
1;4;6;45;1;1;11;13;1;5;2001;43;1;4;3;1;1;13175906;2022-11-15;2;
3;3;5;55;2;2;7;13;2;3;1999;64;1;3;4;1;1;13176001;2022-11-12;-9;
1;1;3;68;2;2;7;13;1;6;1992;68;2;3;3;1;1;13176006;2022-11-14;0;
2;7;7;52;2;2;9;13;1;2;2014;56;1;4;4;1;1;13176007;2022-11-14;-4;
2;7;6;61;2;2;13;13;1;6;1989;66;1;2;4;1;1;13176009;2022-11-14;-5;
1;6;4;53;2;2;9;13;1;6;1992;57;2;4;4;1;1;13176010;2022-11-14;-4;
1;5;6;50;2;2;7;13;8;6;1991;54;1;2;3;1;1;13176103;2022-11-13;-4;
3;5;6;66;1;1;7;13;1;4;1981;66;1;3;4;1;1;13176104;2022-11-15;0;
3;4;5;34;1;1;11;13;3;5;2018;30;1;4;5;1;1;13176106;2022-11-06;4;
3;5;5;35;1;1;15;13;1;5;2015;30;1;4;4;1;1;13176110;2022-11-06;5;
2;7;7;57;2;2;7;13;2;3;2018;60;1;3;4;1;1;13176207;2022-10-06;-3;
1;7;7;53;2;2;7;13;2;2;2002;47;1;4;4;1;1;13176210;2022-10-07;6;
3;7;4;41;2;2;9;13;1;2;2010;41;1;2;3;1;1;13176302;2022-11-02;0;
3;7;7;30;2;2;12;13;1;1;2011;30;1;3;4;1;1;13176305;2022-11-02;0;
1;7;7;25;2;2;9;13;2;6;2016;29;1;4;4;1;1;13176306;2022-11-02;-4;
1;5;3;34;2;2;11;13;1;6;2018;39;1;4;4;1;1;13176307;2022-11-02;-5;
1;5;7;32;2;2;9;13;2;6;2021;32;1;3;4;1;1;13176308;2022-11-02;0;
2;7;5;51;2;2;11;13;1;6;1988;53;1;3;3;1;1;13176401;2022-10-08;-2;
2;7;6;58;2;2;9;13;2;2;2020;65;1;4;5;1;1;13176402;2022-10-08;-7;
2;1;2;52;2;2;9;13;2;2;1986;51;1;3;;1;1;13176403;2022-10-08;1;
2;6;5;44;2;2;7;13;2;2;2008;46;1;3;3;1;1;13176405;2022-10-09;-2;
1;7;7;63;2;2;1;13;2;6;2001;65;1;2;4;1;1;13176406;2022-10-11;-2;
2;3;4;47;2;2;11;13;1;2;1997;56;1;2;3;1;1;13176408;2022-10-11;-9;
3;6;6;26;1;1;11;13;1;4;2018;26;1;4;5;1;1;13176409;2022-08-24;0;
2;7;6;52;2;2;11;13;2;2;2006;43;1;3;4;1;1;13176410;2022-10-14;9;
2;7;7;31;2;2;9;13;1;1;2010;33;1;3;4;1;1;13176503;2022-10-17;-2;
1;5;4;32;2;2;11;13;2;1;2015;32;1;3;3;1;1;13176504;2022-10-17;0;
2;1;4;65;2;2;7;13;1;3;1976;67;1;3;3;1;1;13176505;2022-10-17;-2;
2;6;5;39;2;2;9;13;2;3;2001;42;1;3;3;1;1;13176507;2022-10-18;-3;
1;1;1;51;2;2;7;13;2;1;2006;53;1;1;3;1;1;13176508;2022-10-20;-2;
2;7;4;50;2;2;7;13;2;2;2020;51;1;3;3;1;1;13176510;2022-10-20;-1;
3;5;3;37;1;1;11;13;1;5;2013;36;1;4;2;1;1;13176602;2022-08-04;1;
2;7;7;59;2;2;15;13;1;2;2020;63;1;4;4;1;1;13176603;2022-08-04;-4;
2;7;7;24;2;2;9;13;1;2;2015;27;1;5;5;1;1;13176607;2022-08-04;-3;
2;7;1;50;2;2;9;13;1;2;1992;49;1;1;1;1;1;13176701;2022-10-21;1;
1;5;4;50;2;2;9;13;1;5;1991;56;1;4;4;1;1;13176702;2022-10-21;-6;
1;2;6;47;2;2;9;13;2;3;2018;46;2;2;3;1;1;13176703;2022-10-21;1;
1;5;6;60;2;2;7;13;1;5;1981;64;1;4;4;1;1;13176705;2022-10-24;-4;
1;6;4;51;2;2;11;13;1;2;1990;53;1;3;3;1;1;13176706;2022-10-24;-2;
1;5;7;26;2;2;11;13;3;6;2011;30;1;5;4;1;1;13176709;2022-11-14;-4;
3;6;6;56;1;1;9;13;1;5;2009;53;1;4;4;1;1;13176710;2022-11-14;3;
1;6;5;30;2;2;9;13;8;6;2010;31;1;4;3;1;1;13176801;2022-11-02;-1;
2;7;7;35;1;1;9;13;1;4;2011;34;1;4;4;1;1;13176802;2022-11-02;1;
1;7;5;40;2;2;9;13;5;2;2019;33;1;3;3;1;1;13176804;2022-11-02;7;
1;6;7;35;2;2;9;13;2;6;2006;39;1;3;3;1;1;13176805;2022-11-03;-4;
1;7;4;40;2;2;11;13;1;2;2006;38;1;3;4;1;1;13176807;2022-11-03;2;
3;5;5;53;2;2;9;13;1;4;2001;48;1;3;4;1;1;13176901;2022-09-26;5;
3;5;7;54;1;1;7;13;2;3;1983;68;1;3;3;1;1;13176903;2022-09-26;-14;
3;3;6;68;2;2;7;13;1;2;1976;69;2;3;4;1;1;13176904;2022-09-26;-1;
1;7;7;55;2;2;9;13;8;6;2018;60;1;4;4;1;1;13176905;2022-09-26;-5;
1;2;4;62;2;2;7;13;1;6;1979;77;2;3;3;1;1;13177001;2022-11-04;-15;
2;6;5;38;2;2;7;13;1;6;2010;42;1;3;4;1;1;13177002;2022-11-04;-4;
3;7;5;72;1;1;12;13;1;4;2017;62;1;3;3;1;1;13177005;2022-11-02;10;
2;7;7;33;2;2;10;13;8;2;2019;29;1;4;4;1;1;13177006;2022-11-02;4;
1;5;5;34;2;2;9;13;2;6;2017;35;1;3;4;1;1;13177402;2022-11-03;-1;
1;5;6;36;2;2;11;13;2;6;2013;29;1;3;4;1;1;13177404;2022-11-03;7;
3;6;5;52;1;1;9;13;2;4;2020;38;1;4;4;1;1;13177405;2022-11-04;14;
3;7;6;51;1;1;11;13;2;3;2005;49;1;3;4;1;1;13177407;2022-11-04;2;
1;5;5;58;2;2;7;13;1;6;1981;59;1;3;3;1;1;13177409;2022-11-04;-1;
3;1;6;72;2;2;6;13;2;6;1982;73;2;3;4;1;1;13177410;2022-11-04;-1;
2;7;6;41;2;2;7;13;2;3;2000;55;1;4;4;1;1;13177502;2022-10-02;-14;
3;6;5;60;2;2;15;13;2;5;1998;65;1;4;5;1;1;13177506;2022-10-01;-5;
3;1;7;78;1;1;6;13;1;4;1971;78;2;3;3;1;1;13177508;2022-10-02;0;
3;7;6;36;2;2;17;13;2;2;2018;39;1;4;5;1;1;13177602;2022-09-19;-3;
3;7;6;35;1;1;15;13;2;5;2018;31;1;4;4;1;1;13177604;2022-09-19;4;
2;7;7;42;2;2;15;13;1;3;1997;52;1;5;4;1;1;13177605;2022-09-29;-10;
1;5;3;38;2;2;9;13;8;6;2000;39;1;4;3;1;1;13177702;2022-10-29;-1;
1;5;5;41;2;2;11;13;8;6;2004;46;1;3;4;1;1;13177703;2022-10-29;-5;
3;6;6;32;1;1;9;13;1;4;2020;19;1;4;4;1;1;13177705;2022-10-29;13;
2;6;6;40;1;1;7;13;8;3;2020;37;2;3;4;1;1;13177706;2022-11-01;3;
2;6;6;52;2;2;9;13;1;6;2006;52;2;3;4;1;1;13177708;2022-11-01;0;
1;6;5;39;2;2;9;13;8;6;2006;39;1;3;3;1;1;13177710;2022-11-01;0;
1;1;7;59;2;2;9;13;1;6;2016;64;2;2;4;1;1;13177801;2022-10-29;-5;
1;6;6;33;2;2;9;13;2;6;2002;32;1;4;4;1;1;13177802;2022-10-29;1;
1;5;4;45;2;2;9;13;1;6;2006;55;1;3;3;1;1;13177803;2022-10-29;-10;
3;7;7;41;1;1;7;13;2;4;2005;35;1;3;4;1;1;13177804;2022-10-29;6;
2;7;6;22;2;2;11;13;2;6;2020;22;1;4;4;1;1;13177805;2022-10-29;0;
3;6;5;31;2;2;7;13;2;2;2007;33;1;3;4;1;1;13177806;2022-10-29;-2;
1;7;6;40;2;2;11;13;2;6;2015;26;1;4;4;1;1;13177807;2022-11-01;14;
2;6;5;32;2;2;14;13;2;2;2016;29;1;4;4;1;1;13177808;2022-11-01;3;
3;5;1;33;2;2;11;13;2;2;2010;34;1;4;4;1;1;13177810;2022-11-01;-1;
3;6;7;30;1;1;13;13;8;4;2022;30;1;4;4;1;1;13178005;2022-08-22;0;
3;7;4;35;2;2;9;13;8;3;2012;34;1;4;4;1;1;13178110;2022-09-14;1;
3;6;4;31;2;2;13;13;8;3;2012;30;1;3;4;1;1;13178201;2022-08-23;1;
3;6;5;29;1;1;13;13;8;1;2018;30;1;3;4;1;1;13178204;2022-08-23;-1;
3;7;6;28;2;2;11;13;8;4;2016;26;1;4;4;1;1;13178206;2022-08-23;2;
2;4;5;26;1;1;15;13;8;4;2021;28;1;4;4;1;1;13178209;2022-08-24;-2;
1;7;6;34;2;2;14;13;1;6;2014;34;1;3;5;1;1;13178304;2022-09-01;0;
3;5;5;31;2;2;13;13;8;3;2019;30;1;4;4;1;1;13178306;2022-08-25;1;
3;6;5;40;2;2;13;13;8;5;2017;41;1;4;4;1;1;13178401;2022-09-07;-1;
2;7;6;36;2;2;17;13;1;1;2011;38;1;5;5;1;1;13178402;2022-09-07;-2;
3;6;5;43;1;1;12;13;6;3;2016;40;1;4;3;1;1;13178405;2022-09-12;3;
3;6;6;65;1;1;9;13;1;3;1983;59;1;3;4;1;1;13178406;2022-09-12;6;
1;5;7;35;2;2;14;13;1;2;2013;34;1;3;4;1;1;13178408;2022-09-12;1;
1;6;5;35;2;2;11;13;1;6;2007;35;1;4;4;1;1;13178409;2022-09-13;0;
3;5;6;29;1;1;15;13;8;5;2018;25;1;4;4;1;1;13178410;2022-09-13;4;
3;7;6;31;2;2;13;13;2;3;2013;32;1;3;4;1;1;13178501;2022-10-04;-1;
1;6;5;57;2;2;7;13;1;6;2010;67;2;2;3;1;1;13178502;2022-10-04;-10;
3;6;7;48;1;1;11;13;2;5;1995;51;1;3;3;1;1;13178505;2022-10-04;-3;
3;5;5;35;2;2;12;13;3;1;2018;31;1;3;3;1;1;13178506;2022-10-04;4;
3;6;7;40;2;2;13;13;1;1;2015;40;1;4;5;1;1;13178508;2022-10-04;0;
3;5;5;66;1;1;9;13;1;4;1975;47;1;4;3;1;1;13178510;2022-10-04;19;
3;6;5;56;1;1;9;13;5;6;2006;46;2;4;3;1;1;13178604;2022-11-04;10;
3;7;5;52;1;1;7;13;1;6;1988;51;1;1;3;1;1;13178605;2022-11-04;1;
3;4;4;33;2;2;9;13;8;3;2016;40;1;4;4;1;1;13178607;2022-11-04;-7;
3;7;2;26;1;1;9;13;1;4;2016;26;1;4;2;1;1;13178608;2022-11-04;0;
2;7;7;29;2;2;7;13;8;6;2009;33;1;4;4;1;1;13178609;2022-11-04;-4;
3;7;7;54;1;1;7;13;8;4;2019;54;1;4;4;1;1;13178610;2022-11-04;0;
3;5;6;66;2;2;8;13;1;3;1973;69;1;4;4;1;1;13178702;2022-09-30;-3;
1;1;5;53;2;2;9;13;1;6;1996;55;2;3;4;1;1;13178703;2022-10-08;-2;
1;7;7;44;2;2;9;13;8;6;2004;48;1;4;4;1;1;13178707;2022-09-30;-4;
3;1;7;63;2;2;7;13;1;3;2000;63;2;3;3;1;1;13178803;2022-10-07;0;
3;7;7;70;1;1;9;13;1;5;1971;67;1;3;5;1;1;13178804;2022-10-07;3;
1;6;6;52;2;2;7;13;1;6;1980;55;1;4;4;1;1;13178806;2022-10-07;-3;
1;7;5;75;2;2;9;13;1;2;1970;69;2;3;4;1;1;13178810;2022-10-07;6;
3;6;6;37;1;1;9;13;2;4;2006;34;1;4;3;1;1;13178901;2022-10-05;3;
1;6;6;24;2;2;9;13;2;6;2020;26;1;4;3;1;1;13178902;2022-10-05;-2;
1;4;5;44;2;2;9;13;1;2;1997;49;2;4;3;1;1;13178903;2022-10-05;-5;
2;4;5;43;2;2;15;13;1;2;1998;54;2;3;4;1;1;13178905;2022-10-05;-11;
2;1;1;49;2;2;7;13;1;2;2009;39;1;2;4;1;1;13178907;2022-10-05;10;
3;7;6;32;2;2;9;13;2;2;2019;31;1;4;4;1;1;13178909;2022-10-05;1;
1;4;6;58;2;2;9;13;1;6;1985;57;;2;3;1;1;13178910;2022-10-05;1;
1;1;5;61;2;2;8;13;1;6;1980;61;1;3;3;1;1;13179001;2022-10-06;0;
3;7;6;48;1;1;9;13;2;4;2002;28;1;4;4;1;1;13179002;2022-10-06;20;
3;7;7;23;2;2;9;13;8;4;2022;30;1;5;4;1;1;13179006;2022-10-06;-7;
1;2;3;42;2;2;7;13;8;6;2005;54;1;4;4;1;1;13179007;2022-10-06;-12;
3;7;7;45;2;2;9;13;1;2;2018;41;1;4;4;1;1;13179008;2022-10-06;4;
2;5;5;63;2;2;9;13;2;2;2013;55;1;3;4;1;1;13179101;2022-09-30;8;
2;7;6;69;2;2;7;13;1;4;1970;75;1;4;4;1;1;13179102;2022-09-30;-6;
1;6;6;30;2;2;13;13;8;6;2017;29;1;4;4;1;1;13179103;2022-09-30;1;
2;5;5;54;2;2;11;13;2;3;1999;57;1;4;4;1;1;13179104;2022-10-04;-3;
3;4;6;18;1;1;9;13;8;6;2022;19;1;3;3;1;1;13179108;2022-09-30;-1;
1;7;5;27;2;2;12;13;1;6;2015;30;1;5;5;1;1;13179206;2022-10-09;-3;
2;1;5;63;2;2;8;13;1;3;1996;75;2;3;4;1;1;13179302;2022-10-01;-12;
3;3;5;52;2;2;13;13;1;2;2008;51;;4;4;1;1;13179303;2022-10-01;1;
3;7;6;32;2;2;13;13;1;4;2014;49;1;4;4;1;1;13179309;2022-10-01;-17;
1;6;6;42;2;2;10;13;1;2;2005;48;1;4;4;1;1;13179310;2022-10-01;-6;
3;5;7;72;1;1;8;13;1;4;1973;71;2;4;3;1;1;13179701;2022-10-08;1;
3;4;5;62;1;1;9;13;1;4;1983;59;2;3;4;1;1;13179703;2022-10-08;3;
3;6;4;30;1;1;15;13;2;3;2018;29;1;4;3;1;1;13179705;2022-10-08;1;
1;5;5;48;2;2;9;13;1;4;2005;38;1;3;3;1;1;13179706;2022-10-08;10;
3;7;7;59;2;2;13;13;1;3;1984;63;1;3;4;1;1;13179707;2022-10-08;-4;
3;7;5;56;2;2;9;13;1;4;1991;64;1;4;3;1;1;13179710;2022-10-08;-8;
2;7;7;40;2;1;7;13;8;4;2015;32;2;;;1;1;13179801;2022-10-30;8;
1;4;4;40;1;1;12;13;5;4;2021;40;1;3;3;1;1;13179909;2022-11-07;0;
3;6;6;48;2;2;10;13;1;1;2016;42;1;3;4;1;1;13180002;2022-10-25;6;
1;6;5;34;2;2;12;13;2;6;2006;34;1;4;5;1;1;13180003;2022-10-25;0;
1;7;7;39;2;2;9;13;1;4;2001;51;1;3;4;1;1;13180004;2022-10-25;-12;
3;4;4;50;2;2;7;13;5;2;2012;48;1;4;4;1;1;13180009;2022-10-25;2;
2;7;7;70;2;2;7;13;1;3;1973;75;;3;4;1;1;13180010;2022-10-25;-5;
3;6;5;21;1;1;9;13;2;1;2018;21;1;4;4;1;1;13180105;2022-12-02;0;
;4;4;18;1;1;9;13;8;;2022;99;1;4;4;1;1;13180203;2022-10-25;-81;
3;7;7;40;2;2;9;13;6;4;2014;43;1;5;4;1;1;13180205;2022-10-22;-3;
3;5;6;47;2;2;9;13;6;2;2006;47;1;2;3;1;1;13180207;2022-10-25;0;
3;5;5;42;1;1;7;13;6;3;2019;38;1;3;3;1;1;13180208;2022-10-25;4;
2;6;5;48;2;2;7;13;2;3;2019;46;;4;3;1;1;13180209;2022-10-25;2;
2;5;6;50;2;2;7;13;8;2;1998;49;2;4;4;1;1;13180210;2022-10-25;1;
3;5;5;30;1;1;8;13;8;3;2020;30;2;4;4;1;1;13180301;2022-10-21;0;
3;6;5;52;1;1;7;13;1;3;1995;50;;4;4;1;1;13180302;2022-10-21;2;
2;6;6;37;2;2;9;13;3;3;2007;37;1;4;3;1;1;13180303;2022-10-21;0;
3;6;5;56;1;1;9;13;5;2;2016;55;1;3;3;1;1;13180308;2022-10-25;1;
3;7;4;32;1;1;13;13;2;2;2019;30;1;4;4;1;1;13180401;2022-10-27;2;
1;4;4;36;2;2;9;13;1;3;2000;34;1;3;3;1;1;13180405;2022-10-27;2;
3;6;4;45;1;1;9;13;1;3;2017;46;1;4;3;1;1;13180409;2022-10-27;-1;
2;7;7;26;2;2;7;13;8;4;2013;28;1;5;4;1;1;13180410;2022-10-27;-2;
3;6;4;51;1;1;11;13;1;4;1993;48;;4;3;1;1;13180502;2022-11-07;3;
2;7;5;36;2;2;9;13;1;1;2015;38;;4;3;1;1;13180503;2022-11-07;-2;
3;7;7;26;1;1;11;13;8;3;2020;23;1;4;4;1;1;13180601;2022-10-27;3;
3;7;7;36;2;2;9;13;8;2;2010;34;1;4;5;1;1;13180602;2022-10-27;2;
1;5;6;64;2;2;7;13;1;4;1972;71;;3;3;1;1;13180603;2022-10-27;-7;
3;7;6;38;1;1;9;13;1;4;2017;36;1;5;4;1;1;13180605;2022-11-08;2;
3;4;4;51;2;2;9;13;1;3;1993;57;;3;3;1;1;13180607;2022-10-27;-6;
1;5;5;58;2;2;10;13;8;2;2001;55;1;3;3;1;1;13180609;2022-10-27;3;
2;4;3;35;2;2;9;13;1;2;2018;35;1;4;3;1;1;13180610;2022-11-07;0;
1;7;7;38;2;2;12;13;2;3;2009;35;1;4;4;1;1;13181302;2022-10-27;3;
2;6;5;29;2;2;12;13;8;;2017;29;1;3;3;1;1;13181303;2022-10-27;0;
3;5;5;38;2;2;9;13;8;2;2001;51;1;4;4;1;1;13181304;2022-10-27;-13;
3;7;7;28;2;2;10;13;8;2;2003;36;1;4;4;1;1;13181306;2022-10-28;-8;
3;5;4;40;1;1;7;13;1;3;2015;39;1;;3;1;1;13181801;2022-11-10;1;
3;7;7;42;2;2;6;13;1;3;2017;42;1;4;5;1;1;13181803;2022-11-10;0;
3;3;4;52;2;2;8;13;8;3;1999;58;1;3;3;1;1;13181804;2022-11-10;-6;
1;5;6;65;2;2;8;13;4;3;2020;68;1;3;4;1;1;13181805;2022-11-10;-3;
1;6;6;51;2;2;7;13;1;3;1993;56;1;3;5;1;1;13181807;2022-11-11;-5;
1;7;7;26;2;2;8;13;1;6;2020;28;1;4;4;1;1;13181808;2022-11-11;-2;
3;7;6;56;1;1;7;13;1;3;1993;51;1;3;4;1;1;13181809;2022-11-11;5;
3;5;6;43;2;2;9;13;5;2;2018;46;;3;3;1;1;13181901;2022-11-08;-3;
2;5;5;61;2;2;8;13;1;1;1983;62;1;4;4;1;1;13181905;2022-11-08;-1;
1;4;3;38;1;1;9;13;5;3;2021;30;2;4;4;1;1;13181906;2022-11-08;8;
3;5;4;36;1;1;9;13;8;4;2017;45;1;3;3;1;1;13181907;2022-11-08;-9;
2;5;4;60;2;2;8;13;1;3;1977;65;2;4;4;1;1;13181910;2022-11-08;-5;
2;6;7;33;2;2;9;13;5;2;2017;35;1;4;3;1;1;13182001;2022-11-10;-2;
2;4;6;62;2;2;8;13;2;2;2001;65;;3;3;1;1;13182002;2022-11-10;-3;
2;5;5;51;2;2;7;13;2;2;1990;55;1;3;3;1;1;13182003;2022-11-10;-4;
3;4;4;65;2;2;7;13;7;3;2001;68;;4;3;1;1;13182004;2022-11-10;-3;
3;7;;32;1;1;9;13;8;3;2013;42;1;3;4;1;1;13182005;2022-11-10;-10;
3;6;4;35;2;2;7;13;1;3;2010;34;1;3;4;1;1;13182007;2022-11-10;1;
3;5;6;62;1;1;8;13;1;3;1983;61;1;3;4;1;1;13182403;2022-11-10;1;
1;3;5;58;2;2;7;13;2;6;2000;62;1;3;4;1;1;13182501;2022-12-02;-4;
1;;6;64;2;2;7;13;1;6;1986;65;1;3;1;1;1;13182504;2022-12-02;-1;
1;6;5;40;2;2;9;13;1;1;2001;42;1;3;3;1;1;13182505;2022-12-02;-2;
1;7;6;43;2;2;11;13;1;6;1998;48;1;4;4;1;1;13182506;2022-12-02;-5;
2;6;6;49;2;2;9;13;1;3;1998;49;1;3;3;1;1;13182507;2022-12-02;0;
3;3;3;65;2;2;7;13;5;3;1995;65;1;5;4;1;1;13182601;2022-11-11;0;
2;3;3;60;2;2;7;13;1;3;1999;65;2;4;3;1;1;13182602;2022-11-11;-5;
2;3;3;38;1;1;9;13;8;3;2010;40;1;4;3;1;1;13182603;2022-11-12;-2;
2;4;4;65;2;2;7;13;5;3;2012;65;1;4;3;1;1;13182605;2022-11-12;0;
3;5;7;73;2;2;7;13;1;3;1966;76;2;3;4;1;1;13182801;2022-12-02;-3;
1;7;7;29;2;2;9;13;1;4;2008;32;1;5;3;1;1;13182803;2022-12-02;-3;
1;7;3;29;2;2;9;13;2;5;2018;28;1;4;5;1;1;13182805;2022-12-02;1;
1;7;7;27;1;1;9;13;1;5;2020;22;2;4;4;1;1;13182807;2022-12-02;5;
2;7;7;46;1;1;9;13;1;1;2000;40;1;4;4;1;1;13182808;2022-12-02;6;
1;4;7;59;2;2;7;13;1;6;1991;58;1;3;4;1;1;13182810;2022-12-02;1;
3;4;6;25;1;1;11;13;8;3;2018;26;1;5;4;1;1;13183001;2022-11-10;-1;
3;5;5;67;1;1;6;13;1;4;1995;61;1;4;4;1;1;13183003;2022-11-19;6;
3;4;5;48;1;1;9;13;1;4;1998;45;1;4;4;1;1;13183004;2022-11-26;3;
3;4;5;39;1;1;10;13;1;4;2010;36;1;4;4;1;1;13183005;2022-11-26;3;
2;6;6;51;2;2;9;13;3;2;1993;54;1;3;4;1;1;13183007;2022-11-26;-3;
2;4;4;36;2;2;9;13;1;3;2015;36;1;4;4;1;1;13183008;2022-11-19;0;
3;4;4;48;2;2;11;13;1;3;2001;50;1;4;4;1;1;13183010;2022-11-26;-2;
2;4;3;60;1;1;8;13;2;3;1992;58;1;4;4;1;1;13183102;2022-11-19;2;
1;5;4;55;2;2;8;13;1;1;1996;60;1;4;3;1;1;13183104;2022-11-19;-5;
1;5;6;50;2;2;9;13;1;1;1996;51;1;5;3;1;1;13183105;2022-11-19;-1;
2;6;6;50;2;2;6;13;6;3;2020;55;1;4;3;1;1;13183106;2022-11-19;-5;
2;6;7;50;1;1;7;13;1;3;2018;59;1;3;3;1;1;13183107;2022-11-19;-9;
2;5;7;45;1;1;7;13;1;3;1999;45;1;4;4;1;1;13183108;2022-11-19;0;
2;5;5;35;1;1;7;13;8;3;2017;33;1;4;3;1;1;13183109;2022-11-19;2;
3;4;5;68;2;2;7;13;1;3;2013;68;1;3;3;1;1;13183201;2022-11-19;0;
2;6;6;56;2;2;7;13;1;2;2000;58;1;4;4;1;1;13183202;2022-11-26;-2;
3;4;4;40;1;1;9;13;1;3;2017;45;;4;4;1;1;13183206;2022-11-26;-5;
3;5;6;57;1;1;9;13;1;5;2012;50;1;4;4;1;1;13183208;2022-11-19;7;
3;6;6;38;2;2;12;13;1;3;2011;39;1;5;4;1;1;13183210;2022-11-19;-1;
1;4;6;59;2;2;9;13;1;1;2004;63;;5;4;1;1;13183305;2022-11-23;-4;
3;6;6;55;2;2;12;13;1;2;1995;56;1;4;5;1;1;13183307;2022-11-23;-1;
3;6;6;38;1;1;9;13;3;4;2000;39;1;4;4;1;1;13183308;2022-11-23;-1;
3;7;6;46;1;1;7;13;3;4;2000;45;1;4;3;1;1;13183309;2022-11-23;1;
3;3;5;31;2;2;7;13;1;3;2012;35;1;5;3;1;1;13183401;2022-11-23;-4;
3;4;4;34;2;2;11;13;1;3;2010;38;1;2;5;1;1;13183403;2022-11-23;-4;
3;3;3;40;1;1;9;13;5;3;2020;40;1;3;3;1;1;13183404;2022-11-28;0;
3;7;7;40;1;1;7;13;1;2;2016;28;1;3;4;1;1;13183405;2022-12-02;12;
1;4;3;42;2;2;7;13;1;6;2001;45;1;3;4;1;1;13183406;2022-12-02;-3;
2;6;5;76;2;2;6;13;1;3;1973;78;2;3;2;1;1;13183408;2022-11-23;-2;
1;7;5;30;2;2;9;13;1;6;2012;41;1;4;4;1;1;13183501;2022-12-01;-11;
1;6;6;27;2;2;7;13;1;6;2019;30;1;4;4;1;1;13183504;2022-12-01;-3;
3;1;7;79;2;2;7;13;7;6;1980;82;;3;3;1;1;13183510;2022-12-01;-3;
1;7;7;56;2;2;7;13;1;6;1989;56;1;4;3;1;1;13183701;2022-12-02;0;
3;6;5;38;1;1;9;13;1;4;2010;32;1;4;3;1;1;13183705;2022-11-26;6;
2;7;6;35;2;2;11;13;8;2;2017;38;1;4;4;1;1;13183709;2022-12-02;-3;
1;7;7;36;1;1;7;13;1;6;2008;29;2;4;4;1;1;13183808;2022-11-25;7;
2;5;4;32;1;1;11;13;8;3;2020;35;1;4;3;1;1;13183901;2022-11-26;-3;
3;5;3;58;1;1;9;13;1;5;2010;50;1;3;3;1;1;13183902;2022-11-26;8;
2;7;6;45;1;1;9;13;1;3;2005;39;1;3;3;1;1;13184301;2022-11-16;6;
3;7;6;33;2;2;11;13;1;2;2011;40;1;4;4;1;1;13184302;2022-11-16;-7;
1;5;1;45;2;2;13;13;1;1;2010;52;1;2;3;1;1;13184305;2022-11-16;-7;
1;5;2;63;2;2;7;13;1;6;1990;59;1;3;3;1;1;13184502;2022-11-28;4;
1;7;7;28;2;2;7;13;8;6;2013;36;1;4;4;1;1;13184505;2022-11-28;-8;
1;6;7;33;2;2;9;13;1;1;2016;37;1;3;4;1;1;13184601;2022-11-24;-4;
3;7;7;43;1;1;9;13;1;4;2017;47;1;2;4;1;1;13184602;2022-11-24;-4;
3;2;3;38;2;2;7;13;8;3;2009;30;2;4;3;1;1;13184603;2022-11-24;8;
3;7;7;34;1;1;7;13;8;4;2017;35;1;4;4;1;1;13184604;2022-11-24;-1;
3;6;5;37;1;1;7;13;8;4;2016;30;1;4;4;1;1;13184607;2022-11-24;7;
1;7;5;47;2;2;9;13;8;2;1998;47;1;4;4;1;1;13184608;2022-11-25;0;
1;6;7;32;2;2;9;13;1;6;2008;38;1;3;3;1;1;13184609;2022-11-25;-6;
1;7;5;27;2;2;9;13;8;2;2016;26;1;3;3;1;1;13184610;2022-11-25;1;
3;7;7;25;1;1;9;13;2;5;2012;22;1;5;5;1;1;13184710;2022-12-01;3;
1;6;6;54;2;2;9;13;1;5;1988;54;1;4;4;1;1;13184801;2022-11-17;0;
1;7;7;60;2;2;7;13;1;4;1980;60;1;3;4;1;1;13184804;2022-11-17;0;
3;1;1;69;2;2;7;13;1;4;1974;74;2;2;2;1;1;13184807;2022-11-17;-5;
1;5;6;61;2;2;7;13;1;6;1978;62;1;2;4;1;1;13184901;2022-12-01;-1;
3;7;4;69;2;2;7;13;1;4;1971;68;2;3;4;1;1;13184903;2022-12-01;1;
1;7;5;66;2;2;7;13;1;2;1973;73;1;2;4;1;1;13184908;2022-12-01;-7;
3;6;3;52;1;1;11;13;1;5;2003;57;2;2;1;1;1;13184909;2022-12-01;-5;
3;7;3;21;1;1;9;13;2;4;2018;19;1;4;3;1;1;13185002;2022-11-23;2;
2;4;5;59;2;2;7;13;5;1;2007;59;1;3;3;1;1;13185003;2022-11-23;0;
1;5;7;31;2;2;11;13;1;6;2014;30;1;4;4;1;1;13185004;2022-11-30;1;
2;7;7;34;2;2;7;13;2;1;2011;37;2;4;5;1;1;13185005;2022-11-23;-3;
2;7;7;18;2;2;9;13;2;5;2021;25;2;3;3;1;1;13185007;2022-11-23;-7;
3;7;7;42;2;2;7;13;2;5;2015;36;1;5;5;1;1;13185008;2022-11-23;6;
2;7;7;80;1;1;6;13;1;2;1987;73;1;4;4;1;1;13185009;2022-11-23;7;
3;7;7;58;1;1;9;13;1;3;1987;52;1;4;4;1;1;13185103;2022-11-29;6;
3;5;5;54;2;2;7;13;1;3;1985;57;1;3;3;1;1;13185106;2022-11-16;-3;
1;1;5;64;2;2;9;13;1;6;1992;61;2;2;3;1;1;13185107;2022-11-16;3;
3;6;6;66;1;1;9;13;1;2;1981;66;1;4;4;1;1;13185109;2022-11-16;0;
1;7;7;26;2;2;7;13;8;5;2016;28;1;4;4;1;1;13185201;2022-11-25;-2;
3;5;7;84;2;2;7;13;1;3;1958;92;2;2;3;1;1;13185204;2022-11-25;-8;
3;7;4;39;2;2;14;13;2;3;2010;43;1;4;5;1;1;13185205;2022-11-25;-4;
3;7;6;50;1;1;12;13;2;5;2010;53;1;3;3;1;1;13185206;2022-11-25;-3;
2;6;5;53;2;2;7;13;2;6;2015;60;1;3;3;1;1;13185210;2022-11-25;-7;
1;6;4;39;2;2;9;13;1;6;2002;39;1;3;4;1;1;13185301;2022-11-18;0;
2;7;2;20;2;2;12;13;8;6;2021;24;1;3;3;1;1;13185302;2022-11-18;-4;
1;3;6;30;2;2;9;13;1;6;2012;29;2;4;4;1;1;13185303;2022-11-30;1;
2;7;2;49;2;2;7;13;2;6;2021;48;1;4;3;1;1;13185304;2022-11-30;1;
3;7;5;30;2;2;11;13;1;2;2009;33;1;4;5;1;1;13185307;2022-11-23;-3;
3;7;5;42;2;2;9;13;1;4;2017;42;1;4;4;1;1;13185309;2022-11-23;0;
3;1;4;61;1;1;7;13;2;3;1997;80;2;2;3;1;1;13185310;2022-11-23;-19;
1;5;4;58;2;2;7;13;7;6;2015;66;1;2;2;1;1;13185401;2022-11-23;-8;
1;6;6;33;2;2;7;13;1;1;2013;36;1;4;3;1;1;13185403;2022-11-23;-3;
2;6;6;33;2;2;9;13;2;2;2008;40;1;4;4;1;1;13185409;2022-11-25;-7;
3;1;7;70;1;1;9;13;1;4;1990;54;1;3;5;1;1;13185501;2022-11-23;16;
3;6;5;53;1;1;9;13;2;3;2005;53;1;3;4;1;1;13185502;2022-11-23;0;
2;4;1;63;2;2;7;13;1;4;2007;50;2;2;2;1;1;13185503;2022-11-23;13;
2;7;7;39;2;2;7;13;8;4;2001;43;1;4;4;1;1;13185504;2022-11-23;-4;
2;6;4;28;2;2;12;13;2;1;2022;30;1;5;5;1;1;13185507;2022-11-23;-2;
3;2;1;48;2;2;9;13;2;3;2012;49;1;2;4;1;1;13185508;2022-11-23;-1;
3;6;6;30;1;1;9;13;1;5;2019;27;2;5;4;1;1;13185509;2022-11-24;3;
2;7;6;40;2;2;9;13;1;3;2016;47;1;3;3;1;1;13185601;2022-11-18;-7;
1;1;5;59;2;2;9;13;1;6;1990;70;2;3;3;1;1;13185602;2022-11-18;-11;
2;6;6;33;2;2;11;13;8;3;2016;38;1;3;4;1;1;13185605;2022-11-18;-5;
1;5;4;35;2;2;11;13;8;1;2013;35;1;4;4;1;1;13185606;2022-11-18;0;
3;6;5;52;2;2;7;13;2;2;2021;56;1;3;3;1;1;13185607;2022-11-16;-4;
3;6;5;51;1;1;9;13;2;5;2018;30;1;4;4;1;1;13185609;2022-11-18;21;
2;2;7;61;2;2;7;13;1;3;1980;64;2;2;3;1;1;13185610;2022-11-18;-3;
1;7;6;36;2;2;7;13;8;2;2016;37;1;4;4;1;1;13185701;2022-11-16;-1;
3;5;7;70;1;1;7;13;1;4;1973;65;1;3;3;1;1;13185703;2022-11-16;5;
3;6;;27;2;2;12;13;8;2;2009;27;1;3;4;1;1;13185704;2022-11-16;0;
1;5;7;65;2;2;7;13;1;3;1990;59;1;5;3;1;1;13185705;2022-11-16;6;
3;6;5;65;2;2;9;13;2;2;2010;64;1;4;4;1;1;13185801;2022-11-25;1;
1;5;5;58;2;2;7;13;1;6;1982;61;1;3;2;1;1;13185802;2022-11-25;-3;
2;6;5;38;2;2;9;13;1;6;2001;41;1;3;3;1;1;13185804;2022-11-28;-3;
1;7;6;26;2;2;13;13;2;6;2020;26;1;3;4;1;1;13185806;2022-11-30;0;
3;5;5;62;1;1;7;13;1;5;1981;67;1;3;3;1;1;13185808;2022-12-01;-5;
1;6;7;31;2;2;9;13;2;6;2011;36;1;3;4;1;1;13185810;2022-11-30;-5;
2;1;7;70;2;2;9;13;1;6;1974;76;2;3;4;1;1;13185901;2022-11-29;-6;
1;6;5;57;2;2;9;13;1;2;1984;63;1;3;4;1;1;13185907;2022-11-29;-6;
1;2;5;60;2;2;7;13;1;1;1981;60;1;2;4;1;1;13185909;2022-12-01;0;
1;7;6;58;2;2;7;13;2;5;1990;57;1;3;4;1;1;13185910;2022-12-01;1;
2;5;7;64;2;2;7;13;1;2;1984;64;1;3;3;1;1;13186001;2022-11-17;0;
1;3;4;64;2;2;7;13;2;2;1997;70;2;3;3;1;1;13186004;2022-11-17;-6;
2;5;1;60;2;2;9;13;1;6;2013;66;1;4;4;1;1;13186007;2022-11-17;-6;
3;1;7;70;2;2;9;13;1;6;1973;72;2;3;4;1;1;13186008;2022-11-17;-2;
1;7;7;32;2;2;7;13;1;1;2009;34;1;4;4;1;1;13186102;2022-11-30;-2;
3;7;7;46;2;2;9;13;8;4;2010;56;1;4;4;1;1;13186103;2022-11-30;-10;
2;7;7;25;2;2;9;13;1;6;2013;27;1;3;4;1;1;13186106;2022-11-30;-2;
2;7;7;29;2;2;15;13;2;6;2018;30;1;4;4;1;1;13186107;2022-11-30;-1;
1;1;6;64;2;2;9;13;1;6;2013;65;2;4;3;1;1;13186109;2022-12-01;-1;
1;6;7;58;2;2;9;13;1;6;1985;62;1;3;3;1;1;13186201;2022-11-29;-4;
2;7;6;44;2;2;9;13;2;2;1994;51;1;4;4;1;1;13186207;2022-11-30;-7;
1;7;7;52;2;2;9;13;1;3;1989;54;1;4;4;1;1;13186303;2022-11-17;-2;
3;7;7;28;2;2;11;13;2;5;2013;31;1;4;4;1;1;13186305;2022-11-17;-3;
1;5;1;35;2;2;14;13;1;6;2011;30;1;2;2;1;1;13186309;2022-11-17;5;
2;4;1;64;2;2;7;13;1;3;1972;74;1;1;3;1;1;13186401;2022-11-28;-10;
1;4;7;53;2;2;11;13;1;6;1992;53;2;4;3;1;1;13186402;2022-11-28;0;
3;7;6;29;2;2;11;13;2;3;2011;30;1;5;5;1;1;13186404;2022-11-28;-1;
1;7;7;47;2;2;7;13;2;5;2015;38;1;4;4;1;1;13186405;2022-11-28;9;
2;4;1;58;2;2;7;13;1;5;2002;49;1;4;4;1;1;13186410;2022-11-28;9;
2;1;3;65;2;2;9;13;1;6;1986;66;2;3;3;1;1;13186501;2022-11-29;-1;
3;6;6;34;1;1;9;13;8;2;2019;40;1;4;4;1;1;13186504;2022-11-29;-6;
3;6;5;26;1;1;11;13;2;5;2020;26;1;3;5;1;1;13186602;2022-11-16;0;
2;7;7;41;2;2;7;13;1;1;2008;43;1;3;5;1;1;13186603;2022-11-16;-2;
3;6;5;63;2;2;7;13;1;3;1978;62;1;4;4;1;1;13186604;2022-11-16;1;
2;4;3;58;2;2;12;13;2;2;1987;57;1;3;4;1;1;13186606;2022-11-16;1;
3;7;7;39;2;2;12;13;2;3;2009;49;1;4;4;1;1;13186609;2022-11-16;-10;
3;5;7;78;1;1;9;13;1;2;1970;77;2;3;4;1;1;13186610;2022-11-16;1;
2;7;4;39;2;2;9;13;2;6;2016;39;1;3;4;1;1;13186701;2022-11-28;0;
1;4;3;46;2;2;7;13;5;6;2000;52;1;2;2;1;1;13186706;2022-11-28;-6;
2;7;7;30;2;2;9;13;2;2;2017;30;1;3;3;1;1;13186707;2022-11-28;0;
3;7;7;52;1;1;11;13;1;3;1998;54;1;3;4;1;1;13186708;2022-11-28;-2;
1;3;5;53;2;2;9;13;1;6;1991;52;1;4;4;1;1;13186803;2022-11-24;1;
1;7;6;32;2;2;14;13;2;6;2004;35;1;4;3;1;1;13186805;2022-11-25;-3;
1;7;7;40;2;2;9;13;1;6;2008;41;2;5;4;1;1;13186807;2022-11-25;-1;
3;7;7;29;2;2;9;13;1;2;2017;32;1;5;4;1;1;13186809;2022-11-25;-3;
3;7;6;64;1;1;11;13;2;4;2017;46;1;5;4;1;1;13186901;2022-11-18;18;
2;5;6;73;1;1;7;13;1;2;1989;63;1;4;3;1;1;13186902;2022-11-18;10;
1;6;5;35;2;2;9;13;2;2;2015;29;1;3;4;1;1;13186906;2022-11-18;6;
2;6;6;55;2;2;11;13;1;6;2002;60;1;4;3;1;1;13186908;2022-11-18;-5;
3;1;5;34;2;2;7;13;1;3;2008;35;;4;3;1;1;13186909;2022-11-18;-1;
1;7;6;43;2;2;7;13;1;2;1996;42;1;5;3;1;1;13187004;2022-11-24;1;
1;6;6;65;2;2;7;13;2;6;1982;66;1;3;3;1;1;13187008;2022-12-01;-1;
1;5;6;61;2;2;9;13;1;1;2018;58;1;3;4;1;1;13187009;2022-11-25;3;
3;6;6;54;1;1;11;13;1;1;1990;48;1;3;4;1;1;13187010;2022-11-29;6;
3;7;7;34;1;1;9;13;2;3;2017;40;1;4;3;1;1;13187101;2022-10-21;-6;
2;6;6;71;2;2;1;13;7;2;2021;49;1;1;1;1;1;13187102;2022-10-21;22;
2;5;5;30;1;1;9;13;8;4;2016;28;1;4;4;1;1;13187105;2022-10-21;2;
3;7;7;38;2;2;9;13;8;2;1992;53;1;4;4;1;1;13187109;2022-10-18;-15;
3;7;6;51;2;2;9;13;1;2;1990;54;1;4;5;1;1;13187110;2022-10-20;-3;
2;4;5;56;2;2;7;13;1;;2010;56;1;4;3;1;1;13187201;2022-10-18;0;
3;6;6;81;2;2;7;13;1;3;1980;79;2;3;3;1;1;13187202;2022-10-18;2;
2;7;7;58;2;2;9;13;1;4;1996;57;1;4;4;1;1;13187203;2022-10-18;1;
3;6;6;40;1;1;7;13;1;;2005;32;1;4;4;1;1;13187206;2022-10-18;8;
;6;6;45;2;2;9;13;1;;2010;47;1;4;3;1;1;13187208;2022-10-18;-2;
3;6;3;75;2;2;7;13;2;5;2017;61;1;2;4;1;1;13187306;2022-10-18;14;
1;7;7;51;2;2;9;13;1;3;1994;50;1;5;4;1;1;13187308;2022-10-18;1;
2;6;6;50;1;1;9;13;1;4;2001;55;2;4;3;1;1;13187310;2022-10-18;-5;
3;7;6;46;2;2;11;13;1;4;1997;48;1;4;4;1;1;13187401;2022-10-20;-2;
3;7;3;36;2;2;7;13;5;3;2018;29;1;4;3;1;1;13187404;2022-10-21;7;
2;6;6;64;2;2;9;13;1;3;1983;64;1;4;3;1;1;13187408;2022-10-21;0;
2;4;4;79;2;2;6;14;1;2;1998;59;1;4;3;1;1;14100102;2022-10-31;20;
3;7;6;38;2;2;9;14;2;3;2008;41;1;4;5;1;1;14100103;2022-10-31;-3;
1;7;7;56;2;2;7;14;1;2;1985;59;;3;4;1;1;14100104;2022-10-31;-3;
3;7;7;23;1;1;9;14;8;3;2019;20;1;4;5;1;1;14100105;2022-10-31;3;
3;7;6;30;1;1;9;14;2;4;2012;28;1;4;4;1;1;14100106;2022-10-31;2;
3;5;5;41;2;2;9;14;2;3;2006;49;1;3;3;1;1;14100107;2022-11-08;-8;
2;5;7;45;2;2;7;14;2;2;2010;58;1;4;4;1;1;14100109;2022-11-08;-13;
3;4;5;60;1;1;6;14;2;4;1990;62;1;3;3;1;1;14100110;2022-11-08;-2;
3;7;7;27;1;1;9;14;8;4;2020;32;1;4;4;1;1;14100303;2022-09-09;-5;
3;7;7;48;2;2;9;14;6;3;2018;30;1;4;4;1;1;14100310;2022-09-14;18;
1;4;1;44;2;2;7;14;1;2;2015;44;1;3;3;1;1;14100404;2022-10-07;0;
3;7;7;26;2;2;9;14;2;3;2017;30;1;4;3;1;1;14100405;2022-10-07;-4;
2;6;5;29;2;2;9;14;2;3;2014;31;1;3;3;1;1;14100406;2022-10-07;-2;
3;2;5;59;2;2;7;14;1;3;1986;59;2;1;2;1;1;14100407;2022-10-13;0;
3;7;5;51;2;2;9;14;1;3;1986;56;1;4;4;1;1;14100408;2022-10-13;-5;
3;7;7;45;2;2;9;14;8;4;2019;47;1;4;4;1;1;14100409;2022-09-13;-2;
3;6;6;70;2;2;9;14;1;2;1977;72;1;4;4;1;1;14100502;2022-10-19;-2;
2;3;6;67;2;2;11;14;1;2;1977;75;1;4;4;1;1;14100503;2022-11-01;-8;
1;5;5;61;2;2;9;14;1;2;1985;69;2;4;4;1;1;14100504;2022-11-10;-8;
3;7;6;40;2;2;9;14;8;4;2021;49;1;4;3;1;1;14100506;2022-09-20;-9;
3;6;6;48;1;1;11;14;8;3;2016;31;1;4;4;1;1;14100507;2022-09-22;17;
2;7;7;31;2;2;13;14;8;1;2012;40;1;5;4;1;1;14100509;2022-09-23;-9;
3;7;7;41;1;1;9;14;1;3;2004;37;1;4;5;1;1;14101101;2022-10-29;4;
3;7;6;21;1;1;9;14;8;4;2016;22;1;4;4;1;1;14101302;2022-09-29;-1;
3;6;7;63;2;2;14;14;7;4;2019;57;1;4;4;1;1;14101503;2022-08-26;6;
2;6;5;26;1;1;16;14;2;3;2016;26;1;4;4;1;1;14101507;2022-08-10;0;
2;5;6;60;2;2;12;14;1;2;1982;60;1;3;4;1;1;14101602;2022-11-14;0;
3;5;4;31;1;1;9;14;2;3;2008;30;1;5;4;1;1;14101603;2022-11-18;1;
2;4;6;68;2;2;7;14;1;2;1984;86;1;3;4;1;1;14101605;2022-11-18;-18;
2;7;7;42;2;2;9;14;2;3;2001;39;1;3;5;1;1;14101609;2022-11-18;3;
3;7;7;28;1;1;11;14;1;4;2015;33;;5;5;1;1;14101903;2022-10-19;-5;
2;6;7;33;2;2;11;14;2;2;2012;32;1;4;4;1;1;14101904;2022-10-18;1;
2;1;5;60;2;2;8;14;1;6;1983;60;2;3;3;1;1;14101905;2022-10-18;0;
3;1;1;70;2;2;7;14;2;6;1977;79;2;1;2;1;1;14101907;2022-10-19;-9;
1;3;1;40;2;2;9;14;1;6;2003;38;1;2;3;1;1;14101908;2022-08-16;2;
3;7;4;21;1;1;14;14;8;6;2022;25;1;4;4;1;1;14102001;2022-11-02;-4;
2;7;6;48;2;2;9;14;1;1;1994;54;;4;4;1;1;14102004;2022-11-08;-6;
2;7;6;23;2;2;14;14;8;1;2021;22;1;5;5;1;1;14102009;2022-11-16;1;
3;6;5;22;2;2;14;14;8;5;2019;22;1;3;3;1;1;14102010;2022-11-17;0;
2;6;5;35;2;2;9;14;1;1;2011;37;1;4;5;1;1;14102103;2022-08-17;-2;
3;7;3;22;2;2;14;14;8;1;2019;23;1;3;4;1;1;14102104;2022-09-28;-1;
1;4;1;63;2;2;8;14;1;6;1981;21;2;3;3;1;1;14102105;2022-09-29;42;
3;7;7;60;1;1;7;14;1;4;1984;58;1;4;3;1;1;14102107;2022-09-29;2;
1;7;4;31;2;5;14;14;8;6;2021;32;1;4;4;1;1;14102108;2022-10-04;-1;
3;6;5;44;2;2;10;14;8;3;2022;60;1;4;4;1;1;14102109;2022-08-28;-16;
2;7;7;55;1;1;10;14;1;4;1992;56;1;5;5;1;1;14102110;2022-10-04;-1;
1;5;6;43;2;2;7;14;2;6;2019;49;1;4;4;1;1;14102201;2022-10-07;-6;
1;6;6;47;2;2;7;14;6;6;2011;52;1;3;4;1;1;14102203;2022-10-07;-5;
2;1;7;65;2;2;11;14;1;6;1987;72;2;1;3;1;1;14102205;2022-10-08;-7;
1;7;7;31;1;1;15;14;2;4;2016;32;1;4;4;1;1;14102207;2022-11-16;-1;
1;5;6;64;2;2;6;14;1;6;1971;60;;3;4;1;1;14102209;2022-08-26;4;
3;3;5;35;2;2;15;14;8;2;2015;40;1;5;4;1;1;14102210;2022-11-17;-5;
1;6;5;72;2;2;7;14;1;2;1970;79;1;3;4;1;1;14102302;2022-08-23;-7;
3;7;6;66;1;1;7;14;1;6;1977;61;1;3;4;1;1;14102303;2022-08-23;5;
2;5;7;27;2;2;7;14;2;2;2010;31;1;4;3;1;1;14102304;2022-08-23;-4;
3;7;7;29;2;2;13;14;2;3;2019;30;;5;5;1;1;14102306;2022-08-23;-1;
2;3;6;52;2;2;7;14;2;3;1990;57;1;3;3;1;1;14102307;2022-08-23;-5;
3;4;5;70;2;2;7;14;2;3;1990;63;2;2;4;1;1;14102502;2022-09-12;7;
3;7;7;41;2;2;13;14;1;4;2000;45;1;5;5;1;1;14102506;2022-11-04;-4;
3;5;6;42;1;1;15;14;8;4;2009;40;1;4;5;1;1;14102509;2022-11-17;2;
2;4;6;45;1;1;17;14;1;4;2006;43;1;4;4;1;1;14102510;2022-11-17;2;
3;;1;55;2;2;9;14;8;2;2007;47;2;2;4;1;1;14102801;2022-09-26;8;
1;6;6;52;2;2;9;14;1;1;1985;57;1;3;4;1;1;14102804;2022-08-30;-5;
;5;6;58;1;1;9;14;5;;1989;55;2;4;4;1;1;14102809;2022-10-08;3;
3;3;5;85;2;2;15;14;1;3;1972;86;2;4;4;1;1;14102908;2022-09-05;-1;
3;5;7;76;2;2;15;14;1;2;1950;80;2;5;5;1;1;14102909;2022-09-05;-4;
1;7;7;31;1;1;9;14;2;2;2021;45;1;3;4;1;1;14103003;2022-09-30;-14;
3;7;7;60;2;2;9;14;1;4;1994;60;1;3;4;1;1;14103005;2022-08-30;0;
3;7;7;88;1;1;14;14;1;4;1954;89;1;5;5;1;1;14103101;2022-09-13;-1;
3;6;7;50;1;1;16;14;1;2;2006;43;1;4;5;1;1;14103110;2022-09-14;7;
3;5;5;68;1;1;7;14;1;4;1976;68;1;3;4;1;1;14103201;2022-09-09;0;
2;6;6;67;2;2;9;14;2;2;1990;66;1;3;4;1;1;14103202;2022-09-09;1;
3;6;5;25;2;2;14;14;8;5;2022;30;1;3;4;1;1;14103206;2022-09-09;-5;
2;7;7;63;2;2;7;14;1;6;1988;61;1;3;4;1;1;14103207;2022-09-09;2;
3;6;5;60;1;1;7;14;1;4;1990;73;2;3;3;1;1;14103208;2022-09-09;-13;
3;6;5;42;2;2;9;14;2;2;2004;41;1;4;4;1;1;14103209;2022-09-09;1;
1;7;7;81;2;2;8;14;1;2;1964;85;2;5;1;1;1;14103303;2022-09-23;-4;
3;1;6;57;2;2;15;14;7;5;2018;54;2;4;3;1;1;14103304;2022-09-23;3;
3;5;6;62;1;1;9;14;1;4;1983;84;2;4;4;1;1;14103305;2022-09-24;-22;
3;5;7;94;1;1;14;14;1;5;1972;85;2;3;4;1;1;14103308;2022-10-08;9;
3;5;5;64;2;2;13;14;7;4;2020;58;2;3;4;1;1;14103309;2022-09-29;6;
2;5;5;37;2;2;9;14;8;2;2005;57;1;4;3;1;1;14103401;2022-11-03;-20;
1;6;6;34;2;2;11;14;1;2;2008;36;1;4;4;1;1;14103403;2022-11-04;-2;
1;7;3;31;2;2;14;14;8;1;2018;23;1;4;3;1;1;14103404;2022-11-04;8;
3;7;6;28;2;2;17;14;8;3;2015;30;1;4;5;1;1;14103405;2022-11-04;-2;
3;7;7;48;1;1;11;14;8;5;1998;52;1;4;4;1;1;14103406;2022-11-07;-4;
2;6;4;42;2;2;15;14;1;1;2020;42;1;3;3;1;1;14103407;2022-11-08;0;
2;6;6;35;1;1;15;14;8;3;2010;35;1;3;4;1;1;14103408;2022-11-11;0;
2;7;4;32;2;2;9;14;8;3;2018;32;1;3;3;1;1;14103409;2022-11-11;0;
3;6;6;29;1;1;7;14;8;4;2019;40;1;3;4;1;1;14103410;2022-11-16;-11;
1;7;7;34;1;1;9;14;2;6;2014;34;1;5;4;1;1;14103602;2022-09-03;0;
1;;5;63;2;2;6;14;1;6;1982;69;2;3;2;1;1;14103603;2022-09-03;-6;
3;6;7;43;1;1;15;14;8;4;2018;47;1;5;5;1;1;14103607;2022-09-15;-4;
3;4;5;32;1;1;14;14;8;4;2019;41;1;4;4;1;1;14103609;2022-10-05;-9;
1;6;5;51;2;2;9;14;1;1;1990;64;1;4;4;1;1;14103610;2022-10-05;-13;
2;7;7;29;2;2;11;14;8;;2013;29;1;4;4;1;1;14103701;2022-10-24;0;
1;3;6;57;2;2;11;14;1;6;1984;61;1;4;4;1;1;14103705;2022-10-28;-4;
3;6;5;25;2;2;15;14;8;2;2016;34;1;2;4;1;1;14103706;2022-11-18;-9;
3;7;6;47;2;2;15;14;1;3;1998;49;1;4;5;1;1;14103709;2022-11-21;-2;
2;6;6;60;2;2;9;14;1;6;1987;59;1;3;4;1;1;14103901;2022-09-27;1;
3;6;7;55;1;2;9;14;6;3;2012;60;1;4;4;1;1;14103902;2022-09-29;-5;
2;7;5;35;1;2;15;14;1;2;2007;37;1;4;5;1;1;14103903;2022-09-29;-2;
1;6;6;63;2;2;9;14;1;2;1974;72;;3;4;1;1;14103904;2022-10-04;-9;
3;2;2;21;1;1;9;14;8;2;2021;18;2;2;3;1;1;14103906;2022-10-12;3;
3;7;4;64;2;2;17;14;1;2;1991;61;1;4;5;1;1;14104003;2022-09-30;3;
2;7;4;28;1;1;15;14;8;1;2020;29;1;4;5;1;1;14104005;2022-10-02;-1;
2;6;6;51;1;1;15;14;1;5;2006;48;1;4;4;1;1;14104007;2022-10-02;3;
1;7;7;30;2;2;9;14;1;2;2013;32;1;3;4;1;1;14104009;2022-10-01;-2;
2;7;7;61;2;2;14;14;1;6;1982;63;1;4;5;1;1;14104010;2022-10-04;-2;
3;6;6;36;1;1;17;14;1;4;2008;37;1;4;4;1;1;14104201;2022-10-15;-1;
3;6;5;68;1;1;7;14;7;2;2001;64;1;3;2;1;1;14104202;2022-10-15;4;
1;7;6;56;2;2;15;14;1;6;1990;57;1;4;4;1;1;14104203;2022-10-15;-1;
1;7;5;48;2;2;10;14;1;6;2002;48;1;5;5;1;1;14104205;2022-10-18;0;
3;6;7;38;2;2;17;14;1;5;2007;43;1;5;5;1;1;14104207;2022-10-22;-5;
3;5;6;40;1;1;15;14;8;2;2010;42;1;4;4;1;1;14104208;2022-10-23;-2;
3;7;7;67;1;1;15;14;1;2;1989;55;1;4;4;1;1;14104209;2022-11-04;12;
3;5;7;37;2;2;15;14;8;1;2015;36;1;4;4;1;1;14104301;2022-10-05;1;
3;7;5;44;2;2;14;14;6;5;2011;62;1;4;4;1;1;14104302;2022-10-06;-18;
3;6;6;40;2;2;15;14;8;1;2016;37;1;4;5;1;1;14104305;2022-10-08;3;
3;5;6;74;2;2;15;14;1;4;1978;70;1;4;5;1;1;14104307;2022-10-09;4;
3;6;6;48;1;1;14;14;1;3;2015;41;;4;4;1;1;14104308;2022-10-11;7;
3;5;4;34;2;2;12;14;1;2;2011;38;1;4;3;1;1;14104403;2022-10-20;-4;
1;7;7;58;2;2;9;14;1;;1986;56;1;4;5;1;1;14104405;2022-11-15;2;
1;;4;63;2;2;9;14;1;6;1976;63;1;3;4;1;1;14104409;2022-11-17;0;
3;7;5;24;1;1;13;14;8;3;2022;21;1;4;4;1;1;14104501;2022-11-04;3;
2;7;4;21;2;2;14;14;8;3;2022;24;1;3;4;1;1;14104502;2022-11-04;-3;
1;4;5;55;2;2;13;14;1;1;1992;60;;3;4;1;1;14104610;2022-11-18;-5;
3;5;5;72;1;1;11;14;2;3;1950;80;1;3;3;1;1;14104801;2022-10-29;-8;
2;3;5;71;2;2;7;14;2;2;2004;78;2;3;3;1;1;14104803;2022-10-29;-7;
3;5;5;43;2;2;11;14;8;2;2000;41;1;3;3;1;1;14104901;2022-10-14;2;
3;5;5;37;2;2;17;14;1;4;2014;34;1;4;3;1;1;14104905;2022-10-21;3;
3;6;5;28;1;1;11;14;1;6;2015;29;1;3;3;1;1;14104906;2022-10-21;-1;
3;6;5;34;2;2;14;14;1;2;2004;34;1;4;5;1;1;14104907;2022-10-21;0;
3;5;6;37;1;1;9;14;2;5;2003;48;1;4;4;1;1;14105001;2022-09-10;-11;
3;7;7;55;1;1;9;14;1;3;2003;41;1;4;4;1;1;14105002;2022-09-10;14;
3;7;5;28;1;1;16;14;1;3;2017;36;1;4;4;1;1;14105003;2022-09-10;-8;
3;5;6;46;2;2;13;14;1;4;2003;44;1;4;4;1;1;14105007;2022-09-10;2;
1;6;6;54;2;2;9;14;1;1;1992;54;1;4;4;1;1;14105305;2022-10-02;0;
3;6;6;60;1;1;9;14;1;3;1999;43;1;4;4;1;1;14105601;2022-10-02;17;
3;7;6;35;1;1;15;14;8;4;2017;33;1;5;4;1;1;14105602;2022-10-02;2;
3;7;7;77;2;2;11;14;1;4;1972;68;1;3;5;1;1;14105603;2022-10-02;9;
3;6;5;38;1;1;9;14;2;3;2013;37;1;3;3;1;1;14105702;2022-09-28;1;
2;6;6;42;2;2;9;14;2;6;2000;40;1;4;4;1;1;14105801;2022-08-28;2;
1;7;7;31;2;2;15;14;2;1;2017;31;1;4;5;1;1;14105802;2022-09-27;0;
3;1;5;85;1;1;1;14;2;6;1965;81;;3;3;1;1;14105807;2022-08-18;4;
3;4;5;33;2;2;9;14;2;2;2010;32;1;3;4;1;1;14105808;2022-09-14;1;
1;6;5;57;2;2;10;14;1;6;1990;58;1;3;4;1;1;14105809;2022-09-27;-1;
3;1;6;70;2;2;7;14;1;3;1971;75;2;3;3;1;1;14105810;2022-09-27;-5;
3;7;6;25;1;1;14;14;2;4;2021;21;1;4;3;1;1;14106003;2022-09-07;4;
2;4;6;61;2;2;7;14;1;3;1996;66;1;5;4;1;1;14106004;2022-09-26;-5;
1;6;5;57;2;2;9;14;1;2;1991;60;1;4;3;1;1;14106005;2022-09-26;-3;
3;5;6;56;2;2;14;14;1;2;1992;55;1;3;3;1;1;14106102;2022-10-26;1;
1;5;6;60;2;2;7;14;1;6;1988;57;2;3;5;1;1;14106103;2022-10-27;3;
2;5;4;32;2;2;9;14;2;2;2021;36;1;4;4;1;1;14106104;2022-10-27;-4;
2;6;7;43;2;2;13;14;1;2;1997;46;1;5;4;1;1;14106107;2022-10-28;-3;
3;6;4;66;1;1;10;14;1;3;1976;67;2;2;3;1;1;14106109;2022-10-28;-1;
1;5;5;56;2;1;7;14;2;2;1986;57;2;3;4;1;1;14106301;2022-09-21;-1;
3;7;7;52;1;1;9;14;1;;2003;50;1;5;4;1;1;14106304;2022-09-21;2;
2;7;7;63;1;1;9;14;1;2;1986;56;1;3;4;1;1;14106305;2022-09-23;7;
2;7;7;74;2;2;9;14;1;2;1971;77;2;4;4;1;1;14106308;2022-09-24;-3;
2;;7;46;2;2;7;14;1;2;1990;62;1;3;4;1;1;14106501;2022-09-14;-16;
3;7;7;47;2;2;12;14;1;3;2005;48;1;3;4;1;1;14106502;2022-09-30;-1;
1;4;5;37;2;2;8;14;1;6;2000;42;1;1;4;1;1;14106505;2022-09-23;-5;
2;4;5;75;2;2;7;14;2;3;2013;68;2;3;4;1;1;14106507;2022-10-17;7;
1;5;5;63;2;2;7;14;1;2;1989;58;1;3;4;1;1;14106510;2022-10-17;5;
3;7;6;51;1;1;9;14;2;3;1996;56;1;4;4;1;1;14106602;2022-10-02;-5;
3;5;5;43;2;2;9;14;2;3;2021;49;2;4;4;1;1;14106803;2022-09-15;-6;
2;6;7;45;2;2;9;14;1;3;2002;45;1;5;5;1;1;14106807;2022-09-16;0;
3;7;6;37;2;2;15;14;1;3;2013;40;1;4;4;1;1;14106808;2022-09-16;-3;
3;6;5;20;1;1;14;14;8;5;2022;20;1;4;4;1;1;14106906;2022-11-17;0;
3;5;6;79;1;1;7;14;1;3;1962;63;2;3;3;1;1;14107210;2022-09-21;16;
1;4;2;49;2;2;11;14;1;6;1990;58;1;2;4;1;1;14107501;2022-09-27;-9;
3;7;6;74;1;1;8;14;1;5;1968;76;1;4;5;1;1;14107502;2022-09-27;-2;
2;7;6;32;2;2;9;14;8;3;2015;32;1;4;4;1;1;14107503;2022-09-28;0;
3;7;7;46;2;2;9;14;1;2;1999;47;1;4;4;1;1;14107504;2022-09-30;-1;
3;6;1;77;2;2;9;14;1;4;1966;78;2;4;4;1;1;14107704;2022-10-07;-1;
2;7;7;63;2;2;7;14;3;5;1983;73;2;4;4;1;1;14107801;2022-10-05;-10;
3;5;6;59;2;2;9;14;1;2;1985;62;1;4;4;1;1;14107802;2022-10-06;-3;
1;7;7;25;2;2;9;14;2;5;2012;35;1;5;4;1;1;14107803;2022-10-05;-10;
1;4;4;23;2;2;7;14;2;1;2019;34;1;2;3;1;1;14107807;2022-08-18;-11;
3;7;7;74;2;2;7;14;1;3;1967;84;2;4;4;1;1;14107809;2022-10-06;-10;
3;5;6;69;1;1;14;14;1;2;1979;65;1;4;4;1;1;14108005;2022-08-22;4;
2;7;7;31;2;2;9;14;2;2;2021;32;1;4;4;1;1;14108006;2022-08-25;-1;
3;7;5;25;1;1;10;14;8;3;2022;23;1;3;4;1;1;14108009;2022-08-24;2;
3;;6;82;1;1;10;14;1;4;1963;83;2;4;4;1;1;14108103;2022-09-26;-1;
3;6;6;59;2;2;9;14;1;3;1985;62;1;5;5;1;1;14108108;2022-10-06;-3;
2;6;6;44;2;2;13;14;1;2;2001;46;1;4;5;1;1;14108110;2022-08-20;-2;
3;6;5;40;2;2;9;14;8;2;2010;53;1;2;3;1;1;14108202;2022-10-05;-13;
;7;7;50;1;1;9;14;6;;2003;46;1;4;4;1;1;14108203;2022-10-05;4;
;7;7;42;1;1;9;14;1;;2008;37;2;4;4;1;1;14108205;2022-10-05;5;
3;7;6;47;1;1;11;14;1;4;2008;50;1;4;4;1;1;14108208;2022-08-27;-3;
3;5;6;78;1;1;7;14;1;;1965;73;1;3;3;1;1;14108303;2022-10-05;5;
3;7;7;37;1;1;11;14;8;3;2019;31;1;4;4;1;1;14108304;2022-10-05;6;
1;7;7;49;2;2;7;14;1;6;1995;53;1;3;4;1;1;14108401;2022-08-24;-4;
3;7;6;76;1;1;11;14;1;5;1972;65;;5;4;1;1;14108410;2022-08-22;11;
1;7;7;56;2;1;8;14;1;6;1988;56;1;3;5;1;1;14108506;2022-08-20;0;
2;7;6;27;1;1;11;14;8;4;2014;27;1;4;3;1;1;14108508;2022-08-21;0;
3;7;7;57;1;1;7;14;1;3;1989;57;1;2;4;1;1;14109106;2022-09-25;0;
3;5;6;50;2;2;13;14;6;3;2010;53;1;3;5;1;1;14109108;2022-09-25;-3;
1;6;7;36;2;2;9;14;1;2;2006;37;1;4;4;1;1;14109208;2022-11-07;-1;
1;7;6;30;2;2;11;14;2;4;2014;32;1;4;5;1;1;14109209;2022-11-07;-2;
3;6;7;33;1;1;9;14;1;4;2007;32;1;4;4;1;1;14109301;2022-09-24;1;
3;6;7;71;1;1;9;14;1;3;1973;68;1;4;4;1;1;14109303;2022-09-24;3;
1;1;6;63;2;2;7;14;1;6;1973;67;2;4;3;1;1;14109305;2022-09-24;-4;
1;5;7;68;2;2;1;14;2;3;1977;78;1;3;3;1;1;14109401;2022-08-28;-10;
3;7;7;54;1;1;9;14;1;6;1990;59;1;4;5;1;1;14109402;2022-09-13;-5;
3;7;6;68;1;1;7;14;1;3;1980;66;1;4;3;1;1;14109602;2022-08-27;2;
3;7;7;56;1;1;7;14;1;3;1988;53;1;4;4;1;1;14109608;2022-09-12;3;
;6;6;43;1;;7;14;1;3;2017;33;1;4;4;1;1;14109609;2022-09-13;10;
3;7;7;67;1;1;7;14;8;3;2007;68;1;4;3;1;1;14109807;2022-11-08;-1;
1;7;7;60;2;2;7;14;1;1;1983;62;1;5;5;1;1;14109810;2022-11-11;-2;
1;7;4;33;2;2;8;14;2;1;2018;29;1;3;3;1;1;14109906;2022-08-28;4;
2;6;5;35;2;2;9;14;6;2;2017;37;1;4;4;1;1;14110302;2022-09-08;-2;
3;7;6;30;2;2;15;14;8;3;2017;33;1;4;5;1;1;14110303;2022-09-07;-3;
2;6;6;72;1;1;8;14;1;1;2022;54;1;3;4;1;1;14110306;2022-09-08;18;
2;7;7;66;2;2;7;14;1;2;1976;76;1;4;4;1;1;14110601;2022-08-28;-10;
3;6;5;24;2;2;12;14;8;2;2021;25;1;4;4;1;1;14110606;2022-11-18;-1;
3;7;7;26;2;2;14;14;8;2;2018;27;1;5;5;1;1;14110608;2022-11-19;-1;
2;5;6;58;1;1;13;14;5;5;1992;48;1;4;4;1;1;14110610;2022-08-28;10;
3;1;5;86;2;2;15;14;1;5;1961;85;2;4;4;1;1;14110901;2022-11-11;1;
1;4;6;60;2;2;7;14;6;1;2004;58;1;2;3;1;1;14110910;2022-09-02;2;
1;;7;67;2;2;7;14;1;2;1974;68;2;4;4;1;1;14111003;2022-09-13;-1;
3;4;6;32;2;2;11;14;2;2;2009;35;1;4;5;1;1;14111006;2022-09-21;-3;
3;5;6;46;2;2;13;14;8;3;2019;45;1;3;5;1;1;14111201;2022-09-13;1;
3;7;6;23;1;1;15;14;8;4;2021;26;1;4;4;1;1;14111202;2022-09-13;-3;
3;6;5;54;2;2;7;14;1;2;1994;60;;4;4;1;1;14111205;2022-08-23;-6;
3;6;6;53;1;1;7;14;1;6;1989;52;1;3;4;1;1;14111306;2022-11-19;1;
3;7;7;60;1;1;7;14;8;3;1990;56;1;5;4;1;1;14111403;2022-09-02;4;
3;4;4;28;2;2;12;14;8;2;2022;34;1;3;4;1;1;14111407;2022-11-19;-6;
3;4;6;52;2;2;8;14;1;4;1990;54;1;5;5;1;1;14111409;2022-11-19;-2;
3;6;7;34;2;2;15;14;1;3;2012;50;1;5;5;1;1;14112107;2022-11-21;-16;
1;7;7;30;2;2;9;14;1;2;2014;33;1;5;5;1;1;14112108;2022-11-21;-3;
3;6;3;32;1;1;14;14;8;3;2020;29;1;3;4;1;1;14112401;2022-11-17;3;
2;7;7;50;2;2;7;14;1;2;1985;59;1;3;3;1;1;14112510;2022-09-22;-9;
3;7;7;41;2;2;15;14;8;2;1997;47;1;3;3;1;1;14112701;2022-09-29;-6;
3;7;5;25;2;2;15;14;8;3;2017;28;1;4;4;1;1;14113010;2022-11-21;-3;
3;4;5;70;2;2;15;15;1;2;1979;68;2;4;4;1;1;15100208;2022-08-15;2;
3;5;5;32;2;2;15;15;8;6;2015;28;1;3;5;1;1;15100601;2022-10-12;4;
1;7;6;55;2;2;7;15;1;6;1986;58;1;3;4;1;1;15100602;2022-10-12;-3;
2;6;4;36;2;2;9;15;2;2;2003;39;1;3;4;1;1;15100603;2022-10-13;-3;
2;6;6;32;2;2;13;15;2;6;2013;37;1;4;4;1;1;15100606;2022-10-14;-5;
3;7;7;53;1;1;9;15;1;5;1984;52;1;4;5;1;1;15100608;2022-10-16;1;
3;6;6;25;2;2;11;15;2;2;2011;27;1;4;4;1;1;15100610;2022-10-16;-2;
3;3;7;31;1;1;14;15;8;4;2016;40;1;3;3;1;1;15100902;2022-11-02;-9;
3;6;6;33;2;2;11;15;2;2;2019;27;1;4;2;1;1;15100906;2022-10-27;6;
1;7;7;30;2;2;11;15;1;6;2008;39;2;4;4;1;1;15100908;2022-10-27;-9;
3;7;7;60;2;2;9;15;1;2;2019;60;1;4;4;1;1;15100909;2022-11-04;0;
2;7;6;50;2;2;9;15;2;6;2016;36;1;4;4;1;1;15101101;2022-09-28;14;
2;6;6;65;2;2;14;15;1;2;1980;71;1;3;4;1;1;15101105;2022-09-30;-6;
1;6;6;57;2;2;14;15;1;6;1985;56;1;4;4;1;1;15101106;2022-09-30;1;
3;3;5;47;2;2;13;15;2;3;2015;49;2;3;3;1;1;15101107;2022-09-30;-2;
3;5;5;49;1;1;12;15;2;4;2015;48;1;4;4;1;1;15101108;2022-09-30;1;
1;7;5;52;2;2;13;15;1;6;1993;53;1;3;3;1;1;15101109;2022-10-06;-1;
1;6;5;49;2;2;7;15;1;2;1999;52;1;3;3;1;1;15101302;2022-10-21;-3;
2;4;5;37;2;2;13;15;1;3;2014;40;1;4;4;1;1;15101304;2022-10-24;-3;
2;1;7;59;2;2;7;15;8;1;2000;72;2;4;4;1;1;15101307;2022-10-27;-13;
3;7;6;30;1;1;15;15;1;3;2020;27;1;4;4;1;1;15101308;2022-10-25;3;
2;;1;58;2;2;9;15;1;1;1980;66;;3;3;1;1;15101310;2022-10-24;-8;
1;5;3;29;2;2;9;15;1;6;2011;34;1;2;2;1;1;15101501;2022-11-03;-5;
3;1;5;85;1;1;9;15;1;2;1979;74;2;3;4;1;1;15101801;2022-10-01;11;
2;7;7;74;1;1;7;15;1;3;2011;68;2;3;3;1;1;15101807;2022-09-30;6;
1;7;7;29;2;2;9;15;8;6;2008;43;1;4;4;1;1;15101904;2022-10-04;-14;
3;6;6;68;1;1;9;15;1;5;1978;74;;3;3;1;1;15101907;2022-10-04;-6;
1;7;6;36;2;2;11;15;2;6;2012;38;1;5;5;1;1;15102001;2022-09-23;-2;
1;5;7;26;2;2;14;15;2;6;2019;26;1;4;3;1;1;15102002;2022-09-23;0;
1;7;7;55;2;2;11;15;1;1;1996;50;1;4;4;1;1;15102004;2022-10-06;5;
3;5;5;50;1;1;12;15;2;3;1998;49;1;4;3;1;1;15102009;2022-10-07;1;
2;6;6;32;2;2;11;15;8;2;2012;34;1;4;4;1;1;15102203;2022-08-26;-2;
;1;6;58;2;2;7;15;1;2;1984;59;1;3;3;1;1;15102402;2022-09-25;-1;
3;5;6;50;2;2;7;15;1;2;1992;52;1;3;4;1;1;15102403;2022-09-25;-2;
2;7;7;48;1;1;9;15;2;1;2008;33;1;3;5;1;1;15102405;2022-10-06;15;
2;7;5;36;2;2;12;15;2;5;2015;37;1;4;5;1;1;15102408;2022-10-07;-1;
1;7;7;51;2;2;9;15;1;6;1990;52;1;3;4;1;1;15102409;2022-10-07;-1;
2;7;6;51;2;2;9;15;1;1;2014;48;1;3;3;1;1;15102410;2022-10-07;3;
3;7;7;41;1;1;9;15;1;4;2008;46;1;4;4;1;1;15102605;2022-10-03;-5;
3;1;7;71;2;2;9;15;1;2;1986;74;2;4;4;1;1;15102607;2022-10-05;-3;
3;6;7;66;1;1;9;15;1;3;1994;67;1;4;5;1;1;15102608;2022-10-05;-1;
2;6;6;67;2;2;7;15;1;2;1977;76;2;3;3;1;1;15102609;2022-10-03;-9;
1;4;5;39;2;2;9;15;1;2;2021;35;1;3;3;1;1;15102610;2022-10-07;4;
2;1;4;44;2;2;9;15;8;2;2015;62;2;2;2;1;1;15102702;2022-10-17;-18;
1;7;7;31;2;2;11;15;8;6;2012;60;1;4;4;1;1;15102703;2022-10-14;-29;
2;7;7;68;2;2;15;15;5;5;1990;68;1;5;4;1;1;15102705;2022-10-17;0;
2;7;5;42;2;2;9;15;1;2;1990;47;1;3;3;1;1;15102707;2022-10-18;-5;
1;7;7;27;2;2;13;15;1;6;2018;30;1;4;4;1;1;15102902;2022-10-07;-3;
1;7;7;65;2;2;11;15;1;2;1980;78;1;3;3;1;1;15102903;2022-10-08;-13;
3;6;6;36;2;2;15;15;8;2;2011;36;1;4;4;1;1;15102904;2022-10-11;0;
2;1;2;66;2;2;9;15;1;2;1977;68;2;3;3;1;1;15102907;2022-10-13;-2;
3;4;7;86;1;1;11;15;1;4;1960;85;;4;5;1;1;15102909;2022-10-08;1;
1;7;7;71;2;2;6;15;1;2;1985;74;;3;4;1;1;15102910;2022-10-13;-3;
3;5;6;67;1;1;9;15;8;4;1981;67;2;3;3;1;1;15103102;2022-10-05;0;
1;3;5;70;2;2;9;15;1;2;1971;74;2;3;4;1;1;15103103;2022-10-05;-4;
2;1;4;76;2;2;6;15;1;6;1971;77;1;3;3;1;1;15103105;2022-10-05;-1;
1;6;6;65;2;2;7;15;5;6;2006;60;1;2;4;1;1;15103106;2022-10-06;5;
2;5;3;48;2;2;7;15;2;2;2010;50;1;4;4;1;1;15103203;2022-10-26;-2;
2;7;6;20;2;2;14;15;2;3;2022;21;1;4;5;1;1;15103204;2022-10-26;-1;
1;5;4;72;2;2;6;15;1;6;1980;64;1;3;4;1;1;15103205;2022-10-27;8;
2;5;5;58;2;2;9;15;1;2;1994;58;;3;3;1;1;15103206;2022-10-27;0;
3;5;5;36;2;2;9;15;8;2;2008;36;1;3;3;1;1;15103207;2022-10-27;0;
2;;5;19;2;2;9;15;2;6;2021;22;1;3;4;1;1;15103302;2022-08-23;-3;
3;5;7;73;2;2;7;15;1;3;1971;73;2;4;4;1;1;15103304;2022-08-23;0;
1;7;6;44;2;2;11;15;1;6;2004;45;1;4;4;1;1;15103310;2022-08-30;-1;
3;7;6;61;1;1;13;15;8;3;2019;62;1;3;3;1;1;15103401;2022-10-03;-1;
2;1;4;84;2;2;8;15;1;5;1962;80;2;3;4;1;1;15103405;2022-10-03;4;
3;7;4;42;2;2;9;15;2;2;2018;45;1;3;3;1;1;15103409;2022-10-05;-3;
3;6;5;26;2;2;13;15;8;3;2020;25;1;4;4;1;1;15103501;2022-10-17;1;
3;7;7;28;2;2;11;15;8;3;2021;25;1;4;4;1;1;15103508;2022-10-20;3;
3;6;6;21;2;2;13;15;8;4;2020;23;1;4;4;1;1;15103509;2022-10-20;-2;
2;1;4;53;2;2;7;15;2;6;2007;57;2;1;4;1;1;15103701;2022-10-10;-4;
2;7;6;25;2;2;15;15;2;2;2020;30;1;4;5;1;1;15103703;2022-10-05;-5;
1;;6;66;2;2;7;15;1;5;1970;78;2;3;3;1;1;15103704;2022-10-06;-12;
2;7;4;22;2;2;14;15;3;2;2016;27;1;4;4;1;1;15103706;2022-10-06;-5;
3;6;6;24;1;1;11;15;8;5;2019;23;1;3;4;1;1;15103710;2022-09-01;1;
1;6;6;46;2;2;7;15;1;5;1993;65;1;5;4;1;1;15103804;2022-08-31;-19;
3;6;6;41;1;1;10;15;1;4;2012;38;1;4;5;1;1;15103805;2022-09-02;3;
1;6;6;64;2;2;9;15;1;2;1980;64;1;3;3;1;1;15103806;2022-09-01;0;
3;6;6;68;1;1;9;15;1;5;2010;52;2;3;4;1;1;15103807;2022-09-01;16;
3;6;1;18;2;2;9;15;8;6;2022;21;1;4;3;1;1;15104301;2022-10-19;-3;
3;7;7;37;1;1;9;15;8;;2014;36;1;3;3;1;1;15104302;2022-10-21;1;
3;6;5;27;2;2;15;15;8;2;2021;33;1;3;4;1;1;15104304;2022-10-21;-6;
3;6;7;71;1;1;13;15;8;4;2002;60;1;4;3;1;1;15104305;2022-10-25;11;
1;7;3;52;2;2;7;15;1;6;2010;66;2;5;3;1;1;15104309;2022-10-26;-14;
2;7;7;55;2;2;9;15;2;2;2002;66;1;4;4;1;1;15104403;2022-09-01;-11;
2;6;5;26;2;2;9;15;8;3;2021;28;1;3;4;1;1;15104404;2022-09-05;-2;
3;7;6;36;1;1;10;15;2;4;2014;26;1;4;4;1;1;15104409;2022-09-07;10;
3;5;3;46;1;1;9;15;1;2;2009;39;;2;3;1;1;15104410;2022-09-07;7;
1;6;6;52;2;2;9;15;1;6;2006;51;1;4;5;1;1;15104601;2022-09-12;1;
1;6;5;62;2;2;9;15;1;4;1979;62;1;4;3;1;1;15104603;2022-09-13;0;
1;6;7;76;2;2;9;15;1;6;1963;83;2;4;4;1;1;15104802;2022-10-12;-7;
3;6;5;45;2;2;15;15;2;2;2007;40;1;4;4;1;1;15104906;2022-10-23;5;
1;6;4;70;2;2;7;15;1;6;1970;72;;3;3;1;1;15104908;2022-10-25;-2;
3;6;6;70;1;1;11;15;1;3;1990;64;1;3;4;1;1;15104910;2022-10-25;6;
1;5;6;59;2;2;9;15;1;1;1983;62;1;4;4;1;1;15105009;2022-08-26;-3;
1;7;7;36;2;2;13;15;1;6;2007;40;1;4;4;1;1;15105010;2022-08-23;-4;
1;6;5;50;2;2;11;15;1;1;1994;50;1;4;4;1;1;15105101;2022-10-18;0;
3;7;6;24;2;2;13;15;8;;2021;22;1;4;4;1;1;15105103;2022-10-18;2;
2;3;3;51;2;2;15;15;1;4;1999;51;1;3;4;1;1;15105107;2022-10-21;0;
3;6;6;67;1;1;15;15;1;5;1986;63;1;3;4;1;1;15105109;2022-10-19;4;
1;7;6;51;2;2;9;15;1;6;1996;45;1;4;5;1;1;15105203;2022-10-27;6;
3;6;6;33;2;2;15;15;2;3;2021;33;2;5;5;1;1;15105206;2022-10-27;0;
3;7;7;63;1;1;9;15;1;5;1980;64;1;4;4;1;1;15105303;2022-10-10;-1;
3;6;7;63;2;2;9;15;1;1;1979;71;2;4;4;1;1;15105306;2022-10-20;-8;
3;7;7;32;1;1;13;15;2;5;2011;28;1;4;4;1;1;15105307;2022-10-23;4;
1;6;6;37;2;2;14;15;1;2;2014;48;1;4;4;1;1;15105308;2022-10-24;-11;
3;7;7;31;1;1;9;15;2;5;2019;41;1;4;5;1;1;15105309;2022-10-25;-10;
3;5;7;51;1;1;9;15;1;4;1988;51;1;4;4;1;1;15105310;2022-10-25;0;
3;4;4;51;1;1;11;15;6;4;2021;47;1;3;3;1;1;15105402;2022-08-29;4;
1;7;4;31;2;2;9;15;1;6;2020;51;1;4;4;1;1;15105505;2022-09-07;-20;
1;7;5;28;2;2;9;15;2;6;2010;27;1;4;4;1;1;15105506;2022-09-07;1;
2;4;6;66;2;2;9;15;1;2;1977;69;2;3;3;1;1;15105507;2022-09-08;-3;
1;5;7;58;2;2;10;15;1;2;1982;68;2;4;5;1;1;15105508;2022-09-09;-10;
1;7;7;58;2;2;9;15;2;6;2010;59;1;4;5;1;1;15105509;2022-09-09;-1;
3;5;2;74;2;2;7;15;2;2;1978;82;2;2;4;1;1;15105510;2022-09-09;-8;
2;6;6;79;2;2;6;15;1;5;1974;67;2;4;4;1;1;15105701;2022-10-12;12;
2;1;4;64;2;2;9;15;1;2;2000;68;1;2;3;1;1;15105707;2022-10-15;-4;
2;7;7;68;2;2;9;15;1;3;1970;73;2;2;3;1;1;15105709;2022-10-17;-5;
3;7;5;53;2;2;12;15;8;2;2016;61;1;5;5;1;1;15105903;2022-10-13;-8;
1;1;6;55;2;2;9;15;1;6;1987;56;2;3;4;1;1;15105905;2022-10-14;-1;
3;7;6;40;2;2;9;15;6;1;2019;43;1;5;5;1;1;15105908;2022-10-14;-3;
2;6;6;73;2;2;9;15;1;2;1980;83;1;3;4;1;1;15106002;2022-08-30;-10;
2;7;6;65;2;2;7;15;1;2;1979;69;1;2;4;1;1;15106006;2022-09-15;-4;
2;6;6;68;2;2;11;15;1;2;1975;67;1;4;4;1;1;15106008;2022-09-29;1;
3;7;6;32;1;1;15;15;8;5;2022;29;1;4;4;1;1;15106103;2022-09-05;3;
3;6;6;37;2;2;13;15;8;3;2017;37;1;4;4;1;1;15106107;2022-09-06;0;
3;7;7;63;2;2;15;15;8;3;2011;99;1;4;4;1;1;15106108;2022-08-30;-36;
2;7;7;54;2;2;11;15;8;6;2017;57;1;3;3;1;1;15106110;2022-08-19;-3;
1;7;7;63;2;2;9;15;1;6;1981;70;2;3;4;1;1;15106302;2022-09-26;-7;
2;7;6;30;2;2;11;15;1;6;2010;29;1;4;4;1;1;15106303;2022-09-21;1;
3;7;5;47;2;2;9;15;8;2;2008;47;1;3;4;1;1;15106306;2022-09-23;0;
2;5;5;58;2;2;11;15;8;2;2005;48;1;2;3;1;1;15106310;2022-09-27;10;
3;4;6;49;2;2;9;15;1;3;1991;58;2;3;3;1;1;15106501;2022-09-26;-9;
3;3;5;45;2;2;9;15;8;2;2003;38;1;4;4;1;1;15106503;2022-09-27;7;
3;4;4;32;1;1;15;15;8;3;2021;36;1;4;5;1;1;15107102;2022-08-16;-4;
3;5;7;57;2;2;13;15;2;4;2017;61;1;5;4;1;1;15107103;2022-08-18;-4;
1;6;6;55;2;2;13;15;2;4;2018;56;1;5;4;1;1;15107105;2022-09-12;-1;
2;7;6;28;2;2;13;15;2;4;2018;31;1;5;5;1;1;15107109;2022-09-15;-3;
3;7;7;72;2;2;8;15;1;2;1967;73;1;4;4;1;1;15107202;2022-09-14;-1;
2;7;7;60;2;2;13;15;1;2;1984;64;1;4;5;1;1;15107206;2022-09-15;-4;
3;2;7;74;2;2;8;15;5;6;2004;59;2;2;3;1;1;15107207;2022-09-27;15;
1;1;5;57;2;2;9;15;5;6;2009;59;2;3;4;1;1;15107208;2022-09-27;-2;
1;1;4;59;2;2;7;15;1;3;2018;84;2;2;3;1;1;15107209;2022-09-27;-25;
2;7;7;67;2;2;7;15;1;5;1978;71;2;3;3;1;1;15107302;2022-11-02;-4;
2;7;6;32;2;2;9;15;8;6;2013;40;1;3;5;1;1;15107303;2022-11-02;-8;
3;6;6;45;2;2;9;15;1;3;1997;50;1;3;3;1;1;15107305;2022-11-02;-5;
2;7;7;25;2;2;11;15;2;3;2019;26;1;3;3;1;1;15107306;2022-11-02;-1;
3;5;5;87;1;1;10;15;1;4;1963;80;2;4;4;1;1;15107404;2022-09-29;7;
3;5;5;58;1;1;13;15;1;4;1980;57;1;4;4;1;1;15107406;2022-10-03;1;
1;7;6;48;2;2;9;15;1;;1997;46;1;4;3;1;1;15107407;2022-08-26;2;
3;6;6;37;2;2;9;15;8;;2018;39;1;4;4;1;1;15107409;2022-10-14;-2;
3;5;5;36;1;1;13;15;2;3;2021;29;1;4;5;1;1;15107801;2022-10-31;7;
1;6;6;38;1;1;15;15;3;2;2012;29;1;5;5;1;1;15107802;2022-10-31;9;
3;6;6;46;1;1;15;15;5;3;2014;54;1;5;4;1;1;15107803;2022-11-01;-8;
1;5;5;51;2;2;15;15;5;4;2006;50;1;4;4;1;1;15107808;2022-11-01;1;
3;5;6;44;1;1;15;15;2;3;2012;39;2;4;5;1;1;15107809;2022-11-03;5;
3;7;7;77;2;2;6;15;1;2;1973;73;1;4;4;1;1;15107902;2022-09-26;4;
1;5;5;37;2;2;12;15;1;6;2014;37;1;4;4;1;1;15107903;2022-08-22;0;
3;7;7;24;1;1;12;15;2;3;2022;21;1;3;3;1;1;15107910;2022-08-25;3;
2;6;5;53;2;2;13;15;6;6;2019;54;1;4;4;1;1;15108101;2022-09-09;-1;
2;6;5;33;2;2;14;15;2;2;2013;32;1;4;4;1;1;15108104;2022-09-10;1;
2;6;6;38;2;2;11;15;8;2;2005;40;1;4;4;1;1;15108106;2022-08-18;-2;
2;7;6;37;2;2;13;15;2;1;2008;37;1;4;4;1;1;15108108;2022-09-12;0;
2;5;3;39;2;2;9;15;2;3;2018;35;1;4;3;1;1;15108109;2022-08-29;4;
3;2;5;70;1;1;8;15;8;6;1998;62;2;3;3;1;1;15108110;2022-09-13;8;
2;7;7;67;2;2;9;15;8;4;2017;67;1;4;4;1;1;15108201;2022-09-01;0;
1;5;6;69;2;2;9;15;1;2;2004;68;1;4;4;1;1;15108202;2022-09-07;1;
1;7;6;52;2;2;9;15;1;2;1991;52;1;3;3;1;1;15108204;2022-09-07;0;
2;7;5;36;2;2;9;15;8;2;2008;36;1;4;3;1;1;15108206;2022-09-08;0;
1;5;7;40;2;2;9;15;1;6;2002;33;1;4;5;1;1;15108207;2022-09-08;7;
1;7;2;65;2;2;9;15;5;1;1995;68;2;3;3;1;1;15108209;2022-09-08;-3;
1;6;6;64;2;2;11;15;1;6;1977;64;1;3;3;1;1;15108210;2022-09-08;0;
1;4;4;55;2;2;9;15;1;6;1983;54;1;4;4;1;1;15108305;2022-11-04;1;
3;1;4;79;1;1;13;15;1;2;1969;77;2;4;4;1;1;15108504;2022-09-06;2;
1;7;5;42;2;2;11;15;1;5;2021;49;;4;5;1;1;15108505;2022-09-29;-7;
1;7;6;44;2;2;12;15;1;6;1997;45;1;4;4;1;1;15108506;2022-08-20;-1;
2;7;6;67;2;2;9;15;1;6;1977;66;2;4;4;1;1;15108603;2022-09-14;1;
1;6;6;57;2;2;11;15;1;6;1990;65;1;4;4;1;1;15108605;2022-08-25;-8;
3;7;6;52;2;2;15;15;1;3;1997;56;1;4;4;1;1;15108607;2022-09-20;-4;
3;6;6;50;1;1;9;15;1;3;1996;43;;4;4;1;1;15108609;2022-08-25;7;
2;5;7;68;2;2;11;15;1;2;1970;73;1;4;4;1;1;15108610;2022-09-22;-5;
2;7;5;42;2;2;9;15;1;1;1997;53;1;3;4;1;1;15108801;2022-09-28;-11;
3;6;6;53;1;1;10;15;6;4;2021;58;1;5;4;1;1;15109005;2022-09-26;-5;
1;6;6;37;2;2;15;15;2;5;2016;49;1;4;5;1;1;15109006;2022-09-26;-12;
3;5;4;64;1;1;15;15;2;5;2006;59;1;;5;1;1;15109008;2022-10-31;5;
3;7;7;35;1;1;15;15;2;4;2012;33;1;4;5;1;1;15109104;2022-09-15;2;
3;7;7;20;1;1;9;15;2;4;2020;32;1;4;4;1;1;15109105;2022-09-14;-12;
1;6;4;25;2;2;9;15;1;6;2021;26;1;4;4;1;1;15109106;2022-08-29;-1;
3;2;5;35;2;2;14;15;8;3;2018;35;2;4;4;1;1;15109107;2022-09-02;0;
2;6;6;57;2;2;11;15;6;3;2019;49;1;4;5;1;1;15109301;2022-11-03;8;
3;7;7;45;1;1;15;15;1;4;1996;41;1;5;4;1;1;15109303;2022-11-03;4;
3;5;6;47;2;2;13;15;1;4;1998;48;1;4;5;1;1;15109304;2022-11-03;-1;
2;7;7;46;2;2;9;15;8;3;2016;66;1;4;3;1;1;15109801;2022-10-31;-20;
3;7;7;29;1;1;15;15;1;5;2016;30;1;4;4;1;1;15109907;2022-11-01;-1;
2;4;6;59;2;2;7;15;1;6;1980;72;2;4;3;1;1;15109908;2022-11-01;-13;
3;6;6;39;2;2;9;15;2;3;2013;31;1;4;4;1;1;15110001;2022-08-24;8;
2;2;4;65;2;2;12;15;1;3;1981;70;2;4;3;1;1;15110004;2022-08-24;-5;
1;3;4;49;2;2;12;15;8;1;2008;55;1;3;4;1;1;15110005;2022-08-02;-6;
1;7;7;31;2;2;15;15;1;6;2014;38;1;5;4;1;1;15110009;2022-09-30;-7;
1;5;7;65;2;2;9;15;1;6;1977;70;2;3;4;1;1;15110104;2022-08-08;-5;
3;5;6;76;1;1;6;15;1;4;1966;75;2;3;3;1;1;15110107;2022-08-16;1;
3;7;7;70;2;2;7;15;1;3;1972;71;1;3;3;1;1;15110108;2022-08-05;-1;
1;7;7;45;2;2;11;15;2;2;2019;43;1;3;4;1;1;15110109;2022-09-14;2;
1;6;7;39;2;2;11;15;8;6;2002;42;1;4;3;1;1;15110110;2022-09-14;-3;
2;7;5;34;1;1;15;15;1;4;2017;37;1;4;4;1;1;15110201;2022-08-25;-3;
3;7;5;57;2;2;9;15;8;2;2005;50;1;4;4;1;1;15110206;2022-08-23;7;
2;7;7;54;2;2;9;15;1;6;1988;53;1;3;5;1;1;15110207;2022-08-27;1;
3;4;5;56;1;1;15;15;1;2;1991;53;1;4;5;1;1;15110304;2022-10-27;3;
3;3;7;54;2;2;14;15;1;6;1991;57;1;4;4;1;1;15110305;2022-10-27;-3;
3;5;2;47;2;2;7;15;8;2;1999;49;1;3;3;1;1;15110402;2022-09-02;-2;
3;6;6;70;1;1;9;15;1;4;1984;68;1;4;4;1;1;15110403;2022-09-02;2;
1;1;6;81;2;2;11;15;1;2;1966;84;2;3;4;1;1;15110405;2022-09-02;-3;
2;6;4;53;2;2;11;15;1;2;2014;54;1;3;4;1;1;15110407;2022-09-03;-1;
1;7;7;59;2;2;13;15;1;6;1985;58;;3;3;1;1;15110408;2022-09-03;1;
3;6;6;32;1;1;9;15;1;4;2014;24;1;4;4;1;1;15110409;2022-08-17;8;
3;5;6;73;1;1;9;15;1;4;1986;62;2;3;4;1;1;15110410;2022-08-18;11;
3;6;5;64;1;1;9;15;1;3;1985;60;;3;3;1;1;15110504;2022-09-23;4;
3;6;6;61;2;2;11;15;2;2;1994;61;1;5;4;1;1;15110509;2022-09-07;0;
3;7;7;30;2;2;15;15;6;3;2021;35;1;4;5;1;1;15110510;2022-09-07;-5;
1;4;7;69;2;2;9;15;1;6;1976;76;2;3;3;1;1;15110601;2022-09-07;-7;
1;6;7;78;2;2;6;15;1;2;1962;83;2;4;4;1;1;15110603;2022-09-07;-5;
1;1;1;70;1;1;9;15;1;6;1990;79;1;4;3;1;1;15110604;2022-09-08;-9;
3;1;6;77;1;1;9;15;1;3;1974;68;2;3;3;1;1;15110608;2022-09-01;9;
3;3;5;50;2;2;9;15;1;4;1991;56;2;2;3;1;1;15110609;2022-08-12;-6;
3;2;2;21;1;1;14;15;8;3;2022;20;1;4;4;1;1;15110610;2022-09-12;1;
3;6;6;47;2;2;7;15;2;4;2017;59;1;3;3;1;1;15110902;2022-09-20;-12;
3;6;6;24;1;1;9;15;2;5;2022;22;1;5;5;1;1;15110904;2022-08-16;2;
3;7;7;30;1;1;7;16;8;;2019;26;1;4;3;1;1;16100302;2022-09-13;4;
3;7;7;24;1;1;12;16;8;3;2022;21;1;4;3;1;1;16100310;2022-09-19;3;
3;3;4;58;1;1;9;16;2;3;2015;50;1;4;4;1;1;16100410;2022-09-12;8;
2;7;7;25;2;2;9;16;2;3;2013;38;1;5;4;1;1;16101007;2022-09-08;-13;
3;6;7;32;1;1;9;16;8;3;2022;99;1;3;5;1;1;16101102;2022-08-31;-67;
3;6;7;26;2;2;11;16;8;3;2021;25;1;3;5;1;1;16101104;2022-08-31;1;
3;6;6;45;1;1;9;16;1;3;2001;35;1;5;4;1;1;16101106;2022-08-31;10;
2;3;4;50;2;2;7;16;2;1;1996;60;1;4;3;1;1;16101109;2022-08-31;-10;
2;6;5;37;2;2;11;16;3;6;2005;54;1;4;4;1;1;16101301;2022-09-22;-17;
3;6;5;26;1;1;9;16;2;6;2022;26;1;5;;1;1;16101304;2022-09-23;0;
3;7;5;44;1;1;9;16;1;1;2007;33;1;4;4;1;1;16101401;2022-09-13;11;
3;6;6;33;2;2;13;16;1;2;2010;44;1;4;4;1;1;16101402;2022-09-13;-11;
3;6;4;55;1;1;7;16;8;2;2003;36;1;3;5;1;1;16101406;2022-09-14;19;
2;3;4;63;1;1;7;16;2;2;1985;51;1;5;4;1;1;16101407;2022-09-14;12;
3;6;5;34;2;2;15;16;8;4;2015;35;1;4;5;1;1;16101901;2022-09-22;-1;
3;6;6;27;2;2;15;16;8;2;2020;31;1;4;4;1;1;16101905;2022-08-19;-4;
3;5;5;42;1;1;13;16;2;3;2011;37;1;4;4;1;1;16101907;2022-09-24;5;
1;5;5;31;2;2;15;16;2;2;2017;39;1;3;3;1;1;16101909;2022-10-05;-8;
1;6;6;58;2;2;9;16;1;6;1995;52;1;5;4;1;1;16102104;2022-09-29;6;
3;5;3;37;1;1;9;16;1;3;2006;41;1;2;4;1;1;16102107;2022-10-03;-4;
3;7;5;27;1;1;15;16;2;4;2020;27;1;3;4;1;1;16102108;2022-10-03;0;
2;6;5;37;2;2;7;16;2;1;2020;51;1;3;3;1;1;16102110;2022-10-04;-14;
3;7;6;57;1;1;12;16;5;5;2015;55;1;4;3;1;1;16102204;2022-09-27;2;
2;1;3;56;2;2;9;16;1;6;1983;66;2;2;3;1;1;16102208;2022-09-27;-10;
2;5;5;67;2;2;9;16;1;2;1975;80;2;4;4;1;1;16102209;2022-09-27;-13;
3;6;6;67;2;2;9;16;1;3;1980;67;1;3;4;1;1;16102504;2022-09-23;0;
1;6;7;55;2;2;9;16;1;5;1982;61;2;4;4;1;1;16102508;2022-09-26;-6;
3;7;7;31;2;2;9;16;8;3;2019;30;1;4;4;1;1;16102509;2022-09-22;1;
1;4;5;68;2;2;9;16;1;2;1976;67;;3;3;1;1;16102601;2022-09-28;1;
1;5;6;36;2;2;12;16;1;6;2007;38;1;4;4;1;1;16102602;2022-09-28;-2;
3;6;6;57;1;1;9;16;1;5;1993;53;1;4;3;1;1;16102606;2022-09-28;4;
3;7;4;42;2;2;9;16;8;5;2007;49;;5;3;1;1;16102607;2022-09-28;-7;
3;4;5;52;2;2;15;16;2;5;2019;61;2;4;4;1;1;16102701;2022-10-12;-9;
3;6;6;71;2;2;15;16;1;3;1973;71;1;4;4;1;1;16102705;2022-10-13;0;
3;6;6;58;2;2;13;16;1;;1987;63;2;3;4;1;1;16102706;2022-10-13;-5;
3;5;5;34;2;2;15;16;1;4;2020;42;1;4;4;1;1;16102707;2022-10-14;-8;
1;5;4;43;2;2;9;16;1;6;1998;44;1;3;3;1;1;16103101;2022-10-01;-1;
3;6;7;33;1;1;14;16;1;4;2012;33;1;4;4;1;1;16103102;2022-10-01;0;
1;4;4;59;2;2;9;16;7;6;2010;68;2;2;2;1;1;16103201;2022-10-06;-9;
3;6;5;28;1;1;13;16;8;3;2016;28;1;5;5;1;1;16103202;2022-10-06;0;
1;7;7;56;2;2;7;16;1;6;1984;56;1;4;3;1;1;16103203;2022-10-06;0;
2;1;5;74;2;2;7;16;1;3;1985;84;2;3;4;1;1;16103205;2022-10-06;-10;
2;7;4;24;2;2;14;16;8;3;2017;25;1;5;4;1;1;16103206;2022-10-06;-1;
1;5;4;64;2;2;7;16;1;6;1978;67;1;2;3;1;1;16103207;2022-10-06;-3;
3;6;5;55;1;1;15;16;1;2;2016;49;1;4;5;1;1;16103302;2022-08-12;6;
3;5;4;35;1;1;15;16;8;3;2020;73;1;4;2;1;1;16103303;2022-09-27;-38;
3;6;6;69;1;1;9;16;1;4;1982;63;1;4;3;1;1;16103304;2022-09-28;6;
3;5;7;75;2;2;8;16;1;4;2022;72;2;4;4;1;1;16103307;2022-09-27;3;
3;7;7;56;1;1;9;16;8;5;1982;50;1;4;4;1;1;16103309;2022-09-28;6;
1;7;5;57;2;2;7;16;1;6;2012;48;1;4;4;1;1;16103404;2022-09-06;9;
1;6;5;57;2;2;7;16;8;6;1991;50;1;4;3;1;1;16103405;2022-09-20;7;
1;7;7;48;2;2;9;16;8;4;1996;58;1;3;4;1;1;16103406;2022-09-20;-10;
1;3;6;57;2;2;7;16;8;2;2000;55;2;5;4;1;1;16103407;2022-09-23;2;
1;6;1;48;2;2;9;16;1;6;1993;48;1;4;5;1;1;16103408;2022-09-23;0;
3;5;5;45;1;1;9;16;8;4;1999;42;1;4;3;1;1;16103410;2022-09-28;3;
2;5;7;67;2;2;9;16;1;6;1979;68;2;4;3;1;1;16103605;2022-08-10;-1;
3;7;7;77;1;1;9;16;1;3;1974;79;1;5;4;1;1;16103704;2022-08-28;-2;
3;7;7;54;2;2;13;16;1;3;2022;54;2;5;4;1;1;16103801;2022-09-14;0;
3;7;6;43;2;2;11;16;2;3;2010;41;1;3;4;1;1;16103802;2022-09-14;2;
3;7;5;43;1;1;9;16;1;3;2003;40;1;4;4;1;1;16103807;2022-10-02;3;
3;7;7;50;1;1;9;16;1;4;1988;48;2;4;4;1;1;16103810;2022-09-02;2;
1;6;5;48;2;2;7;16;8;6;1991;48;1;4;4;1;1;16103901;2022-09-22;0;
1;7;3;26;2;2;9;16;8;6;2010;26;1;3;4;1;1;16103902;2022-09-22;0;
1;6;5;45;2;2;7;16;1;6;1997;49;2;2;4;1;1;16103906;2022-09-27;-4;
3;6;5;38;2;2;9;16;1;3;2008;50;1;3;4;1;1;16103909;2022-09-27;-12;
1;7;5;27;2;2;7;16;1;6;2015;30;2;4;3;1;1;16103910;2022-09-27;-3;
3;4;4;52;1;1;7;16;5;5;2009;39;1;4;4;1;1;16104201;2022-10-04;13;
3;5;5;37;1;1;9;16;2;2;2005;37;1;4;4;1;1;16104205;2022-10-04;0;
3;5;5;37;2;2;9;16;2;3;2014;42;1;4;4;1;1;16104304;2022-09-01;-5;
1;1;5;25;2;2;13;16;8;1;2020;24;1;3;4;1;1;16104307;2022-08-11;1;
1;4;4;58;2;2;7;16;1;6;1983;59;1;2;3;1;1;16104308;2022-08-11;-1;
3;7;7;52;1;1;7;16;1;2;1999;60;1;4;4;1;1;16104405;2022-08-09;-8;
1;7;7;34;2;2;9;16;1;6;1999;38;1;4;4;1;1;16104503;2022-08-10;-4;
1;4;6;64;2;2;7;16;1;6;1981;58;1;2;2;1;1;16104505;2022-09-01;6;
3;7;6;58;1;1;7;16;1;4;1983;62;1;4;4;1;1;16104507;2022-09-28;-4;
1;6;7;50;2;2;7;16;1;6;1995;52;1;4;4;1;1;16104508;2022-09-28;-2;
3;7;6;28;2;2;13;16;8;3;2011;27;2;5;4;1;1;16104509;2022-09-28;1;
1;1;5;65;2;2;7;16;1;6;1979;69;2;1;3;1;1;16104510;2022-09-28;-4;
3;6;6;41;2;2;11;16;2;1;2000;49;1;4;4;1;1;16104601;2022-09-28;-8;
3;5;5;54;2;2;13;16;2;2;2020;55;1;3;4;1;1;16104604;2022-09-28;-1;
2;7;4;33;1;1;10;16;8;5;2020;28;1;3;4;1;1;16104606;2022-09-28;5;
3;6;7;51;2;2;10;16;1;4;1997;51;1;4;4;1;1;16104607;2022-09-29;0;
3;7;3;51;1;1;7;16;2;4;2020;50;1;3;3;1;1;16104608;2022-09-29;1;
2;5;6;81;2;2;9;16;1;2;1982;85;1;2;4;1;1;16104801;2022-10-17;-4;
2;4;1;87;2;2;8;16;1;3;1969;86;2;1;2;1;1;16105005;2022-10-05;1;
3;5;6;38;1;1;9;16;2;3;2012;35;2;4;4;1;1;16105008;2022-10-02;3;
1;6;5;64;2;2;9;16;1;6;1998;65;1;2;3;1;1;16105102;2022-08-10;-1;
3;7;7;44;2;2;13;16;8;4;2015;46;1;4;4;1;1;16105103;2022-08-10;-2;
1;6;4;53;2;2;9;16;6;6;2009;69;1;3;3;1;1;16105107;2022-09-02;-16;
1;6;5;49;2;2;9;16;1;6;2010;49;1;4;4;1;1;16105108;2022-09-03;0;
3;4;5;41;1;1;9;16;5;3;2019;45;1;4;3;1;1;16105109;2022-09-03;-4;
1;5;5;59;2;2;10;16;1;6;1987;59;1;2;4;1;1;16105110;2022-10-06;0;
3;7;7;49;1;1;9;16;1;4;2007;40;1;3;3;1;1;16105202;2022-09-29;9;
2;6;6;39;2;2;9;16;6;3;2005;50;1;3;4;1;1;16105204;2022-09-29;-11;
1;6;6;48;2;2;9;16;1;6;2015;51;1;2;4;1;1;16105207;2022-10-05;-3;
2;6;6;36;2;2;15;16;1;2;2010;41;1;5;5;1;1;16105209;2022-10-05;-5;
1;4;3;45;2;2;7;16;1;6;2004;45;1;4;3;1;1;16105502;2022-10-09;0;
3;2;7;77;1;1;7;16;1;3;1976;72;2;4;4;1;1;16105602;2022-08-19;5;
1;6;6;44;2;2;9;16;1;6;2003;50;1;3;5;1;1;16105702;2022-08-24;-6;
3;;7;75;2;2;13;16;1;2;1976;74;2;4;4;1;1;16105801;2022-09-25;1;
3;6;7;62;1;1;9;16;1;3;1986;60;2;5;4;1;1;16105807;2022-10-06;2;
1;6;6;55;2;2;7;16;8;;2010;58;1;3;3;1;1;16105809;2022-10-06;-3;
3;6;6;62;1;1;9;16;1;4;2009;55;1;4;4;1;1;16106001;2022-10-06;7;
2;2;6;79;2;2;6;16;1;2;1963;81;2;4;4;1;1;16106002;2022-10-06;-2;
1;6;5;56;2;2;15;16;1;1;1994;60;1;4;3;1;1;16106003;2022-10-06;-4;
3;6;6;34;2;2;9;16;2;3;2007;39;1;4;4;1;1;16106004;2022-10-06;-5;
1;6;3;56;2;2;13;16;1;5;1987;69;1;4;4;1;1;16106007;2022-10-06;-13;
1;6;7;68;2;2;7;16;1;5;1997;86;2;4;4;1;1;16106102;2022-08-17;-18;
1;3;6;62;2;2;9;16;1;1;1982;61;2;3;3;1;1;16106202;2022-10-10;1;
3;4;5;30;1;1;14;16;8;4;2014;28;1;4;4;1;1;16106203;2022-10-10;2;
2;7;3;42;2;2;9;16;1;3;1998;49;1;4;5;1;1;16106207;2022-10-13;-7;
3;1;6;69;1;1;9;16;1;3;1976;65;1;4;4;1;1;16106208;2022-10-13;4;
1;2;4;54;2;2;9;16;1;6;1984;54;1;3;2;1;1;16106209;2022-10-13;0;
3;5;6;20;1;1;9;16;8;4;2021;27;1;3;4;1;1;16106302;2022-10-03;-7;
3;7;7;65;1;1;9;16;1;4;1975;65;;4;4;1;1;16106304;2022-09-30;0;
3;6;7;45;2;2;13;16;6;3;2006;64;1;4;4;1;1;16106307;2022-09-30;-19;
3;5;5;48;1;1;12;16;1;2;1994;48;1;4;4;1;1;16106309;2022-10-05;0;
3;1;5;79;1;1;7;16;1;3;1960;70;2;2;3;1;1;16106503;2022-08-31;9;
3;5;5;33;1;1;12;16;2;2;2006;32;1;4;3;1;1;16106508;2022-08-25;1;
1;6;4;64;2;2;9;16;1;6;1992;53;1;4;4;1;1;16106509;2022-08-31;11;
1;7;4;53;2;2;9;16;1;6;1986;54;1;2;3;1;1;16106510;2022-08-31;-1;
3;7;1;40;2;2;15;16;1;3;2004;42;1;2;4;1;1;16106701;2022-09-02;-2;
3;4;7;67;2;2;15;16;1;5;1975;72;2;4;4;1;1;16106707;2022-09-02;-5;
3;6;6;29;2;2;15;16;8;4;2021;28;1;4;4;1;1;16106708;2022-09-12;1;
3;7;7;27;2;2;15;16;8;2;2016;31;1;5;4;1;1;16106710;2022-09-14;-4;
2;5;2;18;2;2;9;16;8;5;2020;21;1;4;4;1;1;16107002;2022-08-31;-3;
1;6;6;59;2;2;9;16;1;6;1990;59;1;3;4;1;1;16107003;2022-09-13;0;
3;1;5;82;1;1;9;16;1;5;1970;76;2;3;3;1;1;16107010;2022-08-31;6;
3;5;6;50;2;2;15;16;1;4;1992;55;1;4;4;1;1;16107401;2022-09-26;-5;
1;6;7;62;2;2;8;16;1;5;1974;73;;3;4;1;1;16107501;2022-10-10;-11;
3;7;6;54;2;2;8;16;1;2;1990;54;2;4;4;1;1;16107502;2022-10-10;0;
3;7;7;33;1;1;12;16;8;4;2012;34;1;4;4;1;1;16107503;2022-10-10;-1;
3;4;4;82;1;1;8;16;1;2;1967;81;;4;3;1;1;16107510;2022-10-11;1;
3;6;5;28;2;2;15;16;1;3;2018;28;1;4;4;1;1;16107702;2022-09-26;0;
3;7;7;65;2;2;14;16;1;4;1982;65;1;4;4;1;1;16107708;2022-09-26;0;
2;4;6;79;2;2;8;16;1;2;1955;76;2;3;4;1;1;16107709;2022-09-26;3;
3;6;7;54;2;2;11;16;1;2;1994;54;1;4;4;1;1;16107710;2022-09-26;0;
2;1;5;69;2;2;14;16;1;2;1975;77;2;4;4;1;1;16107902;2022-08-18;-8;
3;7;6;67;1;1;13;16;1;3;1977;71;1;4;4;1;1;16107905;2022-08-19;-4;
3;3;6;68;2;2;15;16;1;5;1980;65;2;4;4;1;1;16107906;2022-08-18;3;
3;7;4;45;2;2;7;16;1;4;2013;34;1;5;4;1;1;16107907;2022-08-18;11;
3;7;5;71;2;2;7;16;1;4;1977;77;2;4;4;1;1;16107908;2022-08-19;-6;
3;6;6;37;1;1;11;16;1;5;2015;39;1;4;4;1;1;16107910;2022-08-24;-2;
3;5;4;48;1;1;9;16;2;2;2019;26;1;4;3;1;1;16108003;2022-10-10;22;
3;7;7;54;1;1;12;16;1;4;1992;51;1;5;5;1;1;16108202;2022-10-07;3;
3;7;5;66;2;2;7;16;1;6;1973;70;;2;5;1;1;16108203;2022-10-08;-4;
3;7;7;49;1;1;15;16;2;5;1999;45;1;3;5;1;1;16108205;2022-10-08;4;
1;5;6;63;2;2;9;16;1;1;1992;53;1;3;4;1;1;16108208;2022-10-10;10;
1;7;5;34;2;2;7;16;1;6;2010;36;1;4;4;1;1;16108304;2022-10-07;-2;
3;5;4;58;1;1;9;16;2;4;2006;52;1;3;3;1;1;16108306;2022-10-14;6;
3;7;5;42;1;1;9;16;2;4;2019;39;1;4;4;1;1;16108309;2022-10-14;3;
2;4;4;31;2;2;9;16;8;3;2020;42;1;4;4;1;1;16108402;2022-10-08;-11;
2;5;4;30;1;1;13;16;2;3;2015;30;1;5;4;1;1;16108406;2022-10-08;0;
3;7;6;35;2;2;13;16;8;3;2010;37;1;3;3;1;1;16108501;2022-08-26;-2;
1;7;4;26;2;2;14;16;8;2;2022;40;1;3;4;1;1;16108502;2022-09-01;-14;
3;5;6;45;2;2;13;16;8;2;2020;29;1;3;3;1;1;16108503;2022-08-26;16;
1;7;7;55;2;2;9;16;1;6;1984;65;1;3;4;1;1;16108504;2022-09-01;-10;
3;2;5;27;2;2;9;16;8;2;2020;29;2;2;3;1;1;16108505;2022-08-26;-2;
3;5;5;25;2;2;15;16;8;3;2021;26;1;4;4;1;1;16108506;2022-09-01;-1;
1;7;7;27;2;2;9;16;1;6;2010;36;1;5;5;1;1;16108507;2022-08-26;-9;
3;3;3;44;2;2;15;16;1;3;2007;52;1;4;3;1;1;16108508;2022-09-01;-8;
2;7;5;36;2;2;8;16;8;;2016;26;1;3;3;1;1;16108604;2022-10-01;10;
3;5;7;71;2;2;7;16;1;3;1968;76;2;3;4;1;1;16108801;2022-09-29;-5;
1;7;7;67;2;2;9;16;1;1;1977;67;;4;4;1;1;16108803;2022-09-29;0;
3;7;6;30;1;1;15;16;8;3;2013;32;1;4;4;1;1;16108805;2022-09-29;-2;
1;7;7;55;2;2;9;16;1;6;1991;53;1;4;4;1;1;16109102;2022-08-10;2;
3;5;7;67;2;2;9;16;1;3;2020;72;2;4;4;1;1;16109107;2022-09-06;-5;
3;;6;85;1;1;1;16;1;3;1959;86;2;2;4;1;1;16109202;2022-10-14;-1;
3;1;7;86;1;1;8;16;1;5;2008;60;2;3;3;1;1;16109501;2022-08-27;26;
1;6;5;35;2;2;9;16;1;1;2012;32;1;4;4;1;1;16109502;2022-08-29;3;
1;6;6;63;2;2;13;16;1;1;1987;64;1;4;4;1;1;16109505;2022-08-29;-1;
2;6;7;68;2;2;9;16;6;1;1998;72;1;5;5;1;1;16109507;2022-08-27;-4;
3;7;7;77;1;1;15;16;1;5;1991;52;1;5;4;1;1;16109601;2022-08-12;25;
3;;6;77;2;2;7;16;1;3;1980;67;2;3;4;1;1;16109602;2022-08-12;10;
1;5;5;32;2;2;9;16;1;6;2010;32;1;3;3;1;1;16109605;2022-08-31;0;
3;6;6;51;2;2;9;16;5;2;1993;53;1;4;4;1;1;16109607;2022-08-17;-2;
1;6;5;30;2;2;9;16;8;2;2010;36;1;4;5;1;1;16110002;2022-09-09;-6;
3;5;5;30;1;1;13;16;8;5;2013;29;1;3;3;1;1;16110003;2022-10-07;1;
3;5;5;28;2;2;7;16;1;2;2015;37;1;4;3;1;1;16110005;2022-10-09;-9;
3;5;6;38;1;1;9;16;8;5;2012;37;2;4;4;1;1;16110102;2022-10-17;1;
3;4;5;47;1;1;9;16;1;1;2002;42;1;3;5;1;1;16110201;2022-10-09;5;
3;7;7;49;2;2;13;16;5;2;2010;57;1;4;4;1;1;16110202;2022-10-08;-8;
3;4;5;60;1;1;9;16;6;1;2006;41;1;3;3;1;1;16110210;2022-10-08;19;
1;7;7;42;2;2;9;16;1;2;2011;46;1;4;4;1;1;16110301;2022-08-18;-4;
2;7;6;48;2;2;12;16;1;3;2002;50;1;3;4;1;1;16110302;2022-08-24;-2;
3;7;4;35;2;2;9;16;2;3;2012;35;1;5;4;1;1;16110307;2022-10-06;0;
1;7;6;42;2;2;15;16;1;1;1997;51;1;3;5;1;1;16110402;2022-09-05;-9;
3;5;5;52;1;1;9;16;1;2;1991;52;1;4;4;1;1;16110403;2022-09-14;0;
1;7;7;55;2;2;11;16;1;6;1992;58;1;5;4;1;1;16110404;2022-09-20;-3;
3;7;5;39;1;1;13;16;1;4;2010;40;1;4;5;1;1;16110405;2022-09-20;-1;
1;6;6;58;2;2;7;16;1;3;1982;62;1;4;3;1;1;16110406;2022-09-30;-4;
3;6;5;45;2;2;11;16;1;4;2008;46;1;3;4;1;1;16110407;2022-09-30;-1;
1;5;7;62;2;2;8;16;1;6;1981;63;1;4;4;1;1;16110408;2022-10-05;-1;
3;7;4;25;2;2;13;16;8;4;2021;21;1;3;5;1;1;16110501;2022-10-03;4;
3;4;5;54;2;2;13;16;6;6;1998;52;1;4;4;1;1;16110505;2022-10-05;2;
3;6;6;67;2;2;8;16;1;3;1976;69;1;4;4;1;1;16110601;2022-10-06;-2;
2;5;5;66;2;2;15;16;1;1;1983;66;1;4;1;1;1;16110603;2022-08-22;0;
1;7;7;19;2;2;9;16;8;2;2021;21;1;5;5;1;1;16110604;2022-10-04;-2;
2;5;4;25;2;2;9;16;8;1;2012;34;1;3;3;1;1;16110607;2022-10-04;-9;
2;7;7;61;2;2;7;16;2;3;1993;63;1;4;4;1;1;16110801;2022-09-06;-2;
2;4;7;32;2;2;8;16;8;5;1990;32;1;3;3;1;1;16110803;2022-09-13;0;
2;;4;73;2;2;7;16;1;3;1971;85;2;2;3;1;1;16110901;2022-09-28;-12;
3;6;6;46;1;1;7;16;1;4;1998;42;1;4;4;1;1;16110903;2022-09-28;4;
1;;4;64;2;2;7;16;7;1;1979;60;2;2;4;1;1;16110905;2022-09-28;4;
3;4;4;52;1;1;7;16;1;5;1991;48;1;2;2;1;1;16110908;2022-09-29;4;
3;6;5;46;1;1;7;16;1;4;1994;42;1;3;3;1;1;16110910;2022-09-29;4;
3;3;7;67;2;2;9;16;1;2;1995;76;2;5;4;1;1;16111002;2022-10-17;-9;
1;5;6;62;1;1;8;16;1;5;1978;58;1;3;3;1;1;16111006;2022-10-18;4;
3;6;5;63;2;2;7;16;1;3;1978;75;;3;3;1;1;16111007;2022-10-18;-12;
3;2;2;68;1;1;7;16;1;4;1985;66;;2;2;1;1;16111101;2022-09-14;2;
3;;5;73;2;2;7;16;1;3;1970;73;2;2;4;1;1;16111102;2022-09-13;0;
3;5;5;35;2;2;15;16;8;4;2016;28;;4;3;1;1;16111103;2022-09-14;7;
3;4;3;61;2;2;9;16;5;3;2010;58;1;3;2;1;1;16111104;2022-09-14;3;
3;6;6;68;1;1;7;16;1;5;2004;48;1;4;4;1;1;16111105;2022-09-14;20;
1;7;7;34;2;2;9;16;1;2;2008;44;1;5;5;1;1;16111106;2022-09-14;-10;
2;;6;69;1;1;7;16;1;3;1992;77;2;3;3;1;1;16111109;2022-09-15;-8;
1;6;6;49;2;2;9;16;1;2;2003;57;1;3;4;1;1;16111110;2022-09-15;-8;
3;6;6;56;1;1;9;16;1;4;1988;51;1;4;4;1;1;16111201;2022-10-21;5;
;7;7;45;2;2;9;16;1;;1982;99;1;4;4;1;1;16111204;2022-10-21;-54;
2;7;7;69;1;1;9;16;1;3;1970;67;1;5;4;1;1;16111206;2022-10-21;2;
2;7;7;63;2;2;9;16;1;4;1980;70;;3;4;1;1;16111303;2022-10-22;-7;
3;;6;31;2;2;10;16;8;4;2009;37;1;4;4;1;1;16111304;2022-10-22;-6;
1;;5;28;2;2;9;16;8;4;2015;35;1;4;3;1;1;16111307;2022-10-22;-7;
2;6;5;61;1;1;7;16;1;3;1985;49;2;2;2;1;1;16111310;2022-10-22;12;
2;6;6;67;2;2;9;16;1;3;1987;74;1;3;4;1;1;16111402;2022-09-29;-7;
3;6;6;59;2;2;7;16;1;4;1992;64;2;3;3;1;1;16111403;2022-09-29;-5;
3;4;4;75;1;1;8;16;1;4;1970;68;2;1;4;1;1;16111404;2022-09-29;7;
3;7;7;26;1;1;13;16;8;4;2016;27;1;4;4;1;1;16111502;2022-10-23;-1;
3;5;5;48;1;1;7;16;1;4;2007;41;;4;4;1;1;16111506;2022-10-24;7;
3;;6;54;2;2;9;16;1;3;1994;55;1;4;3;1;1;16111508;2022-10-24;-1;
3;7;7;55;1;1;7;16;1;4;1993;54;1;2;3;1;1;16111509;2022-10-26;1;
3;7;7;42;1;1;9;16;8;4;2011;37;1;5;5;1;1;16111701;2022-10-24;5;
2;1;5;55;2;2;9;16;6;2;1996;55;;3;3;1;1;16111706;2022-10-26;0;
1;;7;25;2;2;9;16;8;3;2019;25;1;4;5;1;1;16111707;2022-10-26;0;
3;6;5;53;2;2;9;16;8;2;1993;53;1;4;4;1;1;16111709;2022-10-24;0;
3;3;6;43;2;1;9;16;8;2;2008;46;1;4;5;1;1;16111710;2022-10-26;-3;
3;5;5;30;2;2;9;16;8;3;2020;50;2;4;5;1;1;16112102;2022-10-27;-20;
1;2;3;58;2;2;7;16;1;1;1985;61;2;1;4;1;1;16112301;2022-09-06;-3;
3;7;7;66;1;1;7;16;1;3;1979;70;1;4;1;1;1;16112302;2022-09-06;-4;
3;6;3;62;1;1;7;16;1;;1983;60;1;2;5;1;1;16112304;2022-09-13;2;
2;7;7;50;1;1;9;16;1;3;1998;42;1;3;5;1;1;16112510;2022-10-20;8;
2;6;6;47;2;2;9;16;1;2;1991;49;1;3;4;1;1;16112604;2022-09-05;-2;
2;6;6;37;2;2;14;16;1;2;2004;37;1;4;4;1;1;16112605;2022-09-05;0;
2;6;5;30;2;2;9;16;1;2;2007;31;1;3;3;1;1;16112607;2022-09-05;-1;
2;5;6;63;2;2;9;16;1;3;1980;64;1;4;5;1;1;16112609;2022-10-20;-1;
3;7;7;73;1;1;7;16;1;4;1975;80;1;4;5;1;1;16112610;2022-10-20;-7;
2;7;7;56;2;2;8;16;1;4;1992;55;1;4;4;1;1;16112702;2022-09-05;1;
3;7;7;59;1;1;8;16;8;3;1992;59;1;4;4;1;1;16112706;2022-09-05;0;
2;7;7;32;2;2;9;16;1;3;1992;38;1;5;4;1;1;16112707;2022-09-05;-6;
3;5;7;73;1;1;11;16;1;4;1976;80;2;4;4;1;1;16113103;2022-11-01;-7;
2;6;5;31;1;1;9;16;1;4;2015;35;2;4;4;1;1;16113105;2022-11-01;-4;
3;7;7;31;1;1;9;16;8;4;2017;35;2;4;4;1;1;16113107;2022-11-01;-4;
2;1;2;58;2;2;9;16;6;2;2001;41;2;3;3;1;1;16113108;2022-11-01;17;
3;7;7;49;2;2;11;16;1;4;1993;55;1;4;4;1;1;16113109;2022-11-01;-6;
3;7;6;32;1;1;15;16;8;3;2022;30;1;5;4;1;1;16113201;2022-09-01;2;
3;5;5;41;2;2;9;16;1;2;1997;47;2;2;5;1;1;16113304;2022-10-31;-6;
2;5;7;62;2;2;9;16;1;2;1980;29;2;4;5;1;1;16113307;2022-10-31;33;
3;5;6;36;1;1;9;16;8;4;2017;28;1;5;4;1;1;16113308;2022-10-31;8;
3;1;2;71;1;1;8;16;1;3;1983;60;2;1;1;1;1;16113504;2022-10-20;11;
1;7;4;55;2;1;14;16;1;6;1989;59;1;4;4;1;1;16113505;2022-10-20;-4;
3;5;7;35;1;1;9;16;2;2;2013;37;1;3;4;1;1;16113506;2022-10-21;-2;
3;5;4;27;2;2;13;16;8;1;2019;27;1;3;4;1;1;16113507;2022-10-21;0;
3;7;6;35;2;2;15;16;2;2;2020;37;1;5;5;1;1;16113601;2022-10-23;-2;
3;6;6;25;1;1;12;16;8;4;2018;22;1;4;4;1;1;16113603;2022-10-24;3;
1;5;2;65;2;2;7;16;1;6;1981;65;2;4;4;1;1;16113604;2022-10-24;0;
3;4;6;38;1;1;14;16;1;4;2013;37;1;4;4;1;1;16113605;2022-10-24;1;
2;5;5;66;2;2;11;16;2;1;2022;60;1;4;4;1;1;16113606;2022-10-21;6;
1;7;5;43;2;2;7;16;1;1;1997;53;1;4;4;1;1;16113607;2022-10-21;-10;
2;7;6;67;2;2;10;16;1;4;1975;79;1;3;4;1;1;16113609;2022-10-22;-12;
1;7;7;77;2;2;7;16;1;1;1975;65;2;3;4;1;1;16113703;2022-10-24;12;
2;5;7;64;2;2;7;16;2;2;2000;87;2;3;3;1;1;16113705;2022-10-24;-23;
3;7;7;62;1;1;7;16;1;1;1995;61;2;5;5;1;1;16113706;2022-10-24;1;
1;6;5;49;2;2;6;16;1;6;1989;58;1;3;3;1;1;16113801;2022-10-19;-9;
3;6;5;63;1;1;9;16;5;3;2010;79;1;3;4;1;1;16113806;2022-10-20;-16;
3;5;6;33;2;2;15;16;8;3;2018;32;2;4;4;1;1;16113901;2022-10-19;1;
3;6;6;50;1;1;11;16;8;5;2013;49;1;5;5;1;1;16113903;2022-10-20;1;
3;7;7;32;1;1;15;16;1;5;2016;37;1;5;4;1;1;16113908;2022-10-20;-5;
;7;7;56;1;1;9;16;2;;1998;57;1;3;4;1;1;16114002;2022-10-19;-1;
3;7;7;53;2;2;9;16;1;3;2001;66;1;2;4;1;1;16114003;2022-10-19;-13;
3;7;7;25;2;2;9;16;8;3;2018;31;1;5;5;1;1;16114007;2022-10-19;-6;
3;7;3;23;2;2;12;16;8;3;2020;27;1;3;4;1;1;16114203;2022-10-31;-4;
1;7;5;45;2;2;14;16;1;6;1997;55;1;2;4;1;1;16114208;2022-10-31;-10;
2;7;6;73;2;2;7;16;1;2;1965;74;2;3;3;1;1;16114301;2022-11-01;-1;
3;5;5;58;2;2;13;16;1;3;2020;52;2;3;5;1;1;16114302;2022-11-01;6;
3;;6;73;1;1;10;16;1;3;1971;73;1;4;4;1;1;16114401;2022-10-28;0;
1;;6;84;2;2;8;16;1;3;1962;87;2;4;4;1;1;16114402;2022-10-28;-3;
1;6;6;65;2;2;9;16;1;6;1974;70;1;4;4;1;1;16114403;2022-10-28;-5;
3;7;6;42;2;2;9;16;1;3;2018;38;1;3;4;1;1;16114407;2022-10-28;4;
3;6;6;36;2;2;9;16;8;3;2005;43;1;4;4;1;1;16114501;2022-10-22;-7;
2;7;5;52;2;2;9;16;1;3;2017;46;1;3;4;1;1;16114505;2022-10-23;6;
3;7;6;40;2;2;7;16;2;;2018;51;1;3;4;1;1;16114508;2022-10-24;-11;
3;6;6;35;1;1;15;16;1;5;2015;30;1;4;4;1;1;16114602;2022-10-24;5;
3;7;7;67;2;2;14;16;1;3;1974;69;1;4;5;1;1;16114605;2022-10-27;-2;
;7;6;79;1;1;6;16;1;;1965;75;2;4;3;1;1;16114702;2022-10-20;4;
3;7;6;45;2;2;9;16;1;3;2009;45;2;2;4;1;1;16114705;2022-10-20;0;
3;7;7;46;1;1;7;16;1;5;1998;47;1;4;4;1;1;16114802;2022-10-31;-1;
3;6;7;42;1;1;7;16;2;4;2018;41;1;4;4;1;1;16114806;2022-10-31;1;
3;6;6;76;1;1;9;16;8;3;1972;82;1;5;3;1;1;16114902;2022-10-27;-6;
3;6;6;71;1;1;7;16;1;3;1980;69;1;4;3;1;1;16114903;2022-10-27;2;
3;3;5;62;2;2;7;16;1;6;1980;99;2;2;3;1;1;16114906;2022-10-27;-37;
1;7;5;58;2;2;16;16;1;6;1986;63;1;3;4;1;1;16115001;2022-10-21;-5;
2;4;5;47;2;2;10;16;1;2;2004;51;1;3;3;1;1;16115002;2022-10-22;-4;
3;6;6;50;1;1;11;16;1;4;2004;50;2;4;4;1;1;16115005;2022-10-27;0;
1;6;5;32;2;2;9;16;1;2;2018;38;1;3;4;1;1;16115008;2022-10-22;-6;
2;7;6;39;1;1;9;16;1;4;2008;38;1;5;4;1;1;16115009;2022-10-22;1;
1;6;5;57;2;2;7;16;1;1;1991;53;1;3;5;1;1;16115010;2022-10-22;4;
1;4;5;54;2;2;7;16;2;2;2006;54;1;2;2;1;1;16115101;2022-10-21;0;
3;6;7;27;2;2;15;16;2;3;2019;31;1;4;4;1;1;16115201;2022-10-27;-4;
3;5;7;52;1;1;9;16;6;3;2013;47;1;4;4;1;1;16115301;2022-10-21;5;
3;5;6;35;1;1;15;16;1;4;2012;32;1;4;4;1;1;16115302;2022-10-21;3;
3;5;5;60;1;1;13;16;1;5;1992;49;1;4;3;1;1;16115303;2022-10-21;11;
3;4;5;28;2;2;15;16;2;3;2022;27;1;5;4;1;1;16115304;2022-10-21;1;
1;3;4;27;1;1;7;16;1;6;2022;27;1;4;4;1;1;16115308;2022-10-24;0;
1;5;5;52;2;2;13;16;1;6;2000;51;1;4;4;1;1;16115401;2022-09-26;1;
3;7;5;40;1;6;14;16;3;3;2005;41;;4;4;1;1;16115501;2022-10-27;-1;
;1;1;47;1;1;7;16;8;;2019;40;1;3;3;1;1;16115503;2022-10-28;7;
1;4;6;53;2;2;9;16;1;5;1999;53;1;4;3;1;1;16115603;2022-10-18;0;
3;1;6;64;1;1;9;16;1;4;1986;64;2;3;4;1;1;16115606;2022-10-18;0;
3;5;7;41;1;1;9;16;2;6;2000;38;1;3;3;1;1;16115706;2022-10-24;3;
3;;7;65;2;2;12;16;1;3;1987;75;2;4;4;1;1;16115707;2022-10-24;-10;
2;7;5;54;2;2;13;16;2;6;2021;34;1;5;4;1;1;16115801;2022-10-21;20;
3;1;1;55;2;2;8;16;1;2;1992;55;2;3;2;1;1;16115805;2022-10-23;0;
3;5;5;33;1;1;15;16;8;2;2013;30;1;4;4;1;1;16115902;2022-10-10;3;
1;7;6;28;2;2;12;16;2;1;2021;28;1;5;4;1;1;16116001;2022-10-08;0;
3;6;6;80;1;1;8;16;1;;1990;82;;4;3;1;1;16116002;2022-10-08;-2;
3;5;6;69;1;1;14;16;1;4;1975;59;1;4;4;1;1;16116008;2022-10-06;10;
1;4;5;64;2;2;11;16;1;6;1980;74;2;4;4;1;1;16116101;2022-10-24;-10;
3;5;5;35;2;2;17;16;3;3;2017;23;1;5;5;1;1;16116201;2022-10-10;12;
3;6;6;53;2;2;15;16;8;4;2021;63;1;4;3;1;1;16116202;2022-10-10;-10;
1;4;6;43;2;2;11;16;8;2;2001;45;2;3;4;1;1;16116203;2022-10-10;-2;
3;4;5;58;2;2;9;16;1;4;1991;56;1;3;3;1;1;16116301;2022-10-12;2;
;5;6;54;2;2;9;16;1;;2005;54;1;4;4;1;1;16116302;2022-10-12;0;
3;6;6;43;1;1;13;16;8;5;2021;30;1;4;4;1;1;16116304;2022-10-24;13;
3;7;6;30;2;2;9;16;2;3;2016;40;1;3;3;1;1;16116305;2022-10-07;-10;
2;7;7;23;2;2;9;16;8;1;2020;25;1;4;4;1;1;16116401;2022-09-23;-2;
1;7;7;57;2;2;9;16;1;4;1996;58;1;3;4;1;1;16116407;2022-09-23;-1;
3;7;7;57;1;1;9;16;1;5;1998;55;1;4;4;1;1;16116501;2022-10-03;2;
3;4;6;58;2;2;9;16;1;4;1991;56;1;4;4;1;1;16116509;2022-10-14;2;
3;7;7;42;1;1;8;16;1;1;1991;40;1;5;4;1;1;16116605;2022-08-14;2;
1;7;7;33;1;1;8;16;2;5;1999;33;1;4;4;1;1;16116701;2022-08-15;0;
3;2;3;44;2;2;7;16;1;5;1998;45;1;2;3;1;1;16116801;2022-10-25;-1;
1;4;7;52;2;2;7;16;1;1;1985;57;1;4;4;1;1;16116802;2022-10-25;-5;
3;7;7;73;1;1;15;16;1;4;1995;52;1;4;4;1;1;16117001;2022-10-25;21;
3;7;5;44;1;1;7;16;8;2;2005;45;1;3;3;1;1;16117006;2022-10-25;-1;
3;3;5;50;1;1;9;16;1;4;1991;51;1;4;4;1;1;16117205;2022-08-26;-1;
3;6;5;77;2;2;1;16;1;3;1976;83;2;3;3;1;1;16117305;2022-10-25;-6;
2;1;6;50;2;2;7;16;1;2;1990;62;2;3;4;1;1;16117310;2022-10-10;-12;
2;5;5;53;2;2;9;16;8;3;2011;48;1;4;3;1;1;16117401;2022-10-25;5;
2;6;7;58;2;2;9;16;1;3;1988;60;1;3;4;1;1;16117403;2022-10-25;-2;
3;7;7;49;1;1;8;16;1;4;1996;51;1;4;4;1;1;16117404;2022-10-25;-2;
1;5;4;59;2;2;9;16;2;6;2022;59;2;3;4;1;1;16117408;2022-10-25;0;
3;7;5;34;1;1;9;16;2;5;2021;27;1;4;4;1;1;16117502;2022-10-25;7;
2;1;5;87;2;2;7;16;1;3;1960;84;1;2;4;1;1;16117504;2022-10-25;3;
1;1;7;46;2;2;7;16;7;2;2014;43;2;3;3;1;1;16117506;2022-10-25;3;
2;5;5;54;2;2;9;16;1;1;1992;61;1;4;4;1;1;16117507;2022-10-25;-7;
3;7;6;30;1;1;9;16;8;4;2016;31;1;3;4;1;1;16117601;2022-10-25;-1;
1;1;1;70;2;2;11;16;1;6;1982;77;2;2;1;1;1;16117604;2022-10-25;-7;
1;7;4;42;2;2;7;16;1;6;2001;43;1;3;4;1;1;16117701;2022-10-30;-1;
3;7;7;45;2;2;14;16;6;3;2014;34;1;4;4;1;1;16117703;2022-10-30;11;
1;6;5;40;2;2;9;16;1;6;2001;47;1;4;4;1;1;16117705;2022-10-30;-7;
1;6;5;23;2;2;9;16;8;6;2019;21;1;4;4;1;1;16117706;2022-10-30;2;
1;;6;66;2;2;7;16;8;6;1986;68;;2;4;1;1;16117708;2022-10-30;-2;
3;6;4;25;1;1;9;16;1;4;2020;18;1;4;4;1;1;16117710;2022-10-30;7;
2;7;7;37;2;2;9;16;8;5;2006;35;1;4;4;1;1;16117802;2022-10-25;2;
3;5;6;79;2;2;8;16;1;3;1962;85;2;2;3;1;1;16117803;2022-10-25;-6;
;7;5;73;1;1;7;16;1;;1971;73;;3;3;1;1;16117807;2022-10-25;0;
2;7;7;31;1;1;9;16;1;3;2015;29;1;5;3;1;1;16117808;2022-10-25;2;
3;7;7;33;2;2;9;16;8;1;2019;39;1;4;4;1;1;16117809;2022-10-25;-6;
3;6;7;54;2;2;7;16;2;2;2010;45;1;4;4;1;1;16117901;2022-10-25;9;
3;5;6;33;2;2;13;16;8;3;2014;40;1;4;4;1;1;16117902;2022-10-25;-7;
3;5;5;68;1;1;7;16;1;;2003;64;2;3;4;1;1;16117907;2022-10-25;4;
3;6;6;37;1;1;9;16;2;;2008;35;1;4;4;1;1;16117908;2022-10-25;2;
3;5;6;50;2;2;7;16;1;;1992;56;2;2;3;1;1;16117909;2022-10-25;-6;
3;6;6;47;1;1;11;16;1;6;2000;46;1;4;2;1;1;16118201;2022-10-25;1;
3;4;7;51;2;2;7;16;7;4;2018;61;1;4;3;1;1;16118202;2022-10-25;-10;
1;7;6;63;2;2;7;16;5;6;1982;58;1;4;4;1;1;16118203;2022-10-25;5;
3;4;7;63;1;1;7;16;1;3;1995;55;1;4;3;1;1;16118205;2022-10-25;8;
3;6;2;75;2;2;7;16;1;6;1964;78;2;1;4;1;1;16118206;2022-10-25;-3;
1;6;6;30;2;2;13;16;8;;2012;38;1;4;3;1;1;16118209;2022-10-25;-8;
3;4;6;29;2;2;13;16;8;3;2019;29;1;4;4;1;1;16118303;2022-10-25;0;
1;4;7;55;1;1;7;16;8;2;2006;36;2;3;4;1;1;16118407;2022-10-08;19;
1;5;4;36;2;2;9;16;8;6;2004;52;2;3;3;1;1;16118409;2022-10-08;-16;
3;7;7;32;2;2;15;16;1;3;2013;38;1;4;4;1;1;16118501;2022-10-25;-6;
3;6;5;49;1;1;13;16;1;4;2002;47;1;4;4;1;1;16118502;2022-10-25;2;
3;6;7;70;1;1;9;16;1;4;1981;68;1;3;4;1;1;16118503;2022-10-25;2;
2;6;6;30;2;2;9;16;1;1;2019;42;1;3;4;1;1;16118504;2022-10-25;-12;
3;6;2;25;2;2;11;16;1;2;2018;24;1;4;3;1;1;16118508;2022-10-25;1;
3;7;6;48;1;1;15;16;1;4;2010;53;1;4;4;1;1;16118602;2022-10-25;-5;
3;6;5;64;2;2;7;16;8;3;1999;60;2;4;4;1;1;16118603;2022-10-25;4;
3;5;5;42;1;1;7;16;8;2;2005;46;1;4;3;1;1;16118604;2022-10-25;-4;
2;6;6;53;2;2;13;16;2;3;2010;50;1;4;4;1;1;16118606;2022-10-25;3;
2;6;6;49;1;1;9;16;1;2;2008;34;1;4;4;1;1;16118607;2022-10-25;15;
3;7;5;22;2;2;9;16;8;2;2021;22;1;4;5;1;1;16118610;2022-10-25;0;
3;4;6;65;2;2;9;16;1;3;1977;70;1;4;3;1;1;16118705;2022-10-30;-5;
3;1;5;62;2;2;7;16;2;2;1990;40;2;2;3;1;1;16118708;2022-10-30;22;
3;4;6;46;2;2;7;16;2;2;2005;49;2;3;3;1;1;16118801;2022-10-30;-3;
3;7;6;25;1;1;11;16;2;5;2019;25;1;5;4;1;1;16118802;2022-10-30;0;
3;5;3;73;1;1;7;16;1;3;1970;67;2;2;2;1;1;16118805;2022-10-30;6;
2;4;7;64;2;2;8;16;1;4;1976;77;1;4;4;1;1;16118807;2022-10-25;-13;
3;7;6;28;2;2;7;16;2;3;2019;23;1;4;3;1;1;16118808;2022-10-30;5;
2;6;5;47;2;2;9;16;1;1;2003;47;1;4;4;1;1;16118901;2022-10-30;0;
1;7;7;19;2;2;9;16;2;1;2020;23;1;4;5;1;1;16118903;2022-10-30;-4;
3;7;5;28;2;2;9;16;2;3;2020;35;1;5;5;1;1;16118904;2022-10-30;-7;
3;7;7;74;1;1;7;16;1;3;1970;73;1;4;5;1;1;16118907;2022-10-30;1;
3;7;7;39;2;2;13;16;1;;2018;37;2;3;4;1;1;16118908;2022-10-30;2;
2;7;7;39;1;1;11;16;1;2;2014;38;1;5;5;1;1;16119003;2022-08-29;1;
2;4;1;68;2;2;7;16;8;1;2002;20;2;1;1;1;1;16119101;2022-08-10;48;
1;7;7;50;2;2;8;16;1;1;1993;52;1;4;4;1;1;16119106;2022-08-18;-2;
2;7;7;24;2;2;9;16;2;4;2018;30;1;4;4;1;1;16119301;2022-08-28;-6;
3;7;7;58;1;1;15;16;1;2;1982;53;1;5;5;1;1;16119307;2022-08-28;5;
2;7;7;37;2;2;8;16;1;4;1992;38;1;4;5;1;1;16119410;2022-08-28;-1;
2;7;7;65;2;2;8;16;1;5;1982;72;1;4;5;1;1;16119501;2022-08-26;-7;
3;7;7;38;2;2;11;16;2;2;1990;38;1;5;5;1;1;16119708;2022-08-27;0;
3;2;7;20;2;2;8;16;7;3;2019;53;2;5;4;1;1;16119709;2022-09-03;-33;
3;5;6;67;1;1;1;16;1;;1978;64;2;3;3;1;1;16119801;2022-08-20;3;
3;6;6;58;1;1;9;16;2;3;2011;43;1;4;4;1;1;16119802;2022-08-20;15;
3;5;5;64;2;2;1;16;1;3;1999;67;2;3;4;1;1;16119805;2022-08-20;-3;
3;5;7;19;2;2;11;16;8;6;2020;18;1;5;4;1;1;16119901;2022-08-11;1;
2;5;7;30;2;2;10;16;8;3;1999;31;1;5;5;1;1;16120001;2022-08-29;-1;
2;6;7;30;2;2;15;16;8;3;2000;31;1;4;5;1;1;16120010;2022-08-31;-1;
3;4;5;46;2;2;8;16;2;3;2000;48;;3;3;1;1;16120205;2022-08-25;-2;
2;2;7;30;2;2;9;16;6;1;2021;25;1;5;4;1;1;16120601;2022-08-28;5;
2;4;7;50;2;2;10;16;6;1;2018;56;1;3;3;1;1;16120706;2022-08-24;-6;
3;7;7;19;1;1;11;16;2;6;2021;99;1;5;5;1;1;16120901;2022-08-12;-80;
3;6;4;39;2;2;9;16;8;3;2000;46;2;4;;1;1;16120908;2022-08-22;-7;
1;6;6;39;2;2;7;16;1;1;2000;44;1;4;5;1;1;16121002;2022-09-26;-5;
1;4;5;54;2;2;7;16;1;1;1980;60;1;5;4;1;1;16121006;2022-09-26;-6;
